pair_id,definition_id,ddinter_id_a,drug_a,drugbank_id_a,ddinter_id_b,drug_b,drugbank_id_b,severity,mechanism,pair_key,detail_url,scraped_at
957495,3871,DDInter108,Apixaban,,DDInter900,Ibuprofen,,Major,Synergy,DDInter108|DDInter900,https://ddinter.scbdd.com/ddinter/interact/957495/,2026-09-09T16:49:23+00:00
957584,3602,DDInter672,Escitalopram,,DDInter900,Ibuprofen,,Moderate,Synergy,DDInter672|DDInter900,https://ddinter.scbdd.com/ddinter/interact/957584/,2026-09-09T16:51:40+00:00
957651,165,DDInter1055,Levofloxacin,,DDInter900,Ibuprofen,,Moderate,Synergy,DDInter1055|DDInter900,https://ddinter.scbdd.com/ddinter/interact/957651/,2026-09-09T16:51:10+00:00
957747,1331,DDInter1607,Ritonavir,DB00503,DDInter900,Ibuprofen,DB01050,Minor,Metabolism,DDInter1607|DDInter900,https://ddinter.scbdd.com/ddinter/interact/957747,2026-09-09T10:10:56+00:00
957748,1668,DDInter1609,Rivaroxaban,,DDInter900,Ibuprofen,,Major,Synergy,DDInter1609|DDInter900,https://ddinter.scbdd.com/ddinter/interact/957748/,2026-09-09T16:51:55+00:00
957772,5358,DDInter1802,Ticagrelor,,DDInter900,Ibuprofen,,Moderate,Synergy,DDInter1802|DDInter900,https://ddinter.scbdd.com/ddinter/interact/957772/,2026-09-09T16:52:05+00:00
962869,1264,DDInter554,Digoxin,DB00390,DDInter790,Furosemide,DB00695,Moderate,Synergy,DDInter554|DDInter790,https://ddinter.scbdd.com/ddinter/interact/962869,2026-09-09T10:09:40+00:00
964394,1264,DDInter554,Digoxin,DB00390,DDInter883,Hydrochlorothiazide,DB00999,Moderate,Synergy,DDInter554|DDInter883,https://ddinter.scbdd.com/ddinter/interact/964394,2026-09-09T10:09:40+00:00
964414,5419,DDInter672,Escitalopram,,DDInter883,Hydrochlorothiazide,,Moderate,Synergy,DDInter672|DDInter883,https://ddinter.scbdd.com/ddinter/interact/964414/,2026-09-09T16:54:31+00:00
964433,1297,DDInter825,Glimepiride,DB00222,DDInter883,Hydrochlorothiazide,DB00999,Moderate,Antagonism,DDInter825|DDInter883,https://ddinter.scbdd.com/ddinter/interact/964433,2026-09-09T10:10:13+00:00
965309,1297,DDInter1164,Metformin,DB00331,DDInter118,Aripiprazole,DB01238,Moderate,Antagonism,DDInter1164|DDInter118,https://ddinter.scbdd.com/ddinter/interact/965309,2026-09-09T10:10:13+00:00
965354,1297,DDInter1164,Metformin,DB00331,DDInter513,Dexamethasone,DB01234,Moderate,Antagonism,DDInter1164|DDInter513,https://ddinter.scbdd.com/ddinter/interact/965354,2026-09-09T10:10:13+00:00
965438,1374,DDInter1055,Levofloxacin,,DDInter1164,Metformin,,Moderate,Antagonism,DDInter1055|DDInter1164,https://ddinter.scbdd.com/ddinter/interact/965438/,2026-09-09T16:54:42+00:00
965476,1297,DDInter1164,Metformin,DB00331,DDInter1326,Olanzapine,DB00334,Moderate,Antagonism,DDInter1164|DDInter1326,https://ddinter.scbdd.com/ddinter/interact/965476,2026-09-09T10:10:13+00:00
965495,1297,DDInter1460,Phenytoin,DB00252,DDInter1164,Metformin,DB00331,Moderate,Antagonism,DDInter1164|DDInter1460,https://ddinter.scbdd.com/ddinter/interact/965495,2026-09-09T10:10:13+00:00
965506,1297,DDInter1164,Metformin,DB00331,DDInter1553,Quetiapine,DB01224,Moderate,Antagonism,DDInter1164|DDInter1553,https://ddinter.scbdd.com/ddinter/interact/965506,2026-09-09T10:10:13+00:00
965516,1297,DDInter1164,Metformin,DB00331,DDInter1605,Risperidone,DB00734,Moderate,Antagonism,DDInter1164|DDInter1605,https://ddinter.scbdd.com/ddinter/interact/965516,2026-09-09T10:10:13+00:00
965517,1297,DDInter1164,Metformin,DB00331,DDInter1607,Ritonavir,DB00503,Moderate,Antagonism,DDInter1164|DDInter1607,https://ddinter.scbdd.com/ddinter/interact/965517,2026-09-09T10:10:13+00:00
965529,1297,DDInter1164,Metformin,DB00331,DDInter1735,Tacrolimus,DB00864,Moderate,Antagonism,DDInter1164|DDInter1735,https://ddinter.scbdd.com/ddinter/interact/965529,2026-09-09T10:10:13+00:00
968669,2670,DDInter108,Apixaban,,DDInter76,Amiodarone,,Moderate,Metabolism,DDInter108|DDInter76,https://ddinter.scbdd.com/ddinter/interact/968669/,2026-09-09T16:54:45+00:00
968674,5141,DDInter118,Aripiprazole,,DDInter76,Amiodarone,,Moderate,Metabolism,DDInter118|DDInter76,https://ddinter.scbdd.com/ddinter/interact/968674/,2026-09-09T16:54:57+00:00
968831,363,DDInter672,Escitalopram,,DDInter76,Amiodarone,,Major,Synergy,DDInter672|DDInter76,https://ddinter.scbdd.com/ddinter/interact/968831/,2026-09-09T16:57:42+00:00
968916,5547,DDInter76,Amiodarone,,DDInter995,Itraconazole,,Major,Metabolism,DDInter76|DDInter995,https://ddinter.scbdd.com/ddinter/interact/968916/,2026-09-09T16:56:10+00:00
968943,4343,DDInter1055,Levofloxacin,,DDInter76,Amiodarone,,Major,Synergy,DDInter1055|DDInter76,https://ddinter.scbdd.com/ddinter/interact/968943/,2026-09-09T16:58:32+00:00
969117,255,DDInter1607,Ritonavir,,DDInter76,Amiodarone,,Major,Metabolism,DDInter1607|DDInter76,https://ddinter.scbdd.com/ddinter/interact/969117/,2026-09-09T16:56:58+00:00
969118,4806,DDInter1609,Rivaroxaban,,DDInter76,Amiodarone,,Moderate,Metabolism,DDInter1609|DDInter76,https://ddinter.scbdd.com/ddinter/interact/969118/,2026-09-09T16:57:49+00:00
969186,1104,DDInter1791,Theophylline,DB00277,DDInter76,Amiodarone,DB01118,Moderate,Metabolism,DDInter1791|DDInter76,https://ddinter.scbdd.com/ddinter/interact/969186,2026-09-09T10:06:05+00:00
969191,4576,DDInter1802,Ticagrelor,,DDInter76,Amiodarone,,Moderate,Metabolism,DDInter1802|DDInter76,https://ddinter.scbdd.com/ddinter/interact/969191/,2026-09-09T16:58:21+00:00
970152,2670,DDInter108,Apixaban,,DDInter79,Amlodipine,,Moderate,Metabolism,DDInter108|DDInter79,https://ddinter.scbdd.com/ddinter/interact/970152/,2026-09-09T16:58:28+00:00
970236,5630,DDInter474,Dapagliflozin,,DDInter79,Amlodipine,,Moderate,Synergy,DDInter474|DDInter79,https://ddinter.scbdd.com/ddinter/interact/970236/,2026-09-09T16:58:57+00:00
970503,137,DDInter79,Amlodipine,DB00381,DDInter1802,Ticagrelor,DB08816,Minor,Others,DDInter1802|DDInter79,https://ddinter.scbdd.com/ddinter/interact/970503,2026-09-09T10:11:27+00:00
971623,1024,DDInter1174,Methotrexate,DB00563,DDInter83,Amoxicillin,DB01060,Major,Excretion,DDInter1174|DDInter83,https://ddinter.scbdd.com/ddinter/interact/971623,2026-09-09T10:04:33+00:00
971636,1011,DDInter1951,Warfarin,DB00682,DDInter83,Amoxicillin,DB01060,Moderate,Synergy,DDInter1951|DDInter83,https://ddinter.scbdd.com/ddinter/interact/971636,2026-09-09T10:04:27+00:00
977637,1297,DDInter118,Aripiprazole,DB01238,DDInter474,Dapagliflozin,DB06292,Moderate,Antagonism,DDInter118|DDInter474,https://ddinter.scbdd.com/ddinter/interact/977637,2026-09-09T10:10:13+00:00
977687,1297,DDInter118,Aripiprazole,DB01238,DDInter636,Empagliflozin,DB09038,Moderate,Antagonism,DDInter118|DDInter636,https://ddinter.scbdd.com/ddinter/interact/977687,2026-09-09T10:10:13+00:00
977723,1101,DDInter758,Fluoxetine,DB00472,DDInter118,Aripiprazole,DB01238,Moderate,Metabolism,DDInter118|DDInter758,https://ddinter.scbdd.com/ddinter/interact/977723,2026-09-09T10:06:02+00:00
977731,1297,DDInter825,Glimepiride,DB00222,DDInter118,Aripiprazole,DB01238,Moderate,Antagonism,DDInter118|DDInter825,https://ddinter.scbdd.com/ddinter/interact/977731,2026-09-09T10:10:13+00:00
977903,1064,DDInter1326,Olanzapine,DB00334,DDInter118,Aripiprazole,DB01238,Moderate,Synergy,DDInter118|DDInter1326,https://ddinter.scbdd.com/ddinter/interact/977903,2026-09-09T10:05:26+00:00
977983,1064,DDInter1553,Quetiapine,DB01224,DDInter118,Aripiprazole,DB01238,Moderate,Synergy,DDInter118|DDInter1553,https://ddinter.scbdd.com/ddinter/interact/977983,2026-09-09T10:05:26+00:00
978001,1064,DDInter1605,Risperidone,DB00734,DDInter118,Aripiprazole,DB01238,Moderate,Synergy,DDInter118|DDInter1605,https://ddinter.scbdd.com/ddinter/interact/978001,2026-09-09T10:05:26+00:00
981125,1349,DDInter216,Bisoprolol,DB00612,DDInter20,Acetylsalicylic acid,DB00945,Minor,Antagonism,DDInter20|DDInter216,https://ddinter.scbdd.com/ddinter/interact/981125,2026-09-09T10:11:13+00:00
981140,1349,DDInter20,Acetylsalicylic acid,DB00945,DDInter305,Carvedilol,DB01136,Minor,Antagonism,DDInter20|DDInter305,https://ddinter.scbdd.com/ddinter/interact/981140,2026-09-09T10:11:13+00:00
981458,1149,DDInter743,Fluconazole,DB00196,DDInter1340,Omeprazole,DB00338,Moderate,Metabolism,DDInter1340|DDInter743,https://ddinter.scbdd.com/ddinter/interact/981458,2026-09-09T10:06:45+00:00
986424,1297,DDInter513,Dexamethasone,DB01234,DDInter474,Dapagliflozin,DB06292,Moderate,Antagonism,DDInter474|DDInter513,https://ddinter.scbdd.com/ddinter/interact/986424,2026-09-09T10:10:13+00:00
986473,1297,DDInter513,Dexamethasone,DB01234,DDInter636,Empagliflozin,DB09038,Moderate,Antagonism,DDInter513|DDInter636,https://ddinter.scbdd.com/ddinter/interact/986473,2026-09-09T10:10:13+00:00
986529,1297,DDInter825,Glimepiride,DB00222,DDInter513,Dexamethasone,DB01234,Moderate,Antagonism,DDInter513|DDInter825,https://ddinter.scbdd.com/ddinter/interact/986529,2026-09-09T10:10:13+00:00
992305,1141,DDInter825,Glimepiride,DB00222,DDInter216,Bisoprolol,DB00612,Moderate,Others,DDInter216|DDInter825,https://ddinter.scbdd.com/ddinter/interact/992305,2026-09-09T10:06:50+00:00
992518,137,DDInter216,Bisoprolol,DB00612,DDInter1802,Ticagrelor,DB08816,Minor,Others,DDInter1802|DDInter216,https://ddinter.scbdd.com/ddinter/interact/992518,2026-09-09T10:11:27+00:00
1007075,1141,DDInter825,Glimepiride,DB00222,DDInter305,Carvedilol,DB01136,Moderate,Others,DDInter305|DDInter825,https://ddinter.scbdd.com/ddinter/interact/1007075,2026-09-09T10:06:50+00:00
1007321,137,DDInter305,Carvedilol,DB01136,DDInter1802,Ticagrelor,DB08816,Minor,Others,DDInter1802|DDInter305,https://ddinter.scbdd.com/ddinter/interact/1007321,2026-09-09T10:11:27+00:00
1013568,1193,DDInter1460,Phenytoin,DB00252,DDInter384,Ciprofloxacin,DB00537,Moderate,Synergy; Excretion,DDInter1460|DDInter384,https://ddinter.scbdd.com/ddinter/interact/1013568,2026-09-09T10:07:41+00:00
1019003,1152,DDInter413,Clopidogrel,DB00758,DDInter856,Heparin,DB01109,Minor,Others,DDInter413|DDInter856,https://ddinter.scbdd.com/ddinter/interact/1019003,2026-09-09T10:06:48+00:00
1024608,130,DDInter458,Cyclosporine,DB00091,DDInter1802,Ticagrelor,DB08816,Moderate,Metabolism,DDInter1802|DDInter458,https://ddinter.scbdd.com/ddinter/interact/1024608,2026-09-09T10:10:25+00:00
1026113,1097,DDInter825,Glimepiride,DB00222,DDInter474,Dapagliflozin,DB06292,Moderate,Synergy,DDInter474|DDInter825,https://ddinter.scbdd.com/ddinter/interact/1026113,2026-09-09T10:05:46+00:00
1026212,1297,DDInter1326,Olanzapine,DB00334,DDInter474,Dapagliflozin,DB06292,Moderate,Antagonism,DDInter1326|DDInter474,https://ddinter.scbdd.com/ddinter/interact/1026212,2026-09-09T10:10:13+00:00
1026243,1297,DDInter1553,Quetiapine,DB01224,DDInter474,Dapagliflozin,DB06292,Moderate,Antagonism,DDInter1553|DDInter474,https://ddinter.scbdd.com/ddinter/interact/1026243,2026-09-09T10:10:13+00:00
1026253,1297,DDInter1605,Risperidone,DB00734,DDInter474,Dapagliflozin,DB06292,Moderate,Antagonism,DDInter1605|DDInter474,https://ddinter.scbdd.com/ddinter/interact/1026253,2026-09-09T10:10:13+00:00
1026272,1297,DDInter1735,Tacrolimus,DB00864,DDInter474,Dapagliflozin,DB06292,Moderate,Antagonism,DDInter1735|DDInter474,https://ddinter.scbdd.com/ddinter/interact/1026272,2026-09-09T10:10:13+00:00
1041214,1280,DDInter608,Duloxetine,DB00476,DDInter1607,Ritonavir,DB00503,Moderate,Metabolism,DDInter1607|DDInter608,https://ddinter.scbdd.com/ddinter/interact/1041214,2026-09-09T10:09:54+00:00
1041300,1111,DDInter608,Duloxetine,DB00476,DDInter1951,Warfarin,DB00682,Moderate,Synergy,DDInter1951|DDInter608,https://ddinter.scbdd.com/ddinter/interact/1041300,2026-09-09T10:06:06+00:00
1044913,1177,DDInter1791,Theophylline,DB00277,DDInter1590,Rifampicin,DB01045,Moderate,Metabolism,DDInter1590|DDInter1791,https://ddinter.scbdd.com/ddinter/interact/1044913,2026-09-09T10:07:11+00:00
1045340,1097,DDInter825,Glimepiride,DB00222,DDInter636,Empagliflozin,DB09038,Moderate,Synergy,DDInter636|DDInter825,https://ddinter.scbdd.com/ddinter/interact/1045340,2026-09-09T10:05:46+00:00
1045442,1297,DDInter1326,Olanzapine,DB00334,DDInter636,Empagliflozin,DB09038,Moderate,Antagonism,DDInter1326|DDInter636,https://ddinter.scbdd.com/ddinter/interact/1045442,2026-09-09T10:10:13+00:00
1045479,1297,DDInter1553,Quetiapine,DB01224,DDInter636,Empagliflozin,DB09038,Moderate,Antagonism,DDInter1553|DDInter636,https://ddinter.scbdd.com/ddinter/interact/1045479,2026-09-09T10:10:13+00:00
1045489,1297,DDInter1605,Risperidone,DB00734,DDInter636,Empagliflozin,DB09038,Moderate,Antagonism,DDInter1605|DDInter636,https://ddinter.scbdd.com/ddinter/interact/1045489,2026-09-09T10:10:13+00:00
1045491,1297,DDInter1607,Ritonavir,DB00503,DDInter636,Empagliflozin,DB09038,Moderate,Antagonism,DDInter1607|DDInter636,https://ddinter.scbdd.com/ddinter/interact/1045491,2026-09-09T10:10:13+00:00
1045509,1297,DDInter1735,Tacrolimus,DB00864,DDInter636,Empagliflozin,DB09038,Moderate,Antagonism,DDInter1735|DDInter636,https://ddinter.scbdd.com/ddinter/interact/1045509,2026-09-09T10:10:13+00:00
1048179,1297,DDInter825,Glimepiride,DB00222,DDInter1607,Ritonavir,DB00503,Moderate,Antagonism,DDInter1607|DDInter825,https://ddinter.scbdd.com/ddinter/interact/1048179,2026-09-09T10:10:13+00:00
1048269,1331,DDInter1607,Ritonavir,DB00503,DDInter1095,Losartan,DB00678,Minor,Metabolism,DDInter1095|DDInter1607,https://ddinter.scbdd.com/ddinter/interact/1048269,2026-09-09T10:10:56+00:00
1048555,1350,DDInter1607,Ritonavir,DB00503,DDInter1951,Warfarin,DB00682,Moderate,Others,DDInter1607|DDInter1951,https://ddinter.scbdd.com/ddinter/interact/1048555,2026-09-09T10:11:12+00:00
1048656,1151,DDInter1095,Losartan,DB00678,DDInter1590,Rifampicin,DB01045,Moderate,Metabolism,DDInter1095|DDInter1590,https://ddinter.scbdd.com/ddinter/interact/1048656,2026-09-09T10:06:47+00:00
1055379,1297,DDInter825,Glimepiride,DB00222,DDInter790,Furosemide,DB00695,Moderate,Antagonism,DDInter790|DDInter825,https://ddinter.scbdd.com/ddinter/interact/1055379,2026-09-09T10:10:13+00:00
1055480,1297,DDInter825,Glimepiride,DB00222,DDInter1326,Olanzapine,DB00334,Moderate,Antagonism,DDInter1326|DDInter825,https://ddinter.scbdd.com/ddinter/interact/1055480,2026-09-09T10:10:13+00:00
1055513,1297,DDInter825,Glimepiride,DB00222,DDInter1553,Quetiapine,DB01224,Moderate,Antagonism,DDInter1553|DDInter825,https://ddinter.scbdd.com/ddinter/interact/1055513,2026-09-09T10:10:13+00:00
1055524,1297,DDInter825,Glimepiride,DB00222,DDInter1605,Risperidone,DB00734,Moderate,Antagonism,DDInter1605|DDInter825,https://ddinter.scbdd.com/ddinter/interact/1055524,2026-09-09T10:10:13+00:00
1057741,1064,DDInter1326,Olanzapine,DB00334,DDInter1605,Risperidone,DB00734,Moderate,Synergy,DDInter1326|DDInter1605,https://ddinter.scbdd.com/ddinter/interact/1057741,2026-09-09T10:05:26+00:00
1093942,1064,DDInter1326,Olanzapine,DB00334,DDInter1553,Quetiapine,DB01224,Moderate,Synergy,DDInter1326|DDInter1553,https://ddinter.scbdd.com/ddinter/interact/1093942,2026-09-09T10:05:26+00:00
1101237,1201,DDInter1460,Phenytoin,DB00252,DDInter1553,Quetiapine,DB01224,Major,Metabolism,DDInter1460|DDInter1553,https://ddinter.scbdd.com/ddinter/interact/1101237,2026-09-09T10:07:39+00:00
1106185,1201,DDInter1590,Rifampicin,DB01045,DDInter1553,Quetiapine,DB01224,Major,Metabolism,DDInter1553|DDInter1590,https://ddinter.scbdd.com/ddinter/interact/1106185,2026-09-09T10:07:39+00:00
1115544,1297,DDInter825,Glimepiride,DB00222,DDInter1735,Tacrolimus,DB00864,Moderate,Antagonism,DDInter1735|DDInter825,https://ddinter.scbdd.com/ddinter/interact/1115544,2026-09-09T10:10:13+00:00
1141795,-1,DDInter458,Cyclosporine,DB00091,DDInter1913,Valproic acid,DB00313,Unknown,Unknown,DDInter1913|DDInter458,https://ddinter.scbdd.com/ddinter/interact/1141795,2026-09-09T10:06:36+00:00
1141800,-1,DDInter458,Cyclosporine,DB00091,DDInter1164,Metformin,DB00331,Unknown,Unknown,DDInter1164|DDInter458,https://ddinter.scbdd.com/ddinter/interact/1141800,2026-09-09T10:06:36+00:00
1141801,-1,DDInter458,Cyclosporine,DB00091,DDInter1326,Olanzapine,DB00334,Unknown,Unknown,DDInter1326|DDInter458,https://ddinter.scbdd.com/ddinter/interact/1141801,2026-09-09T10:06:36+00:00
1141817,-1,DDInter458,Cyclosporine,DB00091,DDInter608,Duloxetine,DB00476,Unknown,Unknown,DDInter458|DDInter608,https://ddinter.scbdd.com/ddinter/interact/1141817,2026-09-09T10:06:36+00:00
1141827,-1,DDInter458,Cyclosporine,DB00091,DDInter1020,Lamotrigine,DB00555,Unknown,Unknown,DDInter1020|DDInter458,https://ddinter.scbdd.com/ddinter/interact/1141827,2026-09-09T10:06:36+00:00
1141850,-1,DDInter458,Cyclosporine,DB00091,DDInter1605,Risperidone,DB00734,Unknown,Unknown,DDInter1605|DDInter458,https://ddinter.scbdd.com/ddinter/interact/1141850,2026-09-09T10:06:36+00:00
1142898,-1,DDInter1915,Valsartan,DB00177,DDInter1927,Venlafaxine,DB00285,Unknown,Unknown,DDInter1915|DDInter1927,https://ddinter.scbdd.com/ddinter/interact/1142898,2026-09-09T10:06:36+00:00
1142914,-1,DDInter1915,Valsartan,DB00177,DDInter608,Duloxetine,DB00476,Unknown,Unknown,DDInter1915|DDInter608,https://ddinter.scbdd.com/ddinter/interact/1142914,2026-09-09T10:06:36+00:00
1142929,-1,DDInter1915,Valsartan,DB00177,DDInter1675,Simvastatin,DB00641,Unknown,Unknown,DDInter1675|DDInter1915,https://ddinter.scbdd.com/ddinter/interact/1142929,2026-09-09T10:06:36+00:00
1142934,-1,DDInter1915,Valsartan,DB00177,DDInter1951,Warfarin,DB00682,Unknown,Unknown,DDInter1915|DDInter1951,https://ddinter.scbdd.com/ddinter/interact/1142934,2026-09-09T10:06:36+00:00
1142962,-1,DDInter1915,Valsartan,DB00177,DDInter1622,Rosuvastatin,DB01098,Unknown,Unknown,DDInter1622|DDInter1915,https://ddinter.scbdd.com/ddinter/interact/1142962,2026-09-09T10:06:36+00:00
1142971,-1,DDInter1915,Valsartan,DB00177,DDInter393,Clarithromycin,DB01211,Unknown,Unknown,DDInter1915|DDInter393,https://ddinter.scbdd.com/ddinter/interact/1142971,2026-09-09T10:06:36+00:00
1142999,-1,DDInter1565,Ramipril,DB00178,DDInter1927,Venlafaxine,DB00285,Unknown,Unknown,DDInter1565|DDInter1927,https://ddinter.scbdd.com/ddinter/interact/1142999,2026-09-09T10:06:36+00:00
1143014,-1,DDInter1565,Ramipril,DB00178,DDInter608,Duloxetine,DB00476,Unknown,Unknown,DDInter1565|DDInter608,https://ddinter.scbdd.com/ddinter/interact/1143014,2026-09-09T10:06:36+00:00
1143020,-1,DDInter1565,Ramipril,DB00178,DDInter1607,Ritonavir,DB00503,Unknown,Unknown,DDInter1565|DDInter1607,https://ddinter.scbdd.com/ddinter/interact/1143020,2026-09-09T10:06:36+00:00
1143037,-1,DDInter1565,Ramipril,DB00178,DDInter1675,Simvastatin,DB00641,Unknown,Unknown,DDInter1565|DDInter1675,https://ddinter.scbdd.com/ddinter/interact/1143037,2026-09-09T10:06:36+00:00
1143043,-1,DDInter1565,Ramipril,DB00178,DDInter1951,Warfarin,DB00682,Unknown,Unknown,DDInter1565|DDInter1951,https://ddinter.scbdd.com/ddinter/interact/1143043,2026-09-09T10:06:36+00:00
1143085,-1,DDInter1565,Ramipril,DB00178,DDInter1590,Rifampicin,DB01045,Unknown,Unknown,DDInter1565|DDInter1590,https://ddinter.scbdd.com/ddinter/interact/1143085,2026-09-09T10:06:36+00:00
1143088,-1,DDInter1565,Ramipril,DB00178,DDInter1622,Rosuvastatin,DB01098,Unknown,Unknown,DDInter1565|DDInter1622,https://ddinter.scbdd.com/ddinter/interact/1143088,2026-09-09T10:06:36+00:00
1143097,-1,DDInter1565,Ramipril,DB00178,DDInter393,Clarithromycin,DB01211,Unknown,Unknown,DDInter1565|DDInter393,https://ddinter.scbdd.com/ddinter/interact/1143097,2026-09-09T10:06:36+00:00
1143816,-1,DDInter1915,Valsartan,DB00177,DDInter743,Fluconazole,DB00196,Unknown,Unknown,DDInter1915|DDInter743,https://ddinter.scbdd.com/ddinter/interact/1143816,2026-09-09T10:06:36+00:00
1143817,-1,DDInter1565,Ramipril,DB00178,DDInter743,Fluconazole,DB00196,Unknown,Unknown,DDInter1565|DDInter743,https://ddinter.scbdd.com/ddinter/interact/1143817,2026-09-09T10:06:36+00:00
1143842,-1,DDInter743,Fluconazole,DB00196,DDInter1164,Metformin,DB00331,Unknown,Unknown,DDInter1164|DDInter743,https://ddinter.scbdd.com/ddinter/interact/1143842,2026-09-09T10:06:36+00:00
1143852,-1,DDInter743,Fluconazole,DB00196,DDInter1707,Spironolactone,DB00421,Unknown,Unknown,DDInter1707|DDInter743,https://ddinter.scbdd.com/ddinter/interact/1143852,2026-09-09T10:06:36+00:00
1143862,-1,DDInter743,Fluconazole,DB00196,DDInter608,Duloxetine,DB00476,Unknown,Unknown,DDInter608|DDInter743,https://ddinter.scbdd.com/ddinter/interact/1143862,2026-09-09T10:06:36+00:00
1143876,-1,DDInter743,Fluconazole,DB00196,DDInter1020,Lamotrigine,DB00555,Unknown,Unknown,DDInter1020|DDInter743,https://ddinter.scbdd.com/ddinter/interact/1143876,2026-09-09T10:06:36+00:00
1143893,-1,DDInter743,Fluconazole,DB00196,DDInter790,Furosemide,DB00695,Unknown,Unknown,DDInter743|DDInter790,https://ddinter.scbdd.com/ddinter/interact/1143893,2026-09-09T10:06:36+00:00
1143957,-1,DDInter743,Fluconazole,DB00196,DDInter900,Ibuprofen,DB01050,Unknown,Unknown,DDInter743|DDInter900,https://ddinter.scbdd.com/ddinter/interact/1143957,2026-09-09T10:06:36+00:00
1143969,-1,DDInter743,Fluconazole,DB00196,DDInter995,Itraconazole,DB01167,Unknown,Unknown,DDInter743|DDInter995,https://ddinter.scbdd.com/ddinter/interact/1143969,2026-09-09T10:06:36+00:00
1144286,-1,DDInter1915,Valsartan,DB00177,DDInter157,Azithromycin,DB00207,Unknown,Unknown,DDInter157|DDInter1915,https://ddinter.scbdd.com/ddinter/interact/1144286,2026-09-09T10:06:36+00:00
1144287,-1,DDInter1565,Ramipril,DB00178,DDInter157,Azithromycin,DB00207,Unknown,Unknown,DDInter1565|DDInter157,https://ddinter.scbdd.com/ddinter/interact/1144287,2026-09-09T10:06:36+00:00
1144294,-1,DDInter157,Azithromycin,DB00207,DDInter825,Glimepiride,DB00222,Unknown,Unknown,DDInter157|DDInter825,https://ddinter.scbdd.com/ddinter/interact/1144294,2026-09-09T10:06:36+00:00
1144307,-1,DDInter157,Azithromycin,DB00207,DDInter1913,Valproic acid,DB00313,Unknown,Unknown,DDInter157|DDInter1913,https://ddinter.scbdd.com/ddinter/interact/1144307,2026-09-09T10:06:36+00:00
1144311,-1,DDInter157,Azithromycin,DB00207,DDInter1164,Metformin,DB00331,Unknown,Unknown,DDInter1164|DDInter157,https://ddinter.scbdd.com/ddinter/interact/1144311,2026-09-09T10:06:36+00:00
1144313,-1,DDInter157,Azithromycin,DB00207,DDInter1340,Omeprazole,DB00338,Unknown,Unknown,DDInter1340|DDInter157,https://ddinter.scbdd.com/ddinter/interact/1144313,2026-09-09T10:06:36+00:00
1144321,-1,DDInter157,Azithromycin,DB00207,DDInter1707,Spironolactone,DB00421,Unknown,Unknown,DDInter157|DDInter1707,https://ddinter.scbdd.com/ddinter/interact/1144321,2026-09-09T10:06:36+00:00
1144335,-1,DDInter157,Azithromycin,DB00207,DDInter608,Duloxetine,DB00476,Unknown,Unknown,DDInter157|DDInter608,https://ddinter.scbdd.com/ddinter/interact/1144335,2026-09-09T10:06:36+00:00
1144342,-1,DDInter157,Azithromycin,DB00207,DDInter1607,Ritonavir,DB00503,Unknown,Unknown,DDInter157|DDInter1607,https://ddinter.scbdd.com/ddinter/interact/1144342,2026-09-09T10:06:36+00:00
1144350,-1,DDInter157,Azithromycin,DB00207,DDInter1020,Lamotrigine,DB00555,Unknown,Unknown,DDInter1020|DDInter157,https://ddinter.scbdd.com/ddinter/interact/1144350,2026-09-09T10:06:36+00:00
1144351,-1,DDInter157,Azithromycin,DB00207,DDInter293,Carbamazepine,DB00564,Unknown,Unknown,DDInter157|DDInter293,https://ddinter.scbdd.com/ddinter/interact/1144351,2026-09-09T10:06:36+00:00
1144357,-1,DDInter157,Azithromycin,DB00207,DDInter638,Enalapril,DB00584,Unknown,Unknown,DDInter157|DDInter638,https://ddinter.scbdd.com/ddinter/interact/1144357,2026-09-09T10:06:36+00:00
1144369,-1,DDInter157,Azithromycin,DB00207,DDInter1095,Losartan,DB00678,Unknown,Unknown,DDInter1095|DDInter157,https://ddinter.scbdd.com/ddinter/interact/1144369,2026-09-09T10:06:36+00:00
1144371,-1,DDInter157,Azithromycin,DB00207,DDInter790,Furosemide,DB00695,Unknown,Unknown,DDInter157|DDInter790,https://ddinter.scbdd.com/ddinter/interact/1144371,2026-09-09T10:06:36+00:00
1144381,-1,DDInter157,Azithromycin,DB00207,DDInter413,Clopidogrel,DB00758,Unknown,Unknown,DDInter157|DDInter413,https://ddinter.scbdd.com/ddinter/interact/1144381,2026-09-09T10:06:36+00:00
1144410,-1,DDInter157,Azithromycin,DB00207,DDInter883,Hydrochlorothiazide,DB00999,Unknown,Unknown,DDInter157|DDInter883,https://ddinter.scbdd.com/ddinter/interact/1144410,2026-09-09T10:06:36+00:00
1144418,-1,DDInter157,Azithromycin,DB00207,DDInter1590,Rifampicin,DB01045,Unknown,Unknown,DDInter157|DDInter1590,https://ddinter.scbdd.com/ddinter/interact/1144418,2026-09-09T10:06:36+00:00
1144419,-1,DDInter157,Azithromycin,DB00207,DDInter900,Ibuprofen,DB01050,Unknown,Unknown,DDInter157|DDInter900,https://ddinter.scbdd.com/ddinter/interact/1144419,2026-09-09T10:06:36+00:00
1144427,-1,DDInter157,Azithromycin,DB00207,DDInter1622,Rosuvastatin,DB01098,Unknown,Unknown,DDInter157|DDInter1622,https://ddinter.scbdd.com/ddinter/interact/1144427,2026-09-09T10:06:36+00:00
1144433,-1,DDInter157,Azithromycin,DB00207,DDInter305,Carvedilol,DB01136,Unknown,Unknown,DDInter157|DDInter305,https://ddinter.scbdd.com/ddinter/interact/1144433,2026-09-09T10:06:36+00:00
1144437,-1,DDInter157,Azithromycin,DB00207,DDInter995,Itraconazole,DB01167,Unknown,Unknown,DDInter157|DDInter995,https://ddinter.scbdd.com/ddinter/interact/1144437,2026-09-09T10:06:36+00:00
1144443,-1,DDInter157,Azithromycin,DB00207,DDInter334,Ceftriaxone,DB01212,Unknown,Unknown,DDInter157|DDInter334,https://ddinter.scbdd.com/ddinter/interact/1144443,2026-09-09T10:06:36+00:00
1144447,-1,DDInter157,Azithromycin,DB00207,DDInter513,Dexamethasone,DB01234,Unknown,Unknown,DDInter157|DDInter513,https://ddinter.scbdd.com/ddinter/interact/1144447,2026-09-09T10:06:36+00:00
1145075,-1,DDInter1915,Valsartan,DB00177,DDInter825,Glimepiride,DB00222,Unknown,Unknown,DDInter1915|DDInter825,https://ddinter.scbdd.com/ddinter/interact/1145075,2026-09-09T10:06:36+00:00
1145089,-1,DDInter825,Glimepiride,DB00222,DDInter1927,Venlafaxine,DB00285,Unknown,Unknown,DDInter1927|DDInter825,https://ddinter.scbdd.com/ddinter/interact/1145089,2026-09-09T10:06:36+00:00
1145098,-1,DDInter825,Glimepiride,DB00222,DDInter1707,Spironolactone,DB00421,Unknown,Unknown,DDInter1707|DDInter825,https://ddinter.scbdd.com/ddinter/interact/1145098,2026-09-09T10:06:36+00:00
1145105,-1,DDInter825,Glimepiride,DB00222,DDInter608,Duloxetine,DB00476,Unknown,Unknown,DDInter608|DDInter825,https://ddinter.scbdd.com/ddinter/interact/1145105,2026-09-09T10:06:36+00:00
1145113,-1,DDInter825,Glimepiride,DB00222,DDInter1020,Lamotrigine,DB00555,Unknown,Unknown,DDInter1020|DDInter825,https://ddinter.scbdd.com/ddinter/interact/1145113,2026-09-09T10:06:36+00:00
1145115,-1,DDInter825,Glimepiride,DB00222,DDInter1174,Methotrexate,DB00563,Unknown,Unknown,DDInter1174|DDInter825,https://ddinter.scbdd.com/ddinter/interact/1145115,2026-09-09T10:06:36+00:00
1145118,-1,DDInter825,Glimepiride,DB00222,DDInter1675,Simvastatin,DB00641,Unknown,Unknown,DDInter1675|DDInter825,https://ddinter.scbdd.com/ddinter/interact/1145118,2026-09-09T10:06:36+00:00
1145121,-1,DDInter825,Glimepiride,DB00222,DDInter1095,Losartan,DB00678,Unknown,Unknown,DDInter1095|DDInter825,https://ddinter.scbdd.com/ddinter/interact/1145121,2026-09-09T10:06:36+00:00
1145139,-1,DDInter825,Glimepiride,DB00222,DDInter1202,Metronidazole,DB00916,Unknown,Unknown,DDInter1202|DDInter825,https://ddinter.scbdd.com/ddinter/interact/1145139,2026-09-09T10:06:36+00:00
1145154,-1,DDInter825,Glimepiride,DB00222,DDInter1622,Rosuvastatin,DB01098,Unknown,Unknown,DDInter1622|DDInter825,https://ddinter.scbdd.com/ddinter/interact/1145154,2026-09-09T10:06:36+00:00
1145823,-1,DDInter1915,Valsartan,DB00177,DDInter1460,Phenytoin,DB00252,Unknown,Unknown,DDInter1460|DDInter1915,https://ddinter.scbdd.com/ddinter/interact/1145823,2026-09-09T10:06:36+00:00
1145824,-1,DDInter1565,Ramipril,DB00178,DDInter1460,Phenytoin,DB00252,Unknown,Unknown,DDInter1460|DDInter1565,https://ddinter.scbdd.com/ddinter/interact/1145824,2026-09-09T10:06:36+00:00
1145826,-1,DDInter157,Azithromycin,DB00207,DDInter1460,Phenytoin,DB00252,Unknown,Unknown,DDInter1460|DDInter157,https://ddinter.scbdd.com/ddinter/interact/1145826,2026-09-09T10:06:36+00:00
1145841,-1,DDInter1460,Phenytoin,DB00252,DDInter1707,Spironolactone,DB00421,Unknown,Unknown,DDInter1460|DDInter1707,https://ddinter.scbdd.com/ddinter/interact/1145841,2026-09-09T10:06:36+00:00
1145863,-1,DDInter1460,Phenytoin,DB00252,DDInter638,Enalapril,DB00584,Unknown,Unknown,DDInter1460|DDInter638,https://ddinter.scbdd.com/ddinter/interact/1145863,2026-09-09T10:06:36+00:00
1145868,-1,DDInter1460,Phenytoin,DB00252,DDInter216,Bisoprolol,DB00612,Unknown,Unknown,DDInter1460|DDInter216,https://ddinter.scbdd.com/ddinter/interact/1145868,2026-09-09T10:06:36+00:00
1145871,-1,DDInter1460,Phenytoin,DB00252,DDInter1675,Simvastatin,DB00641,Unknown,Unknown,DDInter1460|DDInter1675,https://ddinter.scbdd.com/ddinter/interact/1145871,2026-09-09T10:06:36+00:00
1145908,-1,DDInter1460,Phenytoin,DB00252,DDInter883,Hydrochlorothiazide,DB00999,Unknown,Unknown,DDInter1460|DDInter883,https://ddinter.scbdd.com/ddinter/interact/1145908,2026-09-09T10:06:36+00:00
1145920,-1,DDInter1460,Phenytoin,DB00252,DDInter83,Amoxicillin,DB01060,Unknown,Unknown,DDInter1460|DDInter83,https://ddinter.scbdd.com/ddinter/interact/1145920,2026-09-09T10:06:36+00:00
1145925,-1,DDInter1460,Phenytoin,DB00252,DDInter1622,Rosuvastatin,DB01098,Unknown,Unknown,DDInter1460|DDInter1622,https://ddinter.scbdd.com/ddinter/interact/1145925,2026-09-09T10:06:36+00:00
1145929,-1,DDInter1460,Phenytoin,DB00252,DDInter305,Carvedilol,DB01136,Unknown,Unknown,DDInter1460|DDInter305,https://ddinter.scbdd.com/ddinter/interact/1145929,2026-09-09T10:06:36+00:00
1146811,-1,DDInter1915,Valsartan,DB00177,DDInter1791,Theophylline,DB00277,Unknown,Unknown,DDInter1791|DDInter1915,https://ddinter.scbdd.com/ddinter/interact/1146811,2026-09-09T10:06:36+00:00
1146812,-1,DDInter1565,Ramipril,DB00178,DDInter1791,Theophylline,DB00277,Unknown,Unknown,DDInter1565|DDInter1791,https://ddinter.scbdd.com/ddinter/interact/1146812,2026-09-09T10:06:36+00:00
1146816,-1,DDInter825,Glimepiride,DB00222,DDInter1791,Theophylline,DB00277,Unknown,Unknown,DDInter1791|DDInter825,https://ddinter.scbdd.com/ddinter/interact/1146816,2026-09-09T10:06:36+00:00
1146819,-1,DDInter1791,Theophylline,DB00277,DDInter1927,Venlafaxine,DB00285,Unknown,Unknown,DDInter1791|DDInter1927,https://ddinter.scbdd.com/ddinter/interact/1146819,2026-09-09T10:06:36+00:00
1146821,-1,DDInter1791,Theophylline,DB00277,DDInter1913,Valproic acid,DB00313,Unknown,Unknown,DDInter1791|DDInter1913,https://ddinter.scbdd.com/ddinter/interact/1146821,2026-09-09T10:06:36+00:00
1146823,-1,DDInter1791,Theophylline,DB00277,DDInter1164,Metformin,DB00331,Unknown,Unknown,DDInter1164|DDInter1791,https://ddinter.scbdd.com/ddinter/interact/1146823,2026-09-09T10:06:36+00:00
1146824,-1,DDInter1791,Theophylline,DB00277,DDInter1326,Olanzapine,DB00334,Unknown,Unknown,DDInter1326|DDInter1791,https://ddinter.scbdd.com/ddinter/interact/1146824,2026-09-09T10:06:36+00:00
1146827,-1,DDInter1791,Theophylline,DB00277,DDInter79,Amlodipine,DB00381,Unknown,Unknown,DDInter1791|DDInter79,https://ddinter.scbdd.com/ddinter/interact/1146827,2026-09-09T10:06:36+00:00
1146828,-1,DDInter1791,Theophylline,DB00277,DDInter554,Digoxin,DB00390,Unknown,Unknown,DDInter1791|DDInter554,https://ddinter.scbdd.com/ddinter/interact/1146828,2026-09-09T10:06:36+00:00
1146831,-1,DDInter1791,Theophylline,DB00277,DDInter1707,Spironolactone,DB00421,Unknown,Unknown,DDInter1707|DDInter1791,https://ddinter.scbdd.com/ddinter/interact/1146831,2026-09-09T10:06:36+00:00
1146836,-1,DDInter1791,Theophylline,DB00277,DDInter758,Fluoxetine,DB00472,Unknown,Unknown,DDInter1791|DDInter758,https://ddinter.scbdd.com/ddinter/interact/1146836,2026-09-09T10:06:36+00:00
1146847,-1,DDInter1791,Theophylline,DB00277,DDInter638,Enalapril,DB00584,Unknown,Unknown,DDInter1791|DDInter638,https://ddinter.scbdd.com/ddinter/interact/1146847,2026-09-09T10:06:36+00:00
1146850,-1,DDInter1791,Theophylline,DB00277,DDInter1675,Simvastatin,DB00641,Unknown,Unknown,DDInter1675|DDInter1791,https://ddinter.scbdd.com/ddinter/interact/1146850,2026-09-09T10:06:36+00:00
1146853,-1,DDInter1791,Theophylline,DB00277,DDInter1095,Losartan,DB00678,Unknown,Unknown,DDInter1095|DDInter1791,https://ddinter.scbdd.com/ddinter/interact/1146853,2026-09-09T10:06:36+00:00
1146854,-1,DDInter1791,Theophylline,DB00277,DDInter1951,Warfarin,DB00682,Unknown,Unknown,DDInter1791|DDInter1951,https://ddinter.scbdd.com/ddinter/interact/1146854,2026-09-09T10:06:36+00:00
1146860,-1,DDInter1791,Theophylline,DB00277,DDInter1605,Risperidone,DB00734,Unknown,Unknown,DDInter1605|DDInter1791,https://ddinter.scbdd.com/ddinter/interact/1146860,2026-09-09T10:06:36+00:00
1146861,-1,DDInter1791,Theophylline,DB00277,DDInter413,Clopidogrel,DB00758,Unknown,Unknown,DDInter1791|DDInter413,https://ddinter.scbdd.com/ddinter/interact/1146861,2026-09-09T10:06:36+00:00
1146870,-1,DDInter1791,Theophylline,DB00277,DDInter1202,Metronidazole,DB00916,Unknown,Unknown,DDInter1202|DDInter1791,https://ddinter.scbdd.com/ddinter/interact/1146870,2026-09-09T10:06:36+00:00
1146873,-1,DDInter1791,Theophylline,DB00277,DDInter20,Acetylsalicylic acid,DB00945,Unknown,Unknown,DDInter1791|DDInter20,https://ddinter.scbdd.com/ddinter/interact/1146873,2026-09-09T10:06:36+00:00
1146879,-1,DDInter1791,Theophylline,DB00277,DDInter883,Hydrochlorothiazide,DB00999,Unknown,Unknown,DDInter1791|DDInter883,https://ddinter.scbdd.com/ddinter/interact/1146879,2026-09-09T10:06:36+00:00
1146886,-1,DDInter1791,Theophylline,DB00277,DDInter900,Ibuprofen,DB01050,Unknown,Unknown,DDInter1791|DDInter900,https://ddinter.scbdd.com/ddinter/interact/1146886,2026-09-09T10:06:36+00:00
1146890,-1,DDInter1791,Theophylline,DB00277,DDInter133,Atorvastatin,DB01076,Unknown,Unknown,DDInter133|DDInter1791,https://ddinter.scbdd.com/ddinter/interact/1146890,2026-09-09T10:06:36+00:00
1146896,-1,DDInter1791,Theophylline,DB00277,DDInter334,Ceftriaxone,DB01212,Unknown,Unknown,DDInter1791|DDInter334,https://ddinter.scbdd.com/ddinter/interact/1146896,2026-09-09T10:06:36+00:00
1147365,-1,DDInter1927,Venlafaxine,DB00285,DDInter1675,Simvastatin,DB00641,Unknown,Unknown,DDInter1675|DDInter1927,https://ddinter.scbdd.com/ddinter/interact/1147365,2026-09-09T10:06:36+00:00
1147391,-1,DDInter1927,Venlafaxine,DB00285,DDInter1590,Rifampicin,DB01045,Unknown,Unknown,DDInter1590|DDInter1927,https://ddinter.scbdd.com/ddinter/interact/1147391,2026-09-09T10:06:36+00:00
1147393,-1,DDInter1927,Venlafaxine,DB00285,DDInter1622,Rosuvastatin,DB01098,Unknown,Unknown,DDInter1622|DDInter1927,https://ddinter.scbdd.com/ddinter/interact/1147393,2026-09-09T10:06:36+00:00
1147743,-1,DDInter1915,Valsartan,DB00177,DDInter1913,Valproic acid,DB00313,Unknown,Unknown,DDInter1913|DDInter1915,https://ddinter.scbdd.com/ddinter/interact/1147743,2026-09-09T10:06:36+00:00
1147744,-1,DDInter1565,Ramipril,DB00178,DDInter1913,Valproic acid,DB00313,Unknown,Unknown,DDInter1565|DDInter1913,https://ddinter.scbdd.com/ddinter/interact/1147744,2026-09-09T10:06:36+00:00
1147747,-1,DDInter743,Fluconazole,DB00196,DDInter1913,Valproic acid,DB00313,Unknown,Unknown,DDInter1913|DDInter743,https://ddinter.scbdd.com/ddinter/interact/1147747,2026-09-09T10:06:36+00:00
1147756,-1,DDInter825,Glimepiride,DB00222,DDInter1913,Valproic acid,DB00313,Unknown,Unknown,DDInter1913|DDInter825,https://ddinter.scbdd.com/ddinter/interact/1147756,2026-09-09T10:06:36+00:00
1147771,-1,DDInter1913,Valproic acid,DB00313,DDInter1164,Metformin,DB00331,Unknown,Unknown,DDInter1164|DDInter1913,https://ddinter.scbdd.com/ddinter/interact/1147771,2026-09-09T10:06:36+00:00
1147773,-1,DDInter1913,Valproic acid,DB00313,DDInter1340,Omeprazole,DB00338,Unknown,Unknown,DDInter1340|DDInter1913,https://ddinter.scbdd.com/ddinter/interact/1147773,2026-09-09T10:06:36+00:00
1147781,-1,DDInter1913,Valproic acid,DB00313,DDInter1707,Spironolactone,DB00421,Unknown,Unknown,DDInter1707|DDInter1913,https://ddinter.scbdd.com/ddinter/interact/1147781,2026-09-09T10:06:36+00:00
1147812,-1,DDInter1913,Valproic acid,DB00313,DDInter638,Enalapril,DB00584,Unknown,Unknown,DDInter1913|DDInter638,https://ddinter.scbdd.com/ddinter/interact/1147812,2026-09-09T10:06:36+00:00
1147824,-1,DDInter1913,Valproic acid,DB00313,DDInter1675,Simvastatin,DB00641,Unknown,Unknown,DDInter1675|DDInter1913,https://ddinter.scbdd.com/ddinter/interact/1147824,2026-09-09T10:06:36+00:00
1147833,-1,DDInter1913,Valproic acid,DB00313,DDInter1095,Losartan,DB00678,Unknown,Unknown,DDInter1095|DDInter1913,https://ddinter.scbdd.com/ddinter/interact/1147833,2026-09-09T10:06:36+00:00
1147835,-1,DDInter1913,Valproic acid,DB00313,DDInter790,Furosemide,DB00695,Unknown,Unknown,DDInter1913|DDInter790,https://ddinter.scbdd.com/ddinter/interact/1147835,2026-09-09T10:06:36+00:00
1147864,-1,DDInter1913,Valproic acid,DB00313,DDInter1735,Tacrolimus,DB00864,Unknown,Unknown,DDInter1735|DDInter1913,https://ddinter.scbdd.com/ddinter/interact/1147864,2026-09-09T10:06:36+00:00
1147874,-1,DDInter1913,Valproic acid,DB00313,DDInter1202,Metronidazole,DB00916,Unknown,Unknown,DDInter1202|DDInter1913,https://ddinter.scbdd.com/ddinter/interact/1147874,2026-09-09T10:06:36+00:00
1147891,-1,DDInter1913,Valproic acid,DB00313,DDInter883,Hydrochlorothiazide,DB00999,Unknown,Unknown,DDInter1913|DDInter883,https://ddinter.scbdd.com/ddinter/interact/1147891,2026-09-09T10:06:36+00:00
1147919,-1,DDInter1913,Valproic acid,DB00313,DDInter1622,Rosuvastatin,DB01098,Unknown,Unknown,DDInter1622|DDInter1913,https://ddinter.scbdd.com/ddinter/interact/1147919,2026-09-09T10:06:36+00:00
1147928,-1,DDInter1913,Valproic acid,DB00313,DDInter995,Itraconazole,DB01167,Unknown,Unknown,DDInter1913|DDInter995,https://ddinter.scbdd.com/ddinter/interact/1147928,2026-09-09T10:06:36+00:00
1147972,-1,DDInter458,Cyclosporine,DB00091,DDInter14,Acetaminophen,DB00316,Unknown,Unknown,DDInter14|DDInter458,https://ddinter.scbdd.com/ddinter/interact/1147972,2026-09-09T10:06:36+00:00
1147979,-1,DDInter1915,Valsartan,DB00177,DDInter14,Acetaminophen,DB00316,Unknown,Unknown,DDInter14|DDInter1915,https://ddinter.scbdd.com/ddinter/interact/1147979,2026-09-09T10:06:36+00:00
1147980,-1,DDInter1565,Ramipril,DB00178,DDInter14,Acetaminophen,DB00316,Unknown,Unknown,DDInter14|DDInter1565,https://ddinter.scbdd.com/ddinter/interact/1147980,2026-09-09T10:06:36+00:00
1147989,-1,DDInter743,Fluconazole,DB00196,DDInter14,Acetaminophen,DB00316,Unknown,Unknown,DDInter14|DDInter743,https://ddinter.scbdd.com/ddinter/interact/1147989,2026-09-09T10:06:36+00:00
1147996,-1,DDInter157,Azithromycin,DB00207,DDInter14,Acetaminophen,DB00316,Unknown,Unknown,DDInter14|DDInter157,https://ddinter.scbdd.com/ddinter/interact/1147996,2026-09-09T10:06:36+00:00
1148006,-1,DDInter825,Glimepiride,DB00222,DDInter14,Acetaminophen,DB00316,Unknown,Unknown,DDInter14|DDInter825,https://ddinter.scbdd.com/ddinter/interact/1148006,2026-09-09T10:06:36+00:00
1148022,-1,DDInter1791,Theophylline,DB00277,DDInter14,Acetaminophen,DB00316,Unknown,Unknown,DDInter14|DDInter1791,https://ddinter.scbdd.com/ddinter/interact/1148022,2026-09-09T10:06:36+00:00
1148027,-1,DDInter1927,Venlafaxine,DB00285,DDInter14,Acetaminophen,DB00316,Unknown,Unknown,DDInter14|DDInter1927,https://ddinter.scbdd.com/ddinter/interact/1148027,2026-09-09T10:06:36+00:00
1148038,-1,DDInter1913,Valproic acid,DB00313,DDInter14,Acetaminophen,DB00316,Unknown,Unknown,DDInter14|DDInter1913,https://ddinter.scbdd.com/ddinter/interact/1148038,2026-09-09T10:06:36+00:00
1148048,-1,DDInter14,Acetaminophen,DB00316,DDInter1164,Metformin,DB00331,Unknown,Unknown,DDInter1164|DDInter14,https://ddinter.scbdd.com/ddinter/interact/1148048,2026-09-09T10:06:36+00:00
1148050,-1,DDInter14,Acetaminophen,DB00316,DDInter1326,Olanzapine,DB00334,Unknown,Unknown,DDInter1326|DDInter14,https://ddinter.scbdd.com/ddinter/interact/1148050,2026-09-09T10:06:36+00:00
1148053,-1,DDInter14,Acetaminophen,DB00316,DDInter1340,Omeprazole,DB00338,Unknown,Unknown,DDInter1340|DDInter14,https://ddinter.scbdd.com/ddinter/interact/1148053,2026-09-09T10:06:36+00:00
1148072,-1,DDInter14,Acetaminophen,DB00316,DDInter79,Amlodipine,DB00381,Unknown,Unknown,DDInter14|DDInter79,https://ddinter.scbdd.com/ddinter/interact/1148072,2026-09-09T10:06:36+00:00
1148073,-1,DDInter14,Acetaminophen,DB00316,DDInter554,Digoxin,DB00390,Unknown,Unknown,DDInter14|DDInter554,https://ddinter.scbdd.com/ddinter/interact/1148073,2026-09-09T10:06:36+00:00
1148087,-1,DDInter14,Acetaminophen,DB00316,DDInter1707,Spironolactone,DB00421,Unknown,Unknown,DDInter14|DDInter1707,https://ddinter.scbdd.com/ddinter/interact/1148087,2026-09-09T10:06:36+00:00
1148109,-1,DDInter14,Acetaminophen,DB00316,DDInter758,Fluoxetine,DB00472,Unknown,Unknown,DDInter14|DDInter758,https://ddinter.scbdd.com/ddinter/interact/1148109,2026-09-09T10:06:36+00:00
1148111,-1,DDInter14,Acetaminophen,DB00316,DDInter608,Duloxetine,DB00476,Unknown,Unknown,DDInter14|DDInter608,https://ddinter.scbdd.com/ddinter/interact/1148111,2026-09-09T10:06:36+00:00
1148127,-1,DDInter14,Acetaminophen,DB00316,DDInter1607,Ritonavir,DB00503,Unknown,Unknown,DDInter14|DDInter1607,https://ddinter.scbdd.com/ddinter/interact/1148127,2026-09-09T10:06:36+00:00
1148139,-1,DDInter14,Acetaminophen,DB00316,DDInter384,Ciprofloxacin,DB00537,Unknown,Unknown,DDInter14|DDInter384,https://ddinter.scbdd.com/ddinter/interact/1148139,2026-09-09T10:06:36+00:00
1148149,-1,DDInter14,Acetaminophen,DB00316,DDInter1020,Lamotrigine,DB00555,Unknown,Unknown,DDInter1020|DDInter14,https://ddinter.scbdd.com/ddinter/interact/1148149,2026-09-09T10:06:36+00:00
1148162,-1,DDInter14,Acetaminophen,DB00316,DDInter638,Enalapril,DB00584,Unknown,Unknown,DDInter14|DDInter638,https://ddinter.scbdd.com/ddinter/interact/1148162,2026-09-09T10:06:36+00:00
1148174,-1,DDInter14,Acetaminophen,DB00316,DDInter216,Bisoprolol,DB00612,Unknown,Unknown,DDInter14|DDInter216,https://ddinter.scbdd.com/ddinter/interact/1148174,2026-09-09T10:06:36+00:00
1148181,-1,DDInter14,Acetaminophen,DB00316,DDInter1675,Simvastatin,DB00641,Unknown,Unknown,DDInter14|DDInter1675,https://ddinter.scbdd.com/ddinter/interact/1148181,2026-09-09T10:06:36+00:00
1148194,-1,DDInter14,Acetaminophen,DB00316,DDInter1095,Losartan,DB00678,Unknown,Unknown,DDInter1095|DDInter14,https://ddinter.scbdd.com/ddinter/interact/1148194,2026-09-09T10:06:36+00:00
1148199,-1,DDInter14,Acetaminophen,DB00316,DDInter790,Furosemide,DB00695,Unknown,Unknown,DDInter14|DDInter790,https://ddinter.scbdd.com/ddinter/interact/1148199,2026-09-09T10:06:36+00:00
1148217,-1,DDInter14,Acetaminophen,DB00316,DDInter1605,Risperidone,DB00734,Unknown,Unknown,DDInter14|DDInter1605,https://ddinter.scbdd.com/ddinter/interact/1148217,2026-09-09T10:06:36+00:00
1148225,-1,DDInter14,Acetaminophen,DB00316,DDInter413,Clopidogrel,DB00758,Unknown,Unknown,DDInter14|DDInter413,https://ddinter.scbdd.com/ddinter/interact/1148225,2026-09-09T10:06:36+00:00
1148261,-1,DDInter14,Acetaminophen,DB00316,DDInter1735,Tacrolimus,DB00864,Unknown,Unknown,DDInter14|DDInter1735,https://ddinter.scbdd.com/ddinter/interact/1148261,2026-09-09T10:06:36+00:00
1148280,-1,DDInter14,Acetaminophen,DB00316,DDInter1202,Metronidazole,DB00916,Unknown,Unknown,DDInter1202|DDInter14,https://ddinter.scbdd.com/ddinter/interact/1148280,2026-09-09T10:06:36+00:00
1148288,-1,DDInter14,Acetaminophen,DB00316,DDInter20,Acetylsalicylic acid,DB00945,Unknown,Unknown,DDInter14|DDInter20,https://ddinter.scbdd.com/ddinter/interact/1148288,2026-09-09T10:06:36+00:00
1148315,-1,DDInter14,Acetaminophen,DB00316,DDInter883,Hydrochlorothiazide,DB00999,Unknown,Unknown,DDInter14|DDInter883,https://ddinter.scbdd.com/ddinter/interact/1148315,2026-09-09T10:06:36+00:00
1148339,-1,DDInter14,Acetaminophen,DB00316,DDInter900,Ibuprofen,DB01050,Unknown,Unknown,DDInter14|DDInter900,https://ddinter.scbdd.com/ddinter/interact/1148339,2026-09-09T10:06:36+00:00
1148342,-1,DDInter14,Acetaminophen,DB00316,DDInter83,Amoxicillin,DB01060,Unknown,Unknown,DDInter14|DDInter83,https://ddinter.scbdd.com/ddinter/interact/1148342,2026-09-09T10:06:36+00:00
1148348,-1,DDInter14,Acetaminophen,DB00316,DDInter133,Atorvastatin,DB01076,Unknown,Unknown,DDInter133|DDInter14,https://ddinter.scbdd.com/ddinter/interact/1148348,2026-09-09T10:06:36+00:00
1148355,-1,DDInter14,Acetaminophen,DB00316,DDInter1622,Rosuvastatin,DB01098,Unknown,Unknown,DDInter14|DDInter1622,https://ddinter.scbdd.com/ddinter/interact/1148355,2026-09-09T10:06:36+00:00
1148364,-1,DDInter14,Acetaminophen,DB00316,DDInter76,Amiodarone,DB01118,Unknown,Unknown,DDInter14|DDInter76,https://ddinter.scbdd.com/ddinter/interact/1148364,2026-09-09T10:06:36+00:00
1148371,-1,DDInter14,Acetaminophen,DB00316,DDInter305,Carvedilol,DB01136,Unknown,Unknown,DDInter14|DDInter305,https://ddinter.scbdd.com/ddinter/interact/1148371,2026-09-09T10:06:36+00:00
1148381,-1,DDInter14,Acetaminophen,DB00316,DDInter995,Itraconazole,DB01167,Unknown,Unknown,DDInter14|DDInter995,https://ddinter.scbdd.com/ddinter/interact/1148381,2026-09-09T10:06:36+00:00
1148399,-1,DDInter14,Acetaminophen,DB00316,DDInter393,Clarithromycin,DB01211,Unknown,Unknown,DDInter14|DDInter393,https://ddinter.scbdd.com/ddinter/interact/1148399,2026-09-09T10:06:36+00:00
1148400,-1,DDInter14,Acetaminophen,DB00316,DDInter334,Ceftriaxone,DB01212,Unknown,Unknown,DDInter14|DDInter334,https://ddinter.scbdd.com/ddinter/interact/1148400,2026-09-09T10:06:36+00:00
1148408,-1,DDInter14,Acetaminophen,DB00316,DDInter1553,Quetiapine,DB01224,Unknown,Unknown,DDInter14|DDInter1553,https://ddinter.scbdd.com/ddinter/interact/1148408,2026-09-09T10:06:36+00:00
1148410,-1,DDInter14,Acetaminophen,DB00316,DDInter513,Dexamethasone,DB01234,Unknown,Unknown,DDInter14|DDInter513,https://ddinter.scbdd.com/ddinter/interact/1148410,2026-09-09T10:06:36+00:00
1148412,-1,DDInter14,Acetaminophen,DB00316,DDInter118,Aripiprazole,DB01238,Unknown,Unknown,DDInter118|DDInter14,https://ddinter.scbdd.com/ddinter/interact/1148412,2026-09-09T10:06:36+00:00
1148916,-1,DDInter1915,Valsartan,DB00177,DDInter1164,Metformin,DB00331,Unknown,Unknown,DDInter1164|DDInter1915,https://ddinter.scbdd.com/ddinter/interact/1148916,2026-09-09T10:06:36+00:00
1148929,-1,DDInter1927,Venlafaxine,DB00285,DDInter1164,Metformin,DB00331,Unknown,Unknown,DDInter1164|DDInter1927,https://ddinter.scbdd.com/ddinter/interact/1148929,2026-09-09T10:06:36+00:00
1148936,-1,DDInter1164,Metformin,DB00331,DDInter1340,Omeprazole,DB00338,Unknown,Unknown,DDInter1164|DDInter1340,https://ddinter.scbdd.com/ddinter/interact/1148936,2026-09-09T10:06:36+00:00
1148956,-1,DDInter1164,Metformin,DB00331,DDInter608,Duloxetine,DB00476,Unknown,Unknown,DDInter1164|DDInter608,https://ddinter.scbdd.com/ddinter/interact/1148956,2026-09-09T10:06:36+00:00
1148974,-1,DDInter1164,Metformin,DB00331,DDInter1174,Methotrexate,DB00563,Unknown,Unknown,DDInter1164|DDInter1174,https://ddinter.scbdd.com/ddinter/interact/1148974,2026-09-09T10:06:36+00:00
1148982,-1,DDInter1164,Metformin,DB00331,DDInter1675,Simvastatin,DB00641,Unknown,Unknown,DDInter1164|DDInter1675,https://ddinter.scbdd.com/ddinter/interact/1148982,2026-09-09T10:06:36+00:00
1149022,-1,DDInter1164,Metformin,DB00331,DDInter1202,Metronidazole,DB00916,Unknown,Unknown,DDInter1164|DDInter1202,https://ddinter.scbdd.com/ddinter/interact/1149022,2026-09-09T10:06:36+00:00
1149049,-1,DDInter1164,Metformin,DB00331,DDInter1622,Rosuvastatin,DB01098,Unknown,Unknown,DDInter1164|DDInter1622,https://ddinter.scbdd.com/ddinter/interact/1149049,2026-09-09T10:06:36+00:00
1149112,-1,DDInter1326,Olanzapine,DB00334,DDInter1340,Omeprazole,DB00338,Unknown,Unknown,DDInter1326|DDInter1340,https://ddinter.scbdd.com/ddinter/interact/1149112,2026-09-09T10:06:36+00:00
1149138,-1,DDInter1326,Olanzapine,DB00334,DDInter1675,Simvastatin,DB00641,Unknown,Unknown,DDInter1326|DDInter1675,https://ddinter.scbdd.com/ddinter/interact/1149138,2026-09-09T10:06:36+00:00
1149145,-1,DDInter1326,Olanzapine,DB00334,DDInter1951,Warfarin,DB00682,Unknown,Unknown,DDInter1326|DDInter1951,https://ddinter.scbdd.com/ddinter/interact/1149145,2026-09-09T10:06:36+00:00
1149171,-1,DDInter1326,Olanzapine,DB00334,DDInter1622,Rosuvastatin,DB01098,Unknown,Unknown,DDInter1326|DDInter1622,https://ddinter.scbdd.com/ddinter/interact/1149171,2026-09-09T10:06:36+00:00
1149425,-1,DDInter1915,Valsartan,DB00177,DDInter1340,Omeprazole,DB00338,Unknown,Unknown,DDInter1340|DDInter1915,https://ddinter.scbdd.com/ddinter/interact/1149425,2026-09-09T10:06:36+00:00
1149426,-1,DDInter1565,Ramipril,DB00178,DDInter1340,Omeprazole,DB00338,Unknown,Unknown,DDInter1340|DDInter1565,https://ddinter.scbdd.com/ddinter/interact/1149426,2026-09-09T10:06:36+00:00
1149446,-1,DDInter1927,Venlafaxine,DB00285,DDInter1340,Omeprazole,DB00338,Unknown,Unknown,DDInter1340|DDInter1927,https://ddinter.scbdd.com/ddinter/interact/1149446,2026-09-09T10:06:36+00:00
1149471,-1,DDInter1340,Omeprazole,DB00338,DDInter1707,Spironolactone,DB00421,Unknown,Unknown,DDInter1340|DDInter1707,https://ddinter.scbdd.com/ddinter/interact/1149471,2026-09-09T10:06:36+00:00
1149488,-1,DDInter1340,Omeprazole,DB00338,DDInter1607,Ritonavir,DB00503,Unknown,Unknown,DDInter1340|DDInter1607,https://ddinter.scbdd.com/ddinter/interact/1149488,2026-09-09T10:06:36+00:00
1149540,-1,DDInter1340,Omeprazole,DB00338,DDInter1605,Risperidone,DB00734,Unknown,Unknown,DDInter1340|DDInter1605,https://ddinter.scbdd.com/ddinter/interact/1149540,2026-09-09T10:06:36+00:00
1149613,-1,DDInter1340,Omeprazole,DB00338,DDInter1622,Rosuvastatin,DB01098,Unknown,Unknown,DDInter1340|DDInter1622,https://ddinter.scbdd.com/ddinter/interact/1149613,2026-09-09T10:06:36+00:00
1149633,-1,DDInter1340,Omeprazole,DB00338,DDInter1553,Quetiapine,DB01224,Unknown,Unknown,DDInter1340|DDInter1553,https://ddinter.scbdd.com/ddinter/interact/1149633,2026-09-09T10:06:36+00:00
1149637,-1,DDInter1340,Omeprazole,DB00338,DDInter118,Aripiprazole,DB01238,Unknown,Unknown,DDInter118|DDInter1340,https://ddinter.scbdd.com/ddinter/interact/1149637,2026-09-09T10:06:36+00:00
1150731,-1,DDInter1915,Valsartan,DB00177,DDInter79,Amlodipine,DB00381,Unknown,Unknown,DDInter1915|DDInter79,https://ddinter.scbdd.com/ddinter/interact/1150731,2026-09-09T10:06:36+00:00
1150736,-1,DDInter157,Azithromycin,DB00207,DDInter79,Amlodipine,DB00381,Unknown,Unknown,DDInter157|DDInter79,https://ddinter.scbdd.com/ddinter/interact/1150736,2026-09-09T10:06:36+00:00
1150742,-1,DDInter825,Glimepiride,DB00222,DDInter79,Amlodipine,DB00381,Unknown,Unknown,DDInter79|DDInter825,https://ddinter.scbdd.com/ddinter/interact/1150742,2026-09-09T10:06:36+00:00
1150757,-1,DDInter1927,Venlafaxine,DB00285,DDInter79,Amlodipine,DB00381,Unknown,Unknown,DDInter1927|DDInter79,https://ddinter.scbdd.com/ddinter/interact/1150757,2026-09-09T10:06:36+00:00
1150760,-1,DDInter1913,Valproic acid,DB00313,DDInter79,Amlodipine,DB00381,Unknown,Unknown,DDInter1913|DDInter79,https://ddinter.scbdd.com/ddinter/interact/1150760,2026-09-09T10:06:36+00:00
1150764,-1,DDInter1164,Metformin,DB00331,DDInter79,Amlodipine,DB00381,Unknown,Unknown,DDInter1164|DDInter79,https://ddinter.scbdd.com/ddinter/interact/1150764,2026-09-09T10:06:36+00:00
1150765,-1,DDInter1340,Omeprazole,DB00338,DDInter79,Amlodipine,DB00381,Unknown,Unknown,DDInter1340|DDInter79,https://ddinter.scbdd.com/ddinter/interact/1150765,2026-09-09T10:06:36+00:00
1150774,-1,DDInter79,Amlodipine,DB00381,DDInter554,Digoxin,DB00390,Unknown,Unknown,DDInter554|DDInter79,https://ddinter.scbdd.com/ddinter/interact/1150774,2026-09-09T10:06:36+00:00
1150782,-1,DDInter79,Amlodipine,DB00381,DDInter1707,Spironolactone,DB00421,Unknown,Unknown,DDInter1707|DDInter79,https://ddinter.scbdd.com/ddinter/interact/1150782,2026-09-09T10:06:36+00:00
1150796,-1,DDInter79,Amlodipine,DB00381,DDInter608,Duloxetine,DB00476,Unknown,Unknown,DDInter608|DDInter79,https://ddinter.scbdd.com/ddinter/interact/1150796,2026-09-09T10:06:36+00:00
1150818,-1,DDInter79,Amlodipine,DB00381,DDInter1020,Lamotrigine,DB00555,Unknown,Unknown,DDInter1020|DDInter79,https://ddinter.scbdd.com/ddinter/interact/1150818,2026-09-09T10:06:36+00:00
1150820,-1,DDInter79,Amlodipine,DB00381,DDInter1174,Methotrexate,DB00563,Unknown,Unknown,DDInter1174|DDInter79,https://ddinter.scbdd.com/ddinter/interact/1150820,2026-09-09T10:06:36+00:00
1150840,-1,DDInter79,Amlodipine,DB00381,DDInter1095,Losartan,DB00678,Unknown,Unknown,DDInter1095|DDInter79,https://ddinter.scbdd.com/ddinter/interact/1150840,2026-09-09T10:06:36+00:00
1150841,-1,DDInter79,Amlodipine,DB00381,DDInter1951,Warfarin,DB00682,Unknown,Unknown,DDInter1951|DDInter79,https://ddinter.scbdd.com/ddinter/interact/1150841,2026-09-09T10:06:36+00:00
1150845,-1,DDInter79,Amlodipine,DB00381,DDInter790,Furosemide,DB00695,Unknown,Unknown,DDInter79|DDInter790,https://ddinter.scbdd.com/ddinter/interact/1150845,2026-09-09T10:06:36+00:00
1150855,-1,DDInter79,Amlodipine,DB00381,DDInter413,Clopidogrel,DB00758,Unknown,Unknown,DDInter413|DDInter79,https://ddinter.scbdd.com/ddinter/interact/1150855,2026-09-09T10:06:36+00:00
1150887,-1,DDInter79,Amlodipine,DB00381,DDInter1202,Metronidazole,DB00916,Unknown,Unknown,DDInter1202|DDInter79,https://ddinter.scbdd.com/ddinter/interact/1150887,2026-09-09T10:06:36+00:00
1150927,-1,DDInter79,Amlodipine,DB00381,DDInter83,Amoxicillin,DB01060,Unknown,Unknown,DDInter79|DDInter83,https://ddinter.scbdd.com/ddinter/interact/1150927,2026-09-09T10:06:36+00:00
1150938,-1,DDInter79,Amlodipine,DB00381,DDInter1622,Rosuvastatin,DB01098,Unknown,Unknown,DDInter1622|DDInter79,https://ddinter.scbdd.com/ddinter/interact/1150938,2026-09-09T10:06:36+00:00
1150960,-1,DDInter79,Amlodipine,DB00381,DDInter334,Ceftriaxone,DB01212,Unknown,Unknown,DDInter334|DDInter79,https://ddinter.scbdd.com/ddinter/interact/1150960,2026-09-09T10:06:36+00:00
1150994,-1,DDInter1915,Valsartan,DB00177,DDInter554,Digoxin,DB00390,Unknown,Unknown,DDInter1915|DDInter554,https://ddinter.scbdd.com/ddinter/interact/1150994,2026-09-09T10:06:36+00:00
1150997,-1,DDInter743,Fluconazole,DB00196,DDInter554,Digoxin,DB00390,Unknown,Unknown,DDInter554|DDInter743,https://ddinter.scbdd.com/ddinter/interact/1150997,2026-09-09T10:06:36+00:00
1151001,-1,DDInter825,Glimepiride,DB00222,DDInter554,Digoxin,DB00390,Unknown,Unknown,DDInter554|DDInter825,https://ddinter.scbdd.com/ddinter/interact/1151001,2026-09-09T10:06:36+00:00
1151011,-1,DDInter1927,Venlafaxine,DB00285,DDInter554,Digoxin,DB00390,Unknown,Unknown,DDInter1927|DDInter554,https://ddinter.scbdd.com/ddinter/interact/1151011,2026-09-09T10:06:36+00:00
1151017,-1,DDInter1913,Valproic acid,DB00313,DDInter554,Digoxin,DB00390,Unknown,Unknown,DDInter1913|DDInter554,https://ddinter.scbdd.com/ddinter/interact/1151017,2026-09-09T10:06:36+00:00
1151023,-1,DDInter1326,Olanzapine,DB00334,DDInter554,Digoxin,DB00390,Unknown,Unknown,DDInter1326|DDInter554,https://ddinter.scbdd.com/ddinter/interact/1151023,2026-09-09T10:06:36+00:00
1151050,-1,DDInter554,Digoxin,DB00390,DDInter608,Duloxetine,DB00476,Unknown,Unknown,DDInter554|DDInter608,https://ddinter.scbdd.com/ddinter/interact/1151050,2026-09-09T10:06:36+00:00
1151069,-1,DDInter554,Digoxin,DB00390,DDInter1020,Lamotrigine,DB00555,Unknown,Unknown,DDInter1020|DDInter554,https://ddinter.scbdd.com/ddinter/interact/1151069,2026-09-09T10:06:36+00:00
1151085,-1,DDInter554,Digoxin,DB00390,DDInter1675,Simvastatin,DB00641,Unknown,Unknown,DDInter1675|DDInter554,https://ddinter.scbdd.com/ddinter/interact/1151085,2026-09-09T10:06:36+00:00
1151094,-1,DDInter554,Digoxin,DB00390,DDInter1095,Losartan,DB00678,Unknown,Unknown,DDInter1095|DDInter554,https://ddinter.scbdd.com/ddinter/interact/1151094,2026-09-09T10:06:36+00:00
1151095,-1,DDInter554,Digoxin,DB00390,DDInter1951,Warfarin,DB00682,Unknown,Unknown,DDInter1951|DDInter554,https://ddinter.scbdd.com/ddinter/interact/1151095,2026-09-09T10:06:36+00:00
1151107,-1,DDInter554,Digoxin,DB00390,DDInter1605,Risperidone,DB00734,Unknown,Unknown,DDInter1605|DDInter554,https://ddinter.scbdd.com/ddinter/interact/1151107,2026-09-09T10:06:36+00:00
1151129,-1,DDInter554,Digoxin,DB00390,DDInter1735,Tacrolimus,DB00864,Unknown,Unknown,DDInter1735|DDInter554,https://ddinter.scbdd.com/ddinter/interact/1151129,2026-09-09T10:06:36+00:00
1151139,-1,DDInter554,Digoxin,DB00390,DDInter1202,Metronidazole,DB00916,Unknown,Unknown,DDInter1202|DDInter554,https://ddinter.scbdd.com/ddinter/interact/1151139,2026-09-09T10:06:36+00:00
1151179,-1,DDInter554,Digoxin,DB00390,DDInter1622,Rosuvastatin,DB01098,Unknown,Unknown,DDInter1622|DDInter554,https://ddinter.scbdd.com/ddinter/interact/1151179,2026-09-09T10:06:36+00:00
1151199,-1,DDInter554,Digoxin,DB00390,DDInter1553,Quetiapine,DB01224,Unknown,Unknown,DDInter1553|DDInter554,https://ddinter.scbdd.com/ddinter/interact/1151199,2026-09-09T10:06:36+00:00
1151202,-1,DDInter554,Digoxin,DB00390,DDInter118,Aripiprazole,DB01238,Unknown,Unknown,DDInter118|DDInter554,https://ddinter.scbdd.com/ddinter/interact/1151202,2026-09-09T10:06:36+00:00
1152033,-1,DDInter1707,Spironolactone,DB00421,DDInter1675,Simvastatin,DB00641,Unknown,Unknown,DDInter1675|DDInter1707,https://ddinter.scbdd.com/ddinter/interact/1152033,2026-09-09T10:06:36+00:00
1152072,-1,DDInter1707,Spironolactone,DB00421,DDInter1590,Rifampicin,DB01045,Unknown,Unknown,DDInter1590|DDInter1707,https://ddinter.scbdd.com/ddinter/interact/1152072,2026-09-09T10:06:36+00:00
1152075,-1,DDInter1707,Spironolactone,DB00421,DDInter1622,Rosuvastatin,DB01098,Unknown,Unknown,DDInter1622|DDInter1707,https://ddinter.scbdd.com/ddinter/interact/1152075,2026-09-09T10:06:36+00:00
1152085,-1,DDInter1707,Spironolactone,DB00421,DDInter393,Clarithromycin,DB01211,Unknown,Unknown,DDInter1707|DDInter393,https://ddinter.scbdd.com/ddinter/interact/1152085,2026-09-09T10:06:36+00:00
1154326,-1,DDInter1915,Valsartan,DB00177,DDInter758,Fluoxetine,DB00472,Unknown,Unknown,DDInter1915|DDInter758,https://ddinter.scbdd.com/ddinter/interact/1154326,2026-09-09T10:06:36+00:00
1154327,-1,DDInter1565,Ramipril,DB00178,DDInter758,Fluoxetine,DB00472,Unknown,Unknown,DDInter1565|DDInter758,https://ddinter.scbdd.com/ddinter/interact/1154327,2026-09-09T10:06:36+00:00
1154339,-1,DDInter1164,Metformin,DB00331,DDInter758,Fluoxetine,DB00472,Unknown,Unknown,DDInter1164|DDInter758,https://ddinter.scbdd.com/ddinter/interact/1154339,2026-09-09T10:06:36+00:00
1154340,-1,DDInter1340,Omeprazole,DB00338,DDInter758,Fluoxetine,DB00472,Unknown,Unknown,DDInter1340|DDInter758,https://ddinter.scbdd.com/ddinter/interact/1154340,2026-09-09T10:06:36+00:00
1154360,-1,DDInter758,Fluoxetine,DB00472,DDInter1174,Methotrexate,DB00563,Unknown,Unknown,DDInter1174|DDInter758,https://ddinter.scbdd.com/ddinter/interact/1154360,2026-09-09T10:06:36+00:00
1154367,-1,DDInter758,Fluoxetine,DB00472,DDInter1675,Simvastatin,DB00641,Unknown,Unknown,DDInter1675|DDInter758,https://ddinter.scbdd.com/ddinter/interact/1154367,2026-09-09T10:06:36+00:00
1154371,-1,DDInter758,Fluoxetine,DB00472,DDInter1095,Losartan,DB00678,Unknown,Unknown,DDInter1095|DDInter758,https://ddinter.scbdd.com/ddinter/interact/1154371,2026-09-09T10:06:36+00:00
1154408,-1,DDInter758,Fluoxetine,DB00472,DDInter1590,Rifampicin,DB01045,Unknown,Unknown,DDInter1590|DDInter758,https://ddinter.scbdd.com/ddinter/interact/1154408,2026-09-09T10:06:36+00:00
1154415,-1,DDInter758,Fluoxetine,DB00472,DDInter1622,Rosuvastatin,DB01098,Unknown,Unknown,DDInter1622|DDInter758,https://ddinter.scbdd.com/ddinter/interact/1154415,2026-09-09T10:06:36+00:00
1154484,-1,DDInter608,Duloxetine,DB00476,DDInter1590,Rifampicin,DB01045,Unknown,Unknown,DDInter1590|DDInter608,https://ddinter.scbdd.com/ddinter/interact/1154484,2026-09-09T10:06:36+00:00
1154487,-1,DDInter608,Duloxetine,DB00476,DDInter1622,Rosuvastatin,DB01098,Unknown,Unknown,DDInter1622|DDInter608,https://ddinter.scbdd.com/ddinter/interact/1154487,2026-09-09T10:06:36+00:00
1155668,-1,DDInter1707,Spironolactone,DB00421,DDInter1607,Ritonavir,DB00503,Unknown,Unknown,DDInter1607|DDInter1707,https://ddinter.scbdd.com/ddinter/interact/1155668,2026-09-09T10:06:36+00:00
1156335,-1,DDInter1915,Valsartan,DB00177,DDInter384,Ciprofloxacin,DB00537,Unknown,Unknown,DDInter1915|DDInter384,https://ddinter.scbdd.com/ddinter/interact/1156335,2026-09-09T10:06:36+00:00
1156336,-1,DDInter1565,Ramipril,DB00178,DDInter384,Ciprofloxacin,DB00537,Unknown,Unknown,DDInter1565|DDInter384,https://ddinter.scbdd.com/ddinter/interact/1156336,2026-09-09T10:06:36+00:00
1156363,-1,DDInter1913,Valproic acid,DB00313,DDInter384,Ciprofloxacin,DB00537,Unknown,Unknown,DDInter1913|DDInter384,https://ddinter.scbdd.com/ddinter/interact/1156363,2026-09-09T10:06:36+00:00
1156372,-1,DDInter554,Digoxin,DB00390,DDInter384,Ciprofloxacin,DB00537,Unknown,Unknown,DDInter384|DDInter554,https://ddinter.scbdd.com/ddinter/interact/1156372,2026-09-09T10:06:36+00:00
1156378,-1,DDInter1707,Spironolactone,DB00421,DDInter384,Ciprofloxacin,DB00537,Unknown,Unknown,DDInter1707|DDInter384,https://ddinter.scbdd.com/ddinter/interact/1156378,2026-09-09T10:06:36+00:00
1156394,-1,DDInter1607,Ritonavir,DB00503,DDInter384,Ciprofloxacin,DB00537,Unknown,Unknown,DDInter1607|DDInter384,https://ddinter.scbdd.com/ddinter/interact/1156394,2026-09-09T10:06:36+00:00
1156400,-1,DDInter384,Ciprofloxacin,DB00537,DDInter1020,Lamotrigine,DB00555,Unknown,Unknown,DDInter1020|DDInter384,https://ddinter.scbdd.com/ddinter/interact/1156400,2026-09-09T10:06:36+00:00
1156406,-1,DDInter384,Ciprofloxacin,DB00537,DDInter638,Enalapril,DB00584,Unknown,Unknown,DDInter384|DDInter638,https://ddinter.scbdd.com/ddinter/interact/1156406,2026-09-09T10:06:36+00:00
1156421,-1,DDInter384,Ciprofloxacin,DB00537,DDInter1095,Losartan,DB00678,Unknown,Unknown,DDInter1095|DDInter384,https://ddinter.scbdd.com/ddinter/interact/1156421,2026-09-09T10:06:36+00:00
1156437,-1,DDInter384,Ciprofloxacin,DB00537,DDInter413,Clopidogrel,DB00758,Unknown,Unknown,DDInter384|DDInter413,https://ddinter.scbdd.com/ddinter/interact/1156437,2026-09-09T10:06:36+00:00
1156478,-1,DDInter384,Ciprofloxacin,DB00537,DDInter883,Hydrochlorothiazide,DB00999,Unknown,Unknown,DDInter384|DDInter883,https://ddinter.scbdd.com/ddinter/interact/1156478,2026-09-09T10:06:36+00:00
1156489,-1,DDInter384,Ciprofloxacin,DB00537,DDInter1590,Rifampicin,DB01045,Unknown,Unknown,DDInter1590|DDInter384,https://ddinter.scbdd.com/ddinter/interact/1156489,2026-09-09T10:06:36+00:00
1156501,-1,DDInter384,Ciprofloxacin,DB00537,DDInter1622,Rosuvastatin,DB01098,Unknown,Unknown,DDInter1622|DDInter384,https://ddinter.scbdd.com/ddinter/interact/1156501,2026-09-09T10:06:36+00:00
1156915,-1,DDInter1915,Valsartan,DB00177,DDInter1020,Lamotrigine,DB00555,Unknown,Unknown,DDInter1020|DDInter1915,https://ddinter.scbdd.com/ddinter/interact/1156915,2026-09-09T10:06:36+00:00
1156916,-1,DDInter1565,Ramipril,DB00178,DDInter1020,Lamotrigine,DB00555,Unknown,Unknown,DDInter1020|DDInter1565,https://ddinter.scbdd.com/ddinter/interact/1156916,2026-09-09T10:06:36+00:00
1156933,-1,DDInter1340,Omeprazole,DB00338,DDInter1020,Lamotrigine,DB00555,Unknown,Unknown,DDInter1020|DDInter1340,https://ddinter.scbdd.com/ddinter/interact/1156933,2026-09-09T10:06:36+00:00
1156940,-1,DDInter1707,Spironolactone,DB00421,DDInter1020,Lamotrigine,DB00555,Unknown,Unknown,DDInter1020|DDInter1707,https://ddinter.scbdd.com/ddinter/interact/1156940,2026-09-09T10:06:36+00:00
1156950,-1,DDInter1607,Ritonavir,DB00503,DDInter1020,Lamotrigine,DB00555,Unknown,Unknown,DDInter1020|DDInter1607,https://ddinter.scbdd.com/ddinter/interact/1156950,2026-09-09T10:06:36+00:00
1156969,-1,DDInter1020,Lamotrigine,DB00555,DDInter1675,Simvastatin,DB00641,Unknown,Unknown,DDInter1020|DDInter1675,https://ddinter.scbdd.com/ddinter/interact/1156969,2026-09-09T10:06:36+00:00
1156976,-1,DDInter1020,Lamotrigine,DB00555,DDInter1095,Losartan,DB00678,Unknown,Unknown,DDInter1020|DDInter1095,https://ddinter.scbdd.com/ddinter/interact/1156976,2026-09-09T10:06:36+00:00
1156977,-1,DDInter1020,Lamotrigine,DB00555,DDInter1951,Warfarin,DB00682,Unknown,Unknown,DDInter1020|DDInter1951,https://ddinter.scbdd.com/ddinter/interact/1156977,2026-09-09T10:06:36+00:00
1157003,-1,DDInter1020,Lamotrigine,DB00555,DDInter1735,Tacrolimus,DB00864,Unknown,Unknown,DDInter1020|DDInter1735,https://ddinter.scbdd.com/ddinter/interact/1157003,2026-09-09T10:06:36+00:00
1157009,-1,DDInter1020,Lamotrigine,DB00555,DDInter1202,Metronidazole,DB00916,Unknown,Unknown,DDInter1020|DDInter1202,https://ddinter.scbdd.com/ddinter/interact/1157009,2026-09-09T10:06:36+00:00
1157034,-1,DDInter1020,Lamotrigine,DB00555,DDInter1622,Rosuvastatin,DB01098,Unknown,Unknown,DDInter1020|DDInter1622,https://ddinter.scbdd.com/ddinter/interact/1157034,2026-09-09T10:06:36+00:00
1157048,-1,DDInter1020,Lamotrigine,DB00555,DDInter393,Clarithromycin,DB01211,Unknown,Unknown,DDInter1020|DDInter393,https://ddinter.scbdd.com/ddinter/interact/1157048,2026-09-09T10:06:36+00:00
1157049,-1,DDInter1020,Lamotrigine,DB00555,DDInter1553,Quetiapine,DB01224,Unknown,Unknown,DDInter1020|DDInter1553,https://ddinter.scbdd.com/ddinter/interact/1157049,2026-09-09T10:06:36+00:00
1157214,-1,DDInter1915,Valsartan,DB00177,DDInter1174,Methotrexate,DB00563,Unknown,Unknown,DDInter1174|DDInter1915,https://ddinter.scbdd.com/ddinter/interact/1157214,2026-09-09T10:06:36+00:00
1157227,-1,DDInter1927,Venlafaxine,DB00285,DDInter1174,Methotrexate,DB00563,Unknown,Unknown,DDInter1174|DDInter1927,https://ddinter.scbdd.com/ddinter/interact/1157227,2026-09-09T10:06:36+00:00
1157232,-1,DDInter1326,Olanzapine,DB00334,DDInter1174,Methotrexate,DB00563,Unknown,Unknown,DDInter1174|DDInter1326,https://ddinter.scbdd.com/ddinter/interact/1157232,2026-09-09T10:06:36+00:00
1157243,-1,DDInter1707,Spironolactone,DB00421,DDInter1174,Methotrexate,DB00563,Unknown,Unknown,DDInter1174|DDInter1707,https://ddinter.scbdd.com/ddinter/interact/1157243,2026-09-09T10:06:36+00:00
1157272,-1,DDInter1174,Methotrexate,DB00563,DDInter1605,Risperidone,DB00734,Unknown,Unknown,DDInter1174|DDInter1605,https://ddinter.scbdd.com/ddinter/interact/1157272,2026-09-09T10:06:36+00:00
1157294,-1,DDInter1174,Methotrexate,DB00563,DDInter1202,Metronidazole,DB00916,Unknown,Unknown,DDInter1174|DDInter1202,https://ddinter.scbdd.com/ddinter/interact/1157294,2026-09-09T10:06:36+00:00
1157333,-1,DDInter1174,Methotrexate,DB00563,DDInter1553,Quetiapine,DB01224,Unknown,Unknown,DDInter1174|DDInter1553,https://ddinter.scbdd.com/ddinter/interact/1157333,2026-09-09T10:06:36+00:00
1157337,-1,DDInter1174,Methotrexate,DB00563,DDInter118,Aripiprazole,DB01238,Unknown,Unknown,DDInter1174|DDInter118,https://ddinter.scbdd.com/ddinter/interact/1157337,2026-09-09T10:06:36+00:00
1157355,-1,DDInter1915,Valsartan,DB00177,DDInter293,Carbamazepine,DB00564,Unknown,Unknown,DDInter1915|DDInter293,https://ddinter.scbdd.com/ddinter/interact/1157355,2026-09-09T10:06:36+00:00
1157356,-1,DDInter1565,Ramipril,DB00178,DDInter293,Carbamazepine,DB00564,Unknown,Unknown,DDInter1565|DDInter293,https://ddinter.scbdd.com/ddinter/interact/1157356,2026-09-09T10:06:36+00:00
1157364,-1,DDInter825,Glimepiride,DB00222,DDInter293,Carbamazepine,DB00564,Unknown,Unknown,DDInter293|DDInter825,https://ddinter.scbdd.com/ddinter/interact/1157364,2026-09-09T10:06:36+00:00
1157377,-1,DDInter1164,Metformin,DB00331,DDInter293,Carbamazepine,DB00564,Unknown,Unknown,DDInter1164|DDInter293,https://ddinter.scbdd.com/ddinter/interact/1157377,2026-09-09T10:06:36+00:00
1157379,-1,DDInter1340,Omeprazole,DB00338,DDInter293,Carbamazepine,DB00564,Unknown,Unknown,DDInter1340|DDInter293,https://ddinter.scbdd.com/ddinter/interact/1157379,2026-09-09T10:06:36+00:00
1157385,-1,DDInter554,Digoxin,DB00390,DDInter293,Carbamazepine,DB00564,Unknown,Unknown,DDInter293|DDInter554,https://ddinter.scbdd.com/ddinter/interact/1157385,2026-09-09T10:06:36+00:00
1157406,-1,DDInter384,Ciprofloxacin,DB00537,DDInter293,Carbamazepine,DB00564,Unknown,Unknown,DDInter293|DDInter384,https://ddinter.scbdd.com/ddinter/interact/1157406,2026-09-09T10:06:36+00:00
1157417,-1,DDInter293,Carbamazepine,DB00564,DDInter638,Enalapril,DB00584,Unknown,Unknown,DDInter293|DDInter638,https://ddinter.scbdd.com/ddinter/interact/1157417,2026-09-09T10:06:36+00:00
1157426,-1,DDInter293,Carbamazepine,DB00564,DDInter1095,Losartan,DB00678,Unknown,Unknown,DDInter1095|DDInter293,https://ddinter.scbdd.com/ddinter/interact/1157426,2026-09-09T10:06:36+00:00
1157438,-1,DDInter293,Carbamazepine,DB00564,DDInter413,Clopidogrel,DB00758,Unknown,Unknown,DDInter293|DDInter413,https://ddinter.scbdd.com/ddinter/interact/1157438,2026-09-09T10:06:36+00:00
1157490,-1,DDInter293,Carbamazepine,DB00564,DDInter900,Ibuprofen,DB01050,Unknown,Unknown,DDInter293|DDInter900,https://ddinter.scbdd.com/ddinter/interact/1157490,2026-09-09T10:06:36+00:00
1157499,-1,DDInter293,Carbamazepine,DB00564,DDInter1622,Rosuvastatin,DB01098,Unknown,Unknown,DDInter1622|DDInter293,https://ddinter.scbdd.com/ddinter/interact/1157499,2026-09-09T10:06:36+00:00
1157504,-1,DDInter293,Carbamazepine,DB00564,DDInter305,Carvedilol,DB01136,Unknown,Unknown,DDInter293|DDInter305,https://ddinter.scbdd.com/ddinter/interact/1157504,2026-09-09T10:06:36+00:00
1157513,-1,DDInter293,Carbamazepine,DB00564,DDInter334,Ceftriaxone,DB01212,Unknown,Unknown,DDInter293|DDInter334,https://ddinter.scbdd.com/ddinter/interact/1157513,2026-09-09T10:06:36+00:00
1158442,-1,DDInter1565,Ramipril,DB00178,DDInter638,Enalapril,DB00584,Unknown,Unknown,DDInter1565|DDInter638,https://ddinter.scbdd.com/ddinter/interact/1158442,2026-09-09T10:06:36+00:00
1158446,-1,DDInter743,Fluconazole,DB00196,DDInter638,Enalapril,DB00584,Unknown,Unknown,DDInter638|DDInter743,https://ddinter.scbdd.com/ddinter/interact/1158446,2026-09-09T10:06:36+00:00
1158463,-1,DDInter1927,Venlafaxine,DB00285,DDInter638,Enalapril,DB00584,Unknown,Unknown,DDInter1927|DDInter638,https://ddinter.scbdd.com/ddinter/interact/1158463,2026-09-09T10:06:36+00:00
1158469,-1,DDInter1340,Omeprazole,DB00338,DDInter638,Enalapril,DB00584,Unknown,Unknown,DDInter1340|DDInter638,https://ddinter.scbdd.com/ddinter/interact/1158469,2026-09-09T10:06:36+00:00
1158489,-1,DDInter758,Fluoxetine,DB00472,DDInter638,Enalapril,DB00584,Unknown,Unknown,DDInter638|DDInter758,https://ddinter.scbdd.com/ddinter/interact/1158489,2026-09-09T10:06:36+00:00
1158490,-1,DDInter608,Duloxetine,DB00476,DDInter638,Enalapril,DB00584,Unknown,Unknown,DDInter608|DDInter638,https://ddinter.scbdd.com/ddinter/interact/1158490,2026-09-09T10:06:36+00:00
1158499,-1,DDInter1607,Ritonavir,DB00503,DDInter638,Enalapril,DB00584,Unknown,Unknown,DDInter1607|DDInter638,https://ddinter.scbdd.com/ddinter/interact/1158499,2026-09-09T10:06:36+00:00
1158509,-1,DDInter1020,Lamotrigine,DB00555,DDInter638,Enalapril,DB00584,Unknown,Unknown,DDInter1020|DDInter638,https://ddinter.scbdd.com/ddinter/interact/1158509,2026-09-09T10:06:36+00:00
1158520,-1,DDInter638,Enalapril,DB00584,DDInter1675,Simvastatin,DB00641,Unknown,Unknown,DDInter1675|DDInter638,https://ddinter.scbdd.com/ddinter/interact/1158520,2026-09-09T10:06:36+00:00
1158531,-1,DDInter638,Enalapril,DB00584,DDInter1951,Warfarin,DB00682,Unknown,Unknown,DDInter1951|DDInter638,https://ddinter.scbdd.com/ddinter/interact/1158531,2026-09-09T10:06:36+00:00
1158566,-1,DDInter638,Enalapril,DB00584,DDInter1202,Metronidazole,DB00916,Unknown,Unknown,DDInter1202|DDInter638,https://ddinter.scbdd.com/ddinter/interact/1158566,2026-09-09T10:06:36+00:00
1158608,-1,DDInter638,Enalapril,DB00584,DDInter1622,Rosuvastatin,DB01098,Unknown,Unknown,DDInter1622|DDInter638,https://ddinter.scbdd.com/ddinter/interact/1158608,2026-09-09T10:06:36+00:00
1158618,-1,DDInter638,Enalapril,DB00584,DDInter995,Itraconazole,DB01167,Unknown,Unknown,DDInter638|DDInter995,https://ddinter.scbdd.com/ddinter/interact/1158618,2026-09-09T10:06:36+00:00
1158623,-1,DDInter638,Enalapril,DB00584,DDInter393,Clarithromycin,DB01211,Unknown,Unknown,DDInter393|DDInter638,https://ddinter.scbdd.com/ddinter/interact/1158623,2026-09-09T10:06:36+00:00
1159383,-1,DDInter458,Cyclosporine,DB00091,DDInter216,Bisoprolol,DB00612,Unknown,Unknown,DDInter216|DDInter458,https://ddinter.scbdd.com/ddinter/interact/1159383,2026-09-09T10:06:36+00:00
1159387,-1,DDInter1565,Ramipril,DB00178,DDInter216,Bisoprolol,DB00612,Unknown,Unknown,DDInter1565|DDInter216,https://ddinter.scbdd.com/ddinter/interact/1159387,2026-09-09T10:06:36+00:00
1159390,-1,DDInter743,Fluconazole,DB00196,DDInter216,Bisoprolol,DB00612,Unknown,Unknown,DDInter216|DDInter743,https://ddinter.scbdd.com/ddinter/interact/1159390,2026-09-09T10:06:36+00:00
1159396,-1,DDInter1927,Venlafaxine,DB00285,DDInter216,Bisoprolol,DB00612,Unknown,Unknown,DDInter1927|DDInter216,https://ddinter.scbdd.com/ddinter/interact/1159396,2026-09-09T10:06:36+00:00
1159397,-1,DDInter1913,Valproic acid,DB00313,DDInter216,Bisoprolol,DB00612,Unknown,Unknown,DDInter1913|DDInter216,https://ddinter.scbdd.com/ddinter/interact/1159397,2026-09-09T10:06:36+00:00
1159398,-1,DDInter1164,Metformin,DB00331,DDInter216,Bisoprolol,DB00612,Unknown,Unknown,DDInter1164|DDInter216,https://ddinter.scbdd.com/ddinter/interact/1159398,2026-09-09T10:06:36+00:00
1159399,-1,DDInter1340,Omeprazole,DB00338,DDInter216,Bisoprolol,DB00612,Unknown,Unknown,DDInter1340|DDInter216,https://ddinter.scbdd.com/ddinter/interact/1159399,2026-09-09T10:06:36+00:00
1159407,-1,DDInter758,Fluoxetine,DB00472,DDInter216,Bisoprolol,DB00612,Unknown,Unknown,DDInter216|DDInter758,https://ddinter.scbdd.com/ddinter/interact/1159407,2026-09-09T10:06:36+00:00
1159408,-1,DDInter608,Duloxetine,DB00476,DDInter216,Bisoprolol,DB00612,Unknown,Unknown,DDInter216|DDInter608,https://ddinter.scbdd.com/ddinter/interact/1159408,2026-09-09T10:06:36+00:00
1159416,-1,DDInter384,Ciprofloxacin,DB00537,DDInter216,Bisoprolol,DB00612,Unknown,Unknown,DDInter216|DDInter384,https://ddinter.scbdd.com/ddinter/interact/1159416,2026-09-09T10:06:36+00:00
1159418,-1,DDInter1174,Methotrexate,DB00563,DDInter216,Bisoprolol,DB00612,Unknown,Unknown,DDInter1174|DDInter216,https://ddinter.scbdd.com/ddinter/interact/1159418,2026-09-09T10:06:36+00:00
1159419,-1,DDInter293,Carbamazepine,DB00564,DDInter216,Bisoprolol,DB00612,Unknown,Unknown,DDInter216|DDInter293,https://ddinter.scbdd.com/ddinter/interact/1159419,2026-09-09T10:06:36+00:00
1159421,-1,DDInter638,Enalapril,DB00584,DDInter216,Bisoprolol,DB00612,Unknown,Unknown,DDInter216|DDInter638,https://ddinter.scbdd.com/ddinter/interact/1159421,2026-09-09T10:06:36+00:00
1159422,-1,DDInter216,Bisoprolol,DB00612,DDInter1675,Simvastatin,DB00641,Unknown,Unknown,DDInter1675|DDInter216,https://ddinter.scbdd.com/ddinter/interact/1159422,2026-09-09T10:06:36+00:00
1159424,-1,DDInter216,Bisoprolol,DB00612,DDInter1095,Losartan,DB00678,Unknown,Unknown,DDInter1095|DDInter216,https://ddinter.scbdd.com/ddinter/interact/1159424,2026-09-09T10:06:36+00:00
1159425,-1,DDInter216,Bisoprolol,DB00612,DDInter1951,Warfarin,DB00682,Unknown,Unknown,DDInter1951|DDInter216,https://ddinter.scbdd.com/ddinter/interact/1159425,2026-09-09T10:06:36+00:00
1159430,-1,DDInter216,Bisoprolol,DB00612,DDInter413,Clopidogrel,DB00758,Unknown,Unknown,DDInter216|DDInter413,https://ddinter.scbdd.com/ddinter/interact/1159430,2026-09-09T10:06:36+00:00
1159438,-1,DDInter216,Bisoprolol,DB00612,DDInter1735,Tacrolimus,DB00864,Unknown,Unknown,DDInter1735|DDInter216,https://ddinter.scbdd.com/ddinter/interact/1159438,2026-09-09T10:06:36+00:00
1159445,-1,DDInter216,Bisoprolol,DB00612,DDInter1202,Metronidazole,DB00916,Unknown,Unknown,DDInter1202|DDInter216,https://ddinter.scbdd.com/ddinter/interact/1159445,2026-09-09T10:06:36+00:00
1159461,-1,DDInter216,Bisoprolol,DB00612,DDInter1622,Rosuvastatin,DB01098,Unknown,Unknown,DDInter1622|DDInter216,https://ddinter.scbdd.com/ddinter/interact/1159461,2026-09-09T10:06:36+00:00
1159465,-1,DDInter216,Bisoprolol,DB00612,DDInter305,Carvedilol,DB01136,Unknown,Unknown,DDInter216|DDInter305,https://ddinter.scbdd.com/ddinter/interact/1159465,2026-09-09T10:06:36+00:00
1159468,-1,DDInter216,Bisoprolol,DB00612,DDInter393,Clarithromycin,DB01211,Unknown,Unknown,DDInter216|DDInter393,https://ddinter.scbdd.com/ddinter/interact/1159468,2026-09-09T10:06:36+00:00
1159469,-1,DDInter216,Bisoprolol,DB00612,DDInter334,Ceftriaxone,DB01212,Unknown,Unknown,DDInter216|DDInter334,https://ddinter.scbdd.com/ddinter/interact/1159469,2026-09-09T10:06:36+00:00
1160681,-1,DDInter608,Duloxetine,DB00476,DDInter1675,Simvastatin,DB00641,Unknown,Unknown,DDInter1675|DDInter608,https://ddinter.scbdd.com/ddinter/interact/1160681,2026-09-09T10:06:36+00:00
1160728,-1,DDInter1675,Simvastatin,DB00641,DDInter118,Aripiprazole,DB01238,Unknown,Unknown,DDInter118|DDInter1675,https://ddinter.scbdd.com/ddinter/interact/1160728,2026-09-09T10:06:36+00:00
1161816,-1,DDInter1915,Valsartan,DB00177,DDInter1095,Losartan,DB00678,Unknown,Unknown,DDInter1095|DDInter1915,https://ddinter.scbdd.com/ddinter/interact/1161816,2026-09-09T10:06:36+00:00
1161836,-1,DDInter1927,Venlafaxine,DB00285,DDInter1095,Losartan,DB00678,Unknown,Unknown,DDInter1095|DDInter1927,https://ddinter.scbdd.com/ddinter/interact/1161836,2026-09-09T10:06:36+00:00
1161842,-1,DDInter1164,Metformin,DB00331,DDInter1095,Losartan,DB00678,Unknown,Unknown,DDInter1095|DDInter1164,https://ddinter.scbdd.com/ddinter/interact/1161842,2026-09-09T10:06:36+00:00
1161844,-1,DDInter1340,Omeprazole,DB00338,DDInter1095,Losartan,DB00678,Unknown,Unknown,DDInter1095|DDInter1340,https://ddinter.scbdd.com/ddinter/interact/1161844,2026-09-09T10:06:36+00:00
1161866,-1,DDInter608,Duloxetine,DB00476,DDInter1095,Losartan,DB00678,Unknown,Unknown,DDInter1095|DDInter608,https://ddinter.scbdd.com/ddinter/interact/1161866,2026-09-09T10:06:36+00:00
1161882,-1,DDInter1174,Methotrexate,DB00563,DDInter1095,Losartan,DB00678,Unknown,Unknown,DDInter1095|DDInter1174,https://ddinter.scbdd.com/ddinter/interact/1161882,2026-09-09T10:06:36+00:00
1161889,-1,DDInter1675,Simvastatin,DB00641,DDInter1095,Losartan,DB00678,Unknown,Unknown,DDInter1095|DDInter1675,https://ddinter.scbdd.com/ddinter/interact/1161889,2026-09-09T10:06:36+00:00
1161896,-1,DDInter1095,Losartan,DB00678,DDInter1951,Warfarin,DB00682,Unknown,Unknown,DDInter1095|DDInter1951,https://ddinter.scbdd.com/ddinter/interact/1161896,2026-09-09T10:06:36+00:00
1161922,-1,DDInter1095,Losartan,DB00678,DDInter1202,Metronidazole,DB00916,Unknown,Unknown,DDInter1095|DDInter1202,https://ddinter.scbdd.com/ddinter/interact/1161922,2026-09-09T10:06:36+00:00
1161956,-1,DDInter1095,Losartan,DB00678,DDInter1622,Rosuvastatin,DB01098,Unknown,Unknown,DDInter1095|DDInter1622,https://ddinter.scbdd.com/ddinter/interact/1161956,2026-09-09T10:06:36+00:00
1161977,-1,DDInter1095,Losartan,DB00678,DDInter393,Clarithromycin,DB01211,Unknown,Unknown,DDInter1095|DDInter393,https://ddinter.scbdd.com/ddinter/interact/1161977,2026-09-09T10:06:36+00:00
1162236,-1,DDInter1951,Warfarin,DB00682,DDInter118,Aripiprazole,DB01238,Unknown,Unknown,DDInter118|DDInter1951,https://ddinter.scbdd.com/ddinter/interact/1162236,2026-09-09T10:06:36+00:00
1162331,-1,DDInter1915,Valsartan,DB00177,DDInter790,Furosemide,DB00695,Unknown,Unknown,DDInter1915|DDInter790,https://ddinter.scbdd.com/ddinter/interact/1162331,2026-09-09T10:06:36+00:00
1162366,-1,DDInter1707,Spironolactone,DB00421,DDInter790,Furosemide,DB00695,Unknown,Unknown,DDInter1707|DDInter790,https://ddinter.scbdd.com/ddinter/interact/1162366,2026-09-09T10:06:36+00:00
1162382,-1,DDInter1607,Ritonavir,DB00503,DDInter790,Furosemide,DB00695,Unknown,Unknown,DDInter1607|DDInter790,https://ddinter.scbdd.com/ddinter/interact/1162382,2026-09-09T10:06:36+00:00
1162390,-1,DDInter1020,Lamotrigine,DB00555,DDInter790,Furosemide,DB00695,Unknown,Unknown,DDInter1020|DDInter790,https://ddinter.scbdd.com/ddinter/interact/1162390,2026-09-09T10:06:36+00:00
1162393,-1,DDInter1174,Methotrexate,DB00563,DDInter790,Furosemide,DB00695,Unknown,Unknown,DDInter1174|DDInter790,https://ddinter.scbdd.com/ddinter/interact/1162393,2026-09-09T10:06:36+00:00
1162403,-1,DDInter1675,Simvastatin,DB00641,DDInter790,Furosemide,DB00695,Unknown,Unknown,DDInter1675|DDInter790,https://ddinter.scbdd.com/ddinter/interact/1162403,2026-09-09T10:06:36+00:00
1162413,-1,DDInter1095,Losartan,DB00678,DDInter790,Furosemide,DB00695,Unknown,Unknown,DDInter1095|DDInter790,https://ddinter.scbdd.com/ddinter/interact/1162413,2026-09-09T10:06:36+00:00
1162414,-1,DDInter1951,Warfarin,DB00682,DDInter790,Furosemide,DB00695,Unknown,Unknown,DDInter1951|DDInter790,https://ddinter.scbdd.com/ddinter/interact/1162414,2026-09-09T10:06:36+00:00
1162438,-1,DDInter790,Furosemide,DB00695,DDInter1735,Tacrolimus,DB00864,Unknown,Unknown,DDInter1735|DDInter790,https://ddinter.scbdd.com/ddinter/interact/1162438,2026-09-09T10:06:36+00:00
1162448,-1,DDInter790,Furosemide,DB00695,DDInter1202,Metronidazole,DB00916,Unknown,Unknown,DDInter1202|DDInter790,https://ddinter.scbdd.com/ddinter/interact/1162448,2026-09-09T10:06:36+00:00
1162477,-1,DDInter790,Furosemide,DB00695,DDInter1590,Rifampicin,DB01045,Unknown,Unknown,DDInter1590|DDInter790,https://ddinter.scbdd.com/ddinter/interact/1162477,2026-09-09T10:06:36+00:00
1162484,-1,DDInter790,Furosemide,DB00695,DDInter1622,Rosuvastatin,DB01098,Unknown,Unknown,DDInter1622|DDInter790,https://ddinter.scbdd.com/ddinter/interact/1162484,2026-09-09T10:06:36+00:00
1162492,-1,DDInter790,Furosemide,DB00695,DDInter995,Itraconazole,DB01167,Unknown,Unknown,DDInter790|DDInter995,https://ddinter.scbdd.com/ddinter/interact/1162492,2026-09-09T10:06:36+00:00
1162501,-1,DDInter790,Furosemide,DB00695,DDInter393,Clarithromycin,DB01211,Unknown,Unknown,DDInter393|DDInter790,https://ddinter.scbdd.com/ddinter/interact/1162501,2026-09-09T10:06:36+00:00
1163506,-1,DDInter1675,Simvastatin,DB00641,DDInter1605,Risperidone,DB00734,Unknown,Unknown,DDInter1605|DDInter1675,https://ddinter.scbdd.com/ddinter/interact/1163506,2026-09-09T10:06:36+00:00
1163512,-1,DDInter1951,Warfarin,DB00682,DDInter1605,Risperidone,DB00734,Unknown,Unknown,DDInter1605|DDInter1951,https://ddinter.scbdd.com/ddinter/interact/1163512,2026-09-09T10:06:36+00:00
1163531,-1,DDInter1605,Risperidone,DB00734,DDInter1622,Rosuvastatin,DB01098,Unknown,Unknown,DDInter1605|DDInter1622,https://ddinter.scbdd.com/ddinter/interact/1163531,2026-09-09T10:06:36+00:00
1164256,-1,DDInter458,Cyclosporine,DB00091,DDInter413,Clopidogrel,DB00758,Unknown,Unknown,DDInter413|DDInter458,https://ddinter.scbdd.com/ddinter/interact/1164256,2026-09-09T10:06:36+00:00
1164261,-1,DDInter1915,Valsartan,DB00177,DDInter413,Clopidogrel,DB00758,Unknown,Unknown,DDInter1915|DDInter413,https://ddinter.scbdd.com/ddinter/interact/1164261,2026-09-09T10:06:36+00:00
1164262,-1,DDInter1565,Ramipril,DB00178,DDInter413,Clopidogrel,DB00758,Unknown,Unknown,DDInter1565|DDInter413,https://ddinter.scbdd.com/ddinter/interact/1164262,2026-09-09T10:06:36+00:00
1164295,-1,DDInter1913,Valproic acid,DB00313,DDInter413,Clopidogrel,DB00758,Unknown,Unknown,DDInter1913|DDInter413,https://ddinter.scbdd.com/ddinter/interact/1164295,2026-09-09T10:06:36+00:00
1164300,-1,DDInter1164,Metformin,DB00331,DDInter413,Clopidogrel,DB00758,Unknown,Unknown,DDInter1164|DDInter413,https://ddinter.scbdd.com/ddinter/interact/1164300,2026-09-09T10:06:36+00:00
1164301,-1,DDInter1326,Olanzapine,DB00334,DDInter413,Clopidogrel,DB00758,Unknown,Unknown,DDInter1326|DDInter413,https://ddinter.scbdd.com/ddinter/interact/1164301,2026-09-09T10:06:36+00:00
1164314,-1,DDInter554,Digoxin,DB00390,DDInter413,Clopidogrel,DB00758,Unknown,Unknown,DDInter413|DDInter554,https://ddinter.scbdd.com/ddinter/interact/1164314,2026-09-09T10:06:36+00:00
1164324,-1,DDInter1707,Spironolactone,DB00421,DDInter413,Clopidogrel,DB00758,Unknown,Unknown,DDInter1707|DDInter413,https://ddinter.scbdd.com/ddinter/interact/1164324,2026-09-09T10:06:36+00:00
1164363,-1,DDInter1020,Lamotrigine,DB00555,DDInter413,Clopidogrel,DB00758,Unknown,Unknown,DDInter1020|DDInter413,https://ddinter.scbdd.com/ddinter/interact/1164363,2026-09-09T10:06:36+00:00
1164366,-1,DDInter1174,Methotrexate,DB00563,DDInter413,Clopidogrel,DB00758,Unknown,Unknown,DDInter1174|DDInter413,https://ddinter.scbdd.com/ddinter/interact/1164366,2026-09-09T10:06:36+00:00
1164372,-1,DDInter638,Enalapril,DB00584,DDInter413,Clopidogrel,DB00758,Unknown,Unknown,DDInter413|DDInter638,https://ddinter.scbdd.com/ddinter/interact/1164372,2026-09-09T10:06:36+00:00
1164384,-1,DDInter1675,Simvastatin,DB00641,DDInter413,Clopidogrel,DB00758,Unknown,Unknown,DDInter1675|DDInter413,https://ddinter.scbdd.com/ddinter/interact/1164384,2026-09-09T10:06:36+00:00
1164394,-1,DDInter1095,Losartan,DB00678,DDInter413,Clopidogrel,DB00758,Unknown,Unknown,DDInter1095|DDInter413,https://ddinter.scbdd.com/ddinter/interact/1164394,2026-09-09T10:06:36+00:00
1164399,-1,DDInter790,Furosemide,DB00695,DDInter413,Clopidogrel,DB00758,Unknown,Unknown,DDInter413|DDInter790,https://ddinter.scbdd.com/ddinter/interact/1164399,2026-09-09T10:06:36+00:00
1164411,-1,DDInter1605,Risperidone,DB00734,DDInter413,Clopidogrel,DB00758,Unknown,Unknown,DDInter1605|DDInter413,https://ddinter.scbdd.com/ddinter/interact/1164411,2026-09-09T10:06:36+00:00
1164440,-1,DDInter413,Clopidogrel,DB00758,DDInter1735,Tacrolimus,DB00864,Unknown,Unknown,DDInter1735|DDInter413,https://ddinter.scbdd.com/ddinter/interact/1164440,2026-09-09T10:06:36+00:00
1164453,-1,DDInter413,Clopidogrel,DB00758,DDInter1202,Metronidazole,DB00916,Unknown,Unknown,DDInter1202|DDInter413,https://ddinter.scbdd.com/ddinter/interact/1164453,2026-09-09T10:06:36+00:00
1164477,-1,DDInter413,Clopidogrel,DB00758,DDInter883,Hydrochlorothiazide,DB00999,Unknown,Unknown,DDInter413|DDInter883,https://ddinter.scbdd.com/ddinter/interact/1164477,2026-09-09T10:06:36+00:00
1164509,-1,DDInter413,Clopidogrel,DB00758,DDInter1622,Rosuvastatin,DB01098,Unknown,Unknown,DDInter1622|DDInter413,https://ddinter.scbdd.com/ddinter/interact/1164509,2026-09-09T10:06:36+00:00
1164520,-1,DDInter413,Clopidogrel,DB00758,DDInter995,Itraconazole,DB01167,Unknown,Unknown,DDInter413|DDInter995,https://ddinter.scbdd.com/ddinter/interact/1164520,2026-09-09T10:06:36+00:00
1164538,-1,DDInter413,Clopidogrel,DB00758,DDInter1553,Quetiapine,DB01224,Unknown,Unknown,DDInter1553|DDInter413,https://ddinter.scbdd.com/ddinter/interact/1164538,2026-09-09T10:06:36+00:00
1164540,-1,DDInter413,Clopidogrel,DB00758,DDInter513,Dexamethasone,DB01234,Unknown,Unknown,DDInter413|DDInter513,https://ddinter.scbdd.com/ddinter/interact/1164540,2026-09-09T10:06:36+00:00
1164542,-1,DDInter413,Clopidogrel,DB00758,DDInter118,Aripiprazole,DB01238,Unknown,Unknown,DDInter118|DDInter413,https://ddinter.scbdd.com/ddinter/interact/1164542,2026-09-09T10:06:36+00:00
1168210,-1,DDInter608,Duloxetine,DB00476,DDInter1735,Tacrolimus,DB00864,Unknown,Unknown,DDInter1735|DDInter608,https://ddinter.scbdd.com/ddinter/interact/1168210,2026-09-09T10:06:36+00:00
1168218,-1,DDInter1951,Warfarin,DB00682,DDInter1735,Tacrolimus,DB00864,Unknown,Unknown,DDInter1735|DDInter1951,https://ddinter.scbdd.com/ddinter/interact/1168218,2026-09-09T10:06:36+00:00
1168239,-1,DDInter1735,Tacrolimus,DB00864,DDInter1622,Rosuvastatin,DB01098,Unknown,Unknown,DDInter1622|DDInter1735,https://ddinter.scbdd.com/ddinter/interact/1168239,2026-09-09T10:06:36+00:00
1169638,-1,DDInter1915,Valsartan,DB00177,DDInter1202,Metronidazole,DB00916,Unknown,Unknown,DDInter1202|DDInter1915,https://ddinter.scbdd.com/ddinter/interact/1169638,2026-09-09T10:06:36+00:00
1169639,-1,DDInter1565,Ramipril,DB00178,DDInter1202,Metronidazole,DB00916,Unknown,Unknown,DDInter1202|DDInter1565,https://ddinter.scbdd.com/ddinter/interact/1169639,2026-09-09T10:06:36+00:00
1169659,-1,DDInter1340,Omeprazole,DB00338,DDInter1202,Metronidazole,DB00916,Unknown,Unknown,DDInter1202|DDInter1340,https://ddinter.scbdd.com/ddinter/interact/1169659,2026-09-09T10:06:36+00:00
1169669,-1,DDInter1707,Spironolactone,DB00421,DDInter1202,Metronidazole,DB00916,Unknown,Unknown,DDInter1202|DDInter1707,https://ddinter.scbdd.com/ddinter/interact/1169669,2026-09-09T10:06:36+00:00
1169675,-1,DDInter608,Duloxetine,DB00476,DDInter1202,Metronidazole,DB00916,Unknown,Unknown,DDInter1202|DDInter608,https://ddinter.scbdd.com/ddinter/interact/1169675,2026-09-09T10:06:36+00:00
1170445,-1,DDInter743,Fluconazole,DB00196,DDInter20,Acetylsalicylic acid,DB00945,Unknown,Unknown,DDInter20|DDInter743,https://ddinter.scbdd.com/ddinter/interact/1170445,2026-09-09T10:06:36+00:00
1170451,-1,DDInter157,Azithromycin,DB00207,DDInter20,Acetylsalicylic acid,DB00945,Unknown,Unknown,DDInter157|DDInter20,https://ddinter.scbdd.com/ddinter/interact/1170451,2026-09-09T10:06:36+00:00
1170483,-1,DDInter1164,Metformin,DB00331,DDInter20,Acetylsalicylic acid,DB00945,Unknown,Unknown,DDInter1164|DDInter20,https://ddinter.scbdd.com/ddinter/interact/1170483,2026-09-09T10:06:36+00:00
1170485,-1,DDInter1326,Olanzapine,DB00334,DDInter20,Acetylsalicylic acid,DB00945,Unknown,Unknown,DDInter1326|DDInter20,https://ddinter.scbdd.com/ddinter/interact/1170485,2026-09-09T10:06:36+00:00
1170533,-1,DDInter1607,Ritonavir,DB00503,DDInter20,Acetylsalicylic acid,DB00945,Unknown,Unknown,DDInter1607|DDInter20,https://ddinter.scbdd.com/ddinter/interact/1170533,2026-09-09T10:06:36+00:00
1170546,-1,DDInter1020,Lamotrigine,DB00555,DDInter20,Acetylsalicylic acid,DB00945,Unknown,Unknown,DDInter1020|DDInter20,https://ddinter.scbdd.com/ddinter/interact/1170546,2026-09-09T10:06:36+00:00
1170549,-1,DDInter293,Carbamazepine,DB00564,DDInter20,Acetylsalicylic acid,DB00945,Unknown,Unknown,DDInter20|DDInter293,https://ddinter.scbdd.com/ddinter/interact/1170549,2026-09-09T10:06:36+00:00
1170565,-1,DDInter1675,Simvastatin,DB00641,DDInter20,Acetylsalicylic acid,DB00945,Unknown,Unknown,DDInter1675|DDInter20,https://ddinter.scbdd.com/ddinter/interact/1170565,2026-09-09T10:06:36+00:00
1170585,-1,DDInter1605,Risperidone,DB00734,DDInter20,Acetylsalicylic acid,DB00945,Unknown,Unknown,DDInter1605|DDInter20,https://ddinter.scbdd.com/ddinter/interact/1170585,2026-09-09T10:06:36+00:00
1170618,-1,DDInter1735,Tacrolimus,DB00864,DDInter20,Acetylsalicylic acid,DB00945,Unknown,Unknown,DDInter1735|DDInter20,https://ddinter.scbdd.com/ddinter/interact/1170618,2026-09-09T10:06:36+00:00
1170629,-1,DDInter1202,Metronidazole,DB00916,DDInter20,Acetylsalicylic acid,DB00945,Unknown,Unknown,DDInter1202|DDInter20,https://ddinter.scbdd.com/ddinter/interact/1170629,2026-09-09T10:06:36+00:00
1170654,-1,DDInter20,Acetylsalicylic acid,DB00945,DDInter883,Hydrochlorothiazide,DB00999,Unknown,Unknown,DDInter20|DDInter883,https://ddinter.scbdd.com/ddinter/interact/1170654,2026-09-09T10:06:36+00:00
1170671,-1,DDInter20,Acetylsalicylic acid,DB00945,DDInter1590,Rifampicin,DB01045,Unknown,Unknown,DDInter1590|DDInter20,https://ddinter.scbdd.com/ddinter/interact/1170671,2026-09-09T10:06:36+00:00
1170678,-1,DDInter20,Acetylsalicylic acid,DB00945,DDInter133,Atorvastatin,DB01076,Unknown,Unknown,DDInter133|DDInter20,https://ddinter.scbdd.com/ddinter/interact/1170678,2026-09-09T10:06:36+00:00
1170683,-1,DDInter20,Acetylsalicylic acid,DB00945,DDInter1622,Rosuvastatin,DB01098,Unknown,Unknown,DDInter1622|DDInter20,https://ddinter.scbdd.com/ddinter/interact/1170683,2026-09-09T10:06:36+00:00
1170696,-1,DDInter20,Acetylsalicylic acid,DB00945,DDInter995,Itraconazole,DB01167,Unknown,Unknown,DDInter20|DDInter995,https://ddinter.scbdd.com/ddinter/interact/1170696,2026-09-09T10:06:36+00:00
1170707,-1,DDInter20,Acetylsalicylic acid,DB00945,DDInter393,Clarithromycin,DB01211,Unknown,Unknown,DDInter20|DDInter393,https://ddinter.scbdd.com/ddinter/interact/1170707,2026-09-09T10:06:36+00:00
1170708,-1,DDInter20,Acetylsalicylic acid,DB00945,DDInter334,Ceftriaxone,DB01212,Unknown,Unknown,DDInter20|DDInter334,https://ddinter.scbdd.com/ddinter/interact/1170708,2026-09-09T10:06:36+00:00
1170712,-1,DDInter20,Acetylsalicylic acid,DB00945,DDInter1553,Quetiapine,DB01224,Unknown,Unknown,DDInter1553|DDInter20,https://ddinter.scbdd.com/ddinter/interact/1170712,2026-09-09T10:06:36+00:00
1170714,-1,DDInter20,Acetylsalicylic acid,DB00945,DDInter118,Aripiprazole,DB01238,Unknown,Unknown,DDInter118|DDInter20,https://ddinter.scbdd.com/ddinter/interact/1170714,2026-09-09T10:06:36+00:00
1172699,-1,DDInter1915,Valsartan,DB00177,DDInter883,Hydrochlorothiazide,DB00999,Unknown,Unknown,DDInter1915|DDInter883,https://ddinter.scbdd.com/ddinter/interact/1172699,2026-09-09T10:06:36+00:00
1172736,-1,DDInter1707,Spironolactone,DB00421,DDInter883,Hydrochlorothiazide,DB00999,Unknown,Unknown,DDInter1707|DDInter883,https://ddinter.scbdd.com/ddinter/interact/1172736,2026-09-09T10:06:36+00:00
1172745,-1,DDInter1607,Ritonavir,DB00503,DDInter883,Hydrochlorothiazide,DB00999,Unknown,Unknown,DDInter1607|DDInter883,https://ddinter.scbdd.com/ddinter/interact/1172745,2026-09-09T10:06:36+00:00
1172758,-1,DDInter1020,Lamotrigine,DB00555,DDInter883,Hydrochlorothiazide,DB00999,Unknown,Unknown,DDInter1020|DDInter883,https://ddinter.scbdd.com/ddinter/interact/1172758,2026-09-09T10:06:36+00:00
1172767,-1,DDInter1675,Simvastatin,DB00641,DDInter883,Hydrochlorothiazide,DB00999,Unknown,Unknown,DDInter1675|DDInter883,https://ddinter.scbdd.com/ddinter/interact/1172767,2026-09-09T10:06:36+00:00
1172776,-1,DDInter1095,Losartan,DB00678,DDInter883,Hydrochlorothiazide,DB00999,Unknown,Unknown,DDInter1095|DDInter883,https://ddinter.scbdd.com/ddinter/interact/1172776,2026-09-09T10:06:36+00:00
1172803,-1,DDInter1735,Tacrolimus,DB00864,DDInter883,Hydrochlorothiazide,DB00999,Unknown,Unknown,DDInter1735|DDInter883,https://ddinter.scbdd.com/ddinter/interact/1172803,2026-09-09T10:06:36+00:00
1172812,-1,DDInter1202,Metronidazole,DB00916,DDInter883,Hydrochlorothiazide,DB00999,Unknown,Unknown,DDInter1202|DDInter883,https://ddinter.scbdd.com/ddinter/interact/1172812,2026-09-09T10:06:36+00:00
1172841,-1,DDInter883,Hydrochlorothiazide,DB00999,DDInter1590,Rifampicin,DB01045,Unknown,Unknown,DDInter1590|DDInter883,https://ddinter.scbdd.com/ddinter/interact/1172841,2026-09-09T10:06:36+00:00
1172848,-1,DDInter883,Hydrochlorothiazide,DB00999,DDInter1622,Rosuvastatin,DB01098,Unknown,Unknown,DDInter1622|DDInter883,https://ddinter.scbdd.com/ddinter/interact/1172848,2026-09-09T10:06:36+00:00
1172854,-1,DDInter883,Hydrochlorothiazide,DB00999,DDInter995,Itraconazole,DB01167,Unknown,Unknown,DDInter883|DDInter995,https://ddinter.scbdd.com/ddinter/interact/1172854,2026-09-09T10:06:36+00:00
1172861,-1,DDInter883,Hydrochlorothiazide,DB00999,DDInter393,Clarithromycin,DB01211,Unknown,Unknown,DDInter393|DDInter883,https://ddinter.scbdd.com/ddinter/interact/1172861,2026-09-09T10:06:36+00:00
1174999,-1,DDInter1326,Olanzapine,DB00334,DDInter900,Ibuprofen,DB01050,Unknown,Unknown,DDInter1326|DDInter900,https://ddinter.scbdd.com/ddinter/interact/1174999,2026-09-09T10:06:36+00:00
1175001,-1,DDInter1340,Omeprazole,DB00338,DDInter900,Ibuprofen,DB01050,Unknown,Unknown,DDInter1340|DDInter900,https://ddinter.scbdd.com/ddinter/interact/1175001,2026-09-09T10:06:36+00:00
1175045,-1,DDInter1020,Lamotrigine,DB00555,DDInter900,Ibuprofen,DB01050,Unknown,Unknown,DDInter1020|DDInter900,https://ddinter.scbdd.com/ddinter/interact/1175045,2026-09-09T10:06:36+00:00
1175051,-1,DDInter1675,Simvastatin,DB00641,DDInter900,Ibuprofen,DB01050,Unknown,Unknown,DDInter1675|DDInter900,https://ddinter.scbdd.com/ddinter/interact/1175051,2026-09-09T10:06:36+00:00
1175071,-1,DDInter1605,Risperidone,DB00734,DDInter900,Ibuprofen,DB01050,Unknown,Unknown,DDInter1605|DDInter900,https://ddinter.scbdd.com/ddinter/interact/1175071,2026-09-09T10:06:36+00:00
1175100,-1,DDInter1202,Metronidazole,DB00916,DDInter900,Ibuprofen,DB01050,Unknown,Unknown,DDInter1202|DDInter900,https://ddinter.scbdd.com/ddinter/interact/1175100,2026-09-09T10:06:36+00:00
1175130,-1,DDInter1590,Rifampicin,DB01045,DDInter900,Ibuprofen,DB01050,Unknown,Unknown,DDInter1590|DDInter900,https://ddinter.scbdd.com/ddinter/interact/1175130,2026-09-09T10:06:36+00:00
1175137,-1,DDInter900,Ibuprofen,DB01050,DDInter1622,Rosuvastatin,DB01098,Unknown,Unknown,DDInter1622|DDInter900,https://ddinter.scbdd.com/ddinter/interact/1175137,2026-09-09T10:06:36+00:00
1175147,-1,DDInter900,Ibuprofen,DB01050,DDInter995,Itraconazole,DB01167,Unknown,Unknown,DDInter900|DDInter995,https://ddinter.scbdd.com/ddinter/interact/1175147,2026-09-09T10:06:36+00:00
1175155,-1,DDInter900,Ibuprofen,DB01050,DDInter393,Clarithromycin,DB01211,Unknown,Unknown,DDInter393|DDInter900,https://ddinter.scbdd.com/ddinter/interact/1175155,2026-09-09T10:06:36+00:00
1175157,-1,DDInter900,Ibuprofen,DB01050,DDInter1553,Quetiapine,DB01224,Unknown,Unknown,DDInter1553|DDInter900,https://ddinter.scbdd.com/ddinter/interact/1175157,2026-09-09T10:06:36+00:00
1175163,-1,DDInter900,Ibuprofen,DB01050,DDInter118,Aripiprazole,DB01238,Unknown,Unknown,DDInter118|DDInter900,https://ddinter.scbdd.com/ddinter/interact/1175163,2026-09-09T10:06:36+00:00
1175224,-1,DDInter458,Cyclosporine,DB00091,DDInter83,Amoxicillin,DB01060,Unknown,Unknown,DDInter458|DDInter83,https://ddinter.scbdd.com/ddinter/interact/1175224,2026-09-09T10:06:36+00:00
1175228,-1,DDInter1915,Valsartan,DB00177,DDInter83,Amoxicillin,DB01060,Unknown,Unknown,DDInter1915|DDInter83,https://ddinter.scbdd.com/ddinter/interact/1175228,2026-09-09T10:06:36+00:00
1175229,-1,DDInter1565,Ramipril,DB00178,DDInter83,Amoxicillin,DB01060,Unknown,Unknown,DDInter1565|DDInter83,https://ddinter.scbdd.com/ddinter/interact/1175229,2026-09-09T10:06:36+00:00
1175234,-1,DDInter743,Fluconazole,DB00196,DDInter83,Amoxicillin,DB01060,Unknown,Unknown,DDInter743|DDInter83,https://ddinter.scbdd.com/ddinter/interact/1175234,2026-09-09T10:06:36+00:00
1175240,-1,DDInter825,Glimepiride,DB00222,DDInter83,Amoxicillin,DB01060,Unknown,Unknown,DDInter825|DDInter83,https://ddinter.scbdd.com/ddinter/interact/1175240,2026-09-09T10:06:36+00:00
1175251,-1,DDInter1927,Venlafaxine,DB00285,DDInter83,Amoxicillin,DB01060,Unknown,Unknown,DDInter1927|DDInter83,https://ddinter.scbdd.com/ddinter/interact/1175251,2026-09-09T10:06:36+00:00
1175254,-1,DDInter1913,Valproic acid,DB00313,DDInter83,Amoxicillin,DB01060,Unknown,Unknown,DDInter1913|DDInter83,https://ddinter.scbdd.com/ddinter/interact/1175254,2026-09-09T10:06:36+00:00
1175257,-1,DDInter1164,Metformin,DB00331,DDInter83,Amoxicillin,DB01060,Unknown,Unknown,DDInter1164|DDInter83,https://ddinter.scbdd.com/ddinter/interact/1175257,2026-09-09T10:06:36+00:00
1175258,-1,DDInter1326,Olanzapine,DB00334,DDInter83,Amoxicillin,DB01060,Unknown,Unknown,DDInter1326|DDInter83,https://ddinter.scbdd.com/ddinter/interact/1175258,2026-09-09T10:06:36+00:00
1175260,-1,DDInter1340,Omeprazole,DB00338,DDInter83,Amoxicillin,DB01060,Unknown,Unknown,DDInter1340|DDInter83,https://ddinter.scbdd.com/ddinter/interact/1175260,2026-09-09T10:06:36+00:00
1175266,-1,DDInter554,Digoxin,DB00390,DDInter83,Amoxicillin,DB01060,Unknown,Unknown,DDInter554|DDInter83,https://ddinter.scbdd.com/ddinter/interact/1175266,2026-09-09T10:06:36+00:00
1175272,-1,DDInter1707,Spironolactone,DB00421,DDInter83,Amoxicillin,DB01060,Unknown,Unknown,DDInter1707|DDInter83,https://ddinter.scbdd.com/ddinter/interact/1175272,2026-09-09T10:06:36+00:00
1175284,-1,DDInter758,Fluoxetine,DB00472,DDInter83,Amoxicillin,DB01060,Unknown,Unknown,DDInter758|DDInter83,https://ddinter.scbdd.com/ddinter/interact/1175284,2026-09-09T10:06:36+00:00
1175285,-1,DDInter608,Duloxetine,DB00476,DDInter83,Amoxicillin,DB01060,Unknown,Unknown,DDInter608|DDInter83,https://ddinter.scbdd.com/ddinter/interact/1175285,2026-09-09T10:06:36+00:00
1175295,-1,DDInter1607,Ritonavir,DB00503,DDInter83,Amoxicillin,DB01060,Unknown,Unknown,DDInter1607|DDInter83,https://ddinter.scbdd.com/ddinter/interact/1175295,2026-09-09T10:06:36+00:00
1175301,-1,DDInter384,Ciprofloxacin,DB00537,DDInter83,Amoxicillin,DB01060,Unknown,Unknown,DDInter384|DDInter83,https://ddinter.scbdd.com/ddinter/interact/1175301,2026-09-09T10:06:36+00:00
1175307,-1,DDInter1020,Lamotrigine,DB00555,DDInter83,Amoxicillin,DB01060,Unknown,Unknown,DDInter1020|DDInter83,https://ddinter.scbdd.com/ddinter/interact/1175307,2026-09-09T10:06:36+00:00
1175309,-1,DDInter293,Carbamazepine,DB00564,DDInter83,Amoxicillin,DB01060,Unknown,Unknown,DDInter293|DDInter83,https://ddinter.scbdd.com/ddinter/interact/1175309,2026-09-09T10:06:36+00:00
1175316,-1,DDInter638,Enalapril,DB00584,DDInter83,Amoxicillin,DB01060,Unknown,Unknown,DDInter638|DDInter83,https://ddinter.scbdd.com/ddinter/interact/1175316,2026-09-09T10:06:36+00:00
1175320,-1,DDInter216,Bisoprolol,DB00612,DDInter83,Amoxicillin,DB01060,Unknown,Unknown,DDInter216|DDInter83,https://ddinter.scbdd.com/ddinter/interact/1175320,2026-09-09T10:06:36+00:00
1175325,-1,DDInter1675,Simvastatin,DB00641,DDInter83,Amoxicillin,DB01060,Unknown,Unknown,DDInter1675|DDInter83,https://ddinter.scbdd.com/ddinter/interact/1175325,2026-09-09T10:06:36+00:00
1175330,-1,DDInter1095,Losartan,DB00678,DDInter83,Amoxicillin,DB01060,Unknown,Unknown,DDInter1095|DDInter83,https://ddinter.scbdd.com/ddinter/interact/1175330,2026-09-09T10:06:36+00:00
1175331,-1,DDInter790,Furosemide,DB00695,DDInter83,Amoxicillin,DB01060,Unknown,Unknown,DDInter790|DDInter83,https://ddinter.scbdd.com/ddinter/interact/1175331,2026-09-09T10:06:36+00:00
1175339,-1,DDInter1605,Risperidone,DB00734,DDInter83,Amoxicillin,DB01060,Unknown,Unknown,DDInter1605|DDInter83,https://ddinter.scbdd.com/ddinter/interact/1175339,2026-09-09T10:06:36+00:00
1175344,-1,DDInter413,Clopidogrel,DB00758,DDInter83,Amoxicillin,DB01060,Unknown,Unknown,DDInter413|DDInter83,https://ddinter.scbdd.com/ddinter/interact/1175344,2026-09-09T10:06:36+00:00
1175360,-1,DDInter1735,Tacrolimus,DB00864,DDInter83,Amoxicillin,DB01060,Unknown,Unknown,DDInter1735|DDInter83,https://ddinter.scbdd.com/ddinter/interact/1175360,2026-09-09T10:06:36+00:00
1175367,-1,DDInter1202,Metronidazole,DB00916,DDInter83,Amoxicillin,DB01060,Unknown,Unknown,DDInter1202|DDInter83,https://ddinter.scbdd.com/ddinter/interact/1175367,2026-09-09T10:06:36+00:00
1175371,-1,DDInter20,Acetylsalicylic acid,DB00945,DDInter83,Amoxicillin,DB01060,Unknown,Unknown,DDInter20|DDInter83,https://ddinter.scbdd.com/ddinter/interact/1175371,2026-09-09T10:06:36+00:00
1175382,-1,DDInter883,Hydrochlorothiazide,DB00999,DDInter83,Amoxicillin,DB01060,Unknown,Unknown,DDInter83|DDInter883,https://ddinter.scbdd.com/ddinter/interact/1175382,2026-09-09T10:06:36+00:00
1175393,-1,DDInter900,Ibuprofen,DB01050,DDInter83,Amoxicillin,DB01060,Unknown,Unknown,DDInter83|DDInter900,https://ddinter.scbdd.com/ddinter/interact/1175393,2026-09-09T10:06:36+00:00
1175400,-1,DDInter83,Amoxicillin,DB01060,DDInter133,Atorvastatin,DB01076,Unknown,Unknown,DDInter133|DDInter83,https://ddinter.scbdd.com/ddinter/interact/1175400,2026-09-09T10:06:36+00:00
1175402,-1,DDInter83,Amoxicillin,DB01060,DDInter1622,Rosuvastatin,DB01098,Unknown,Unknown,DDInter1622|DDInter83,https://ddinter.scbdd.com/ddinter/interact/1175402,2026-09-09T10:06:36+00:00
1175409,-1,DDInter83,Amoxicillin,DB01060,DDInter305,Carvedilol,DB01136,Unknown,Unknown,DDInter305|DDInter83,https://ddinter.scbdd.com/ddinter/interact/1175409,2026-09-09T10:06:36+00:00
1175417,-1,DDInter83,Amoxicillin,DB01060,DDInter334,Ceftriaxone,DB01212,Unknown,Unknown,DDInter334|DDInter83,https://ddinter.scbdd.com/ddinter/interact/1175417,2026-09-09T10:06:36+00:00
1175420,-1,DDInter83,Amoxicillin,DB01060,DDInter1553,Quetiapine,DB01224,Unknown,Unknown,DDInter1553|DDInter83,https://ddinter.scbdd.com/ddinter/interact/1175420,2026-09-09T10:06:36+00:00
1175422,-1,DDInter83,Amoxicillin,DB01060,DDInter513,Dexamethasone,DB01234,Unknown,Unknown,DDInter513|DDInter83,https://ddinter.scbdd.com/ddinter/interact/1175422,2026-09-09T10:06:36+00:00
1175423,-1,DDInter83,Amoxicillin,DB01060,DDInter118,Aripiprazole,DB01238,Unknown,Unknown,DDInter118|DDInter83,https://ddinter.scbdd.com/ddinter/interact/1175423,2026-09-09T10:06:36+00:00
1176086,-1,DDInter1915,Valsartan,DB00177,DDInter133,Atorvastatin,DB01076,Unknown,Unknown,DDInter133|DDInter1915,https://ddinter.scbdd.com/ddinter/interact/1176086,2026-09-09T10:06:36+00:00
1176087,-1,DDInter1565,Ramipril,DB00178,DDInter133,Atorvastatin,DB01076,Unknown,Unknown,DDInter133|DDInter1565,https://ddinter.scbdd.com/ddinter/interact/1176087,2026-09-09T10:06:36+00:00
1176100,-1,DDInter825,Glimepiride,DB00222,DDInter133,Atorvastatin,DB01076,Unknown,Unknown,DDInter133|DDInter825,https://ddinter.scbdd.com/ddinter/interact/1176100,2026-09-09T10:06:36+00:00
1176114,-1,DDInter1927,Venlafaxine,DB00285,DDInter133,Atorvastatin,DB01076,Unknown,Unknown,DDInter133|DDInter1927,https://ddinter.scbdd.com/ddinter/interact/1176114,2026-09-09T10:06:36+00:00
1176119,-1,DDInter1913,Valproic acid,DB00313,DDInter133,Atorvastatin,DB01076,Unknown,Unknown,DDInter133|DDInter1913,https://ddinter.scbdd.com/ddinter/interact/1176119,2026-09-09T10:06:36+00:00
1176124,-1,DDInter1164,Metformin,DB00331,DDInter133,Atorvastatin,DB01076,Unknown,Unknown,DDInter1164|DDInter133,https://ddinter.scbdd.com/ddinter/interact/1176124,2026-09-09T10:06:36+00:00
1176125,-1,DDInter1326,Olanzapine,DB00334,DDInter133,Atorvastatin,DB01076,Unknown,Unknown,DDInter1326|DDInter133,https://ddinter.scbdd.com/ddinter/interact/1176125,2026-09-09T10:06:36+00:00
1176143,-1,DDInter1707,Spironolactone,DB00421,DDInter133,Atorvastatin,DB01076,Unknown,Unknown,DDInter133|DDInter1707,https://ddinter.scbdd.com/ddinter/interact/1176143,2026-09-09T10:06:36+00:00
1176160,-1,DDInter758,Fluoxetine,DB00472,DDInter133,Atorvastatin,DB01076,Unknown,Unknown,DDInter133|DDInter758,https://ddinter.scbdd.com/ddinter/interact/1176160,2026-09-09T10:06:36+00:00
1176161,-1,DDInter608,Duloxetine,DB00476,DDInter133,Atorvastatin,DB01076,Unknown,Unknown,DDInter133|DDInter608,https://ddinter.scbdd.com/ddinter/interact/1176161,2026-09-09T10:06:36+00:00
1176186,-1,DDInter1020,Lamotrigine,DB00555,DDInter133,Atorvastatin,DB01076,Unknown,Unknown,DDInter1020|DDInter133,https://ddinter.scbdd.com/ddinter/interact/1176186,2026-09-09T10:06:36+00:00
1176195,-1,DDInter638,Enalapril,DB00584,DDInter133,Atorvastatin,DB01076,Unknown,Unknown,DDInter133|DDInter638,https://ddinter.scbdd.com/ddinter/interact/1176195,2026-09-09T10:06:36+00:00
1176202,-1,DDInter216,Bisoprolol,DB00612,DDInter133,Atorvastatin,DB01076,Unknown,Unknown,DDInter133|DDInter216,https://ddinter.scbdd.com/ddinter/interact/1176202,2026-09-09T10:06:36+00:00
1176214,-1,DDInter1095,Losartan,DB00678,DDInter133,Atorvastatin,DB01076,Unknown,Unknown,DDInter1095|DDInter133,https://ddinter.scbdd.com/ddinter/interact/1176214,2026-09-09T10:06:36+00:00
1176218,-1,DDInter790,Furosemide,DB00695,DDInter133,Atorvastatin,DB01076,Unknown,Unknown,DDInter133|DDInter790,https://ddinter.scbdd.com/ddinter/interact/1176218,2026-09-09T10:06:36+00:00
1176229,-1,DDInter1605,Risperidone,DB00734,DDInter133,Atorvastatin,DB01076,Unknown,Unknown,DDInter133|DDInter1605,https://ddinter.scbdd.com/ddinter/interact/1176229,2026-09-09T10:06:36+00:00
1176296,-1,DDInter883,Hydrochlorothiazide,DB00999,DDInter133,Atorvastatin,DB01076,Unknown,Unknown,DDInter133|DDInter883,https://ddinter.scbdd.com/ddinter/interact/1176296,2026-09-09T10:06:36+00:00
1176315,-1,DDInter900,Ibuprofen,DB01050,DDInter133,Atorvastatin,DB01076,Unknown,Unknown,DDInter133|DDInter900,https://ddinter.scbdd.com/ddinter/interact/1176315,2026-09-09T10:06:36+00:00
1176334,-1,DDInter133,Atorvastatin,DB01076,DDInter305,Carvedilol,DB01136,Unknown,Unknown,DDInter133|DDInter305,https://ddinter.scbdd.com/ddinter/interact/1176334,2026-09-09T10:06:36+00:00
1176350,-1,DDInter133,Atorvastatin,DB01076,DDInter334,Ceftriaxone,DB01212,Unknown,Unknown,DDInter133|DDInter334,https://ddinter.scbdd.com/ddinter/interact/1176350,2026-09-09T10:06:36+00:00
1176354,-1,DDInter133,Atorvastatin,DB01076,DDInter1553,Quetiapine,DB01224,Unknown,Unknown,DDInter133|DDInter1553,https://ddinter.scbdd.com/ddinter/interact/1176354,2026-09-09T10:06:36+00:00
1176356,-1,DDInter133,Atorvastatin,DB01076,DDInter118,Aripiprazole,DB01238,Unknown,Unknown,DDInter118|DDInter133,https://ddinter.scbdd.com/ddinter/interact/1176356,2026-09-09T10:06:36+00:00
1176770,-1,DDInter1590,Rifampicin,DB01045,DDInter1622,Rosuvastatin,DB01098,Unknown,Unknown,DDInter1590|DDInter1622,https://ddinter.scbdd.com/ddinter/interact/1176770,2026-09-09T10:06:36+00:00
1176900,-1,DDInter458,Cyclosporine,DB00091,DDInter856,Heparin,DB01109,Unknown,Unknown,DDInter458|DDInter856,https://ddinter.scbdd.com/ddinter/interact/1176900,2026-09-09T10:06:36+00:00
1176913,-1,DDInter743,Fluconazole,DB00196,DDInter856,Heparin,DB01109,Unknown,Unknown,DDInter743|DDInter856,https://ddinter.scbdd.com/ddinter/interact/1176913,2026-09-09T10:06:36+00:00
1176919,-1,DDInter157,Azithromycin,DB00207,DDInter856,Heparin,DB01109,Unknown,Unknown,DDInter157|DDInter856,https://ddinter.scbdd.com/ddinter/interact/1176919,2026-09-09T10:06:36+00:00
1176934,-1,DDInter1460,Phenytoin,DB00252,DDInter856,Heparin,DB01109,Unknown,Unknown,DDInter1460|DDInter856,https://ddinter.scbdd.com/ddinter/interact/1176934,2026-09-09T10:06:36+00:00
1176942,-1,DDInter1791,Theophylline,DB00277,DDInter856,Heparin,DB01109,Unknown,Unknown,DDInter1791|DDInter856,https://ddinter.scbdd.com/ddinter/interact/1176942,2026-09-09T10:06:36+00:00
1176956,-1,DDInter1913,Valproic acid,DB00313,DDInter856,Heparin,DB01109,Unknown,Unknown,DDInter1913|DDInter856,https://ddinter.scbdd.com/ddinter/interact/1176956,2026-09-09T10:06:36+00:00
1176958,-1,DDInter14,Acetaminophen,DB00316,DDInter856,Heparin,DB01109,Unknown,Unknown,DDInter14|DDInter856,https://ddinter.scbdd.com/ddinter/interact/1176958,2026-09-09T10:06:36+00:00
1176963,-1,DDInter1164,Metformin,DB00331,DDInter856,Heparin,DB01109,Unknown,Unknown,DDInter1164|DDInter856,https://ddinter.scbdd.com/ddinter/interact/1176963,2026-09-09T10:06:36+00:00
1176965,-1,DDInter1326,Olanzapine,DB00334,DDInter856,Heparin,DB01109,Unknown,Unknown,DDInter1326|DDInter856,https://ddinter.scbdd.com/ddinter/interact/1176965,2026-09-09T10:06:36+00:00
1176967,-1,DDInter1340,Omeprazole,DB00338,DDInter856,Heparin,DB01109,Unknown,Unknown,DDInter1340|DDInter856,https://ddinter.scbdd.com/ddinter/interact/1176967,2026-09-09T10:06:36+00:00
1176984,-1,DDInter79,Amlodipine,DB00381,DDInter856,Heparin,DB01109,Unknown,Unknown,DDInter79|DDInter856,https://ddinter.scbdd.com/ddinter/interact/1176984,2026-09-09T10:06:36+00:00
1177029,-1,DDInter1607,Ritonavir,DB00503,DDInter856,Heparin,DB01109,Unknown,Unknown,DDInter1607|DDInter856,https://ddinter.scbdd.com/ddinter/interact/1177029,2026-09-09T10:06:36+00:00
1177038,-1,DDInter384,Ciprofloxacin,DB00537,DDInter856,Heparin,DB01109,Unknown,Unknown,DDInter384|DDInter856,https://ddinter.scbdd.com/ddinter/interact/1177038,2026-09-09T10:06:36+00:00
1177043,-1,DDInter1020,Lamotrigine,DB00555,DDInter856,Heparin,DB01109,Unknown,Unknown,DDInter1020|DDInter856,https://ddinter.scbdd.com/ddinter/interact/1177043,2026-09-09T10:06:36+00:00
1177047,-1,DDInter1174,Methotrexate,DB00563,DDInter856,Heparin,DB01109,Unknown,Unknown,DDInter1174|DDInter856,https://ddinter.scbdd.com/ddinter/interact/1177047,2026-09-09T10:06:36+00:00
1177048,-1,DDInter293,Carbamazepine,DB00564,DDInter856,Heparin,DB01109,Unknown,Unknown,DDInter293|DDInter856,https://ddinter.scbdd.com/ddinter/interact/1177048,2026-09-09T10:06:36+00:00
1177063,-1,DDInter216,Bisoprolol,DB00612,DDInter856,Heparin,DB01109,Unknown,Unknown,DDInter216|DDInter856,https://ddinter.scbdd.com/ddinter/interact/1177063,2026-09-09T10:06:36+00:00
1177075,-1,DDInter1675,Simvastatin,DB00641,DDInter856,Heparin,DB01109,Unknown,Unknown,DDInter1675|DDInter856,https://ddinter.scbdd.com/ddinter/interact/1177075,2026-09-09T10:06:36+00:00
1177093,-1,DDInter790,Furosemide,DB00695,DDInter856,Heparin,DB01109,Unknown,Unknown,DDInter790|DDInter856,https://ddinter.scbdd.com/ddinter/interact/1177093,2026-09-09T10:06:36+00:00
1177103,-1,DDInter1605,Risperidone,DB00734,DDInter856,Heparin,DB01109,Unknown,Unknown,DDInter1605|DDInter856,https://ddinter.scbdd.com/ddinter/interact/1177103,2026-09-09T10:06:36+00:00
1177139,-1,DDInter1735,Tacrolimus,DB00864,DDInter856,Heparin,DB01109,Unknown,Unknown,DDInter1735|DDInter856,https://ddinter.scbdd.com/ddinter/interact/1177139,2026-09-09T10:06:36+00:00
1177156,-1,DDInter1202,Metronidazole,DB00916,DDInter856,Heparin,DB01109,Unknown,Unknown,DDInter1202|DDInter856,https://ddinter.scbdd.com/ddinter/interact/1177156,2026-09-09T10:06:36+00:00
1177183,-1,DDInter883,Hydrochlorothiazide,DB00999,DDInter856,Heparin,DB01109,Unknown,Unknown,DDInter856|DDInter883,https://ddinter.scbdd.com/ddinter/interact/1177183,2026-09-09T10:06:36+00:00
1177206,-1,DDInter1590,Rifampicin,DB01045,DDInter856,Heparin,DB01109,Unknown,Unknown,DDInter1590|DDInter856,https://ddinter.scbdd.com/ddinter/interact/1177206,2026-09-09T10:06:36+00:00
1177209,-1,DDInter83,Amoxicillin,DB01060,DDInter856,Heparin,DB01109,Unknown,Unknown,DDInter83|DDInter856,https://ddinter.scbdd.com/ddinter/interact/1177209,2026-09-09T10:06:36+00:00
1177215,-1,DDInter133,Atorvastatin,DB01076,DDInter856,Heparin,DB01109,Unknown,Unknown,DDInter133|DDInter856,https://ddinter.scbdd.com/ddinter/interact/1177215,2026-09-09T10:06:36+00:00
1177220,-1,DDInter1622,Rosuvastatin,DB01098,DDInter856,Heparin,DB01109,Unknown,Unknown,DDInter1622|DDInter856,https://ddinter.scbdd.com/ddinter/interact/1177220,2026-09-09T10:06:36+00:00
1177227,-1,DDInter856,Heparin,DB01109,DDInter76,Amiodarone,DB01118,Unknown,Unknown,DDInter76|DDInter856,https://ddinter.scbdd.com/ddinter/interact/1177227,2026-09-09T10:06:36+00:00
1177233,-1,DDInter856,Heparin,DB01109,DDInter305,Carvedilol,DB01136,Unknown,Unknown,DDInter305|DDInter856,https://ddinter.scbdd.com/ddinter/interact/1177233,2026-09-09T10:06:36+00:00
1177241,-1,DDInter856,Heparin,DB01109,DDInter995,Itraconazole,DB01167,Unknown,Unknown,DDInter856|DDInter995,https://ddinter.scbdd.com/ddinter/interact/1177241,2026-09-09T10:06:36+00:00
1177255,-1,DDInter856,Heparin,DB01109,DDInter393,Clarithromycin,DB01211,Unknown,Unknown,DDInter393|DDInter856,https://ddinter.scbdd.com/ddinter/interact/1177255,2026-09-09T10:06:36+00:00
1177262,-1,DDInter856,Heparin,DB01109,DDInter1553,Quetiapine,DB01224,Unknown,Unknown,DDInter1553|DDInter856,https://ddinter.scbdd.com/ddinter/interact/1177262,2026-09-09T10:06:36+00:00
1177265,-1,DDInter856,Heparin,DB01109,DDInter513,Dexamethasone,DB01234,Unknown,Unknown,DDInter513|DDInter856,https://ddinter.scbdd.com/ddinter/interact/1177265,2026-09-09T10:06:36+00:00
1177267,-1,DDInter856,Heparin,DB01109,DDInter118,Aripiprazole,DB01238,Unknown,Unknown,DDInter118|DDInter856,https://ddinter.scbdd.com/ddinter/interact/1177267,2026-09-09T10:06:36+00:00
1177732,-1,DDInter1915,Valsartan,DB00177,DDInter76,Amiodarone,DB01118,Unknown,Unknown,DDInter1915|DDInter76,https://ddinter.scbdd.com/ddinter/interact/1177732,2026-09-09T10:06:36+00:00
1177733,-1,DDInter1565,Ramipril,DB00178,DDInter76,Amiodarone,DB01118,Unknown,Unknown,DDInter1565|DDInter76,https://ddinter.scbdd.com/ddinter/interact/1177733,2026-09-09T10:06:36+00:00
1177735,-1,DDInter825,Glimepiride,DB00222,DDInter76,Amiodarone,DB01118,Unknown,Unknown,DDInter76|DDInter825,https://ddinter.scbdd.com/ddinter/interact/1177735,2026-09-09T10:06:36+00:00
1177739,-1,DDInter1913,Valproic acid,DB00313,DDInter76,Amiodarone,DB01118,Unknown,Unknown,DDInter1913|DDInter76,https://ddinter.scbdd.com/ddinter/interact/1177739,2026-09-09T10:06:36+00:00
1177741,-1,DDInter1164,Metformin,DB00331,DDInter76,Amiodarone,DB01118,Unknown,Unknown,DDInter1164|DDInter76,https://ddinter.scbdd.com/ddinter/interact/1177741,2026-09-09T10:06:36+00:00
1177742,-1,DDInter1340,Omeprazole,DB00338,DDInter76,Amiodarone,DB01118,Unknown,Unknown,DDInter1340|DDInter76,https://ddinter.scbdd.com/ddinter/interact/1177742,2026-09-09T10:06:36+00:00
1177745,-1,DDInter79,Amlodipine,DB00381,DDInter76,Amiodarone,DB01118,Unknown,Unknown,DDInter76|DDInter79,https://ddinter.scbdd.com/ddinter/interact/1177745,2026-09-09T10:06:36+00:00
1177748,-1,DDInter1707,Spironolactone,DB00421,DDInter76,Amiodarone,DB01118,Unknown,Unknown,DDInter1707|DDInter76,https://ddinter.scbdd.com/ddinter/interact/1177748,2026-09-09T10:06:36+00:00
1177760,-1,DDInter1020,Lamotrigine,DB00555,DDInter76,Amiodarone,DB01118,Unknown,Unknown,DDInter1020|DDInter76,https://ddinter.scbdd.com/ddinter/interact/1177760,2026-09-09T10:06:36+00:00
1177763,-1,DDInter638,Enalapril,DB00584,DDInter76,Amiodarone,DB01118,Unknown,Unknown,DDInter638|DDInter76,https://ddinter.scbdd.com/ddinter/interact/1177763,2026-09-09T10:06:36+00:00
1177770,-1,DDInter1095,Losartan,DB00678,DDInter76,Amiodarone,DB01118,Unknown,Unknown,DDInter1095|DDInter76,https://ddinter.scbdd.com/ddinter/interact/1177770,2026-09-09T10:06:36+00:00
1177786,-1,DDInter20,Acetylsalicylic acid,DB00945,DDInter76,Amiodarone,DB01118,Unknown,Unknown,DDInter20|DDInter76,https://ddinter.scbdd.com/ddinter/interact/1177786,2026-09-09T10:06:36+00:00
1177800,-1,DDInter900,Ibuprofen,DB01050,DDInter76,Amiodarone,DB01118,Unknown,Unknown,DDInter76|DDInter900,https://ddinter.scbdd.com/ddinter/interact/1177800,2026-09-09T10:06:36+00:00
1177801,-1,DDInter83,Amoxicillin,DB01060,DDInter76,Amiodarone,DB01118,Unknown,Unknown,DDInter76|DDInter83,https://ddinter.scbdd.com/ddinter/interact/1177801,2026-09-09T10:06:36+00:00
1177811,-1,DDInter76,Amiodarone,DB01118,DDInter334,Ceftriaxone,DB01212,Unknown,Unknown,DDInter334|DDInter76,https://ddinter.scbdd.com/ddinter/interact/1177811,2026-09-09T10:06:36+00:00
1178178,-1,DDInter1565,Ramipril,DB00178,DDInter305,Carvedilol,DB01136,Unknown,Unknown,DDInter1565|DDInter305,https://ddinter.scbdd.com/ddinter/interact/1178178,2026-09-09T10:06:36+00:00
1178202,-1,DDInter1927,Venlafaxine,DB00285,DDInter305,Carvedilol,DB01136,Unknown,Unknown,DDInter1927|DDInter305,https://ddinter.scbdd.com/ddinter/interact/1178202,2026-09-09T10:06:36+00:00
1178207,-1,DDInter1913,Valproic acid,DB00313,DDInter305,Carvedilol,DB01136,Unknown,Unknown,DDInter1913|DDInter305,https://ddinter.scbdd.com/ddinter/interact/1178207,2026-09-09T10:06:36+00:00
1178209,-1,DDInter1164,Metformin,DB00331,DDInter305,Carvedilol,DB01136,Unknown,Unknown,DDInter1164|DDInter305,https://ddinter.scbdd.com/ddinter/interact/1178209,2026-09-09T10:06:36+00:00
1178210,-1,DDInter1340,Omeprazole,DB00338,DDInter305,Carvedilol,DB01136,Unknown,Unknown,DDInter1340|DDInter305,https://ddinter.scbdd.com/ddinter/interact/1178210,2026-09-09T10:06:36+00:00
1178249,-1,DDInter384,Ciprofloxacin,DB00537,DDInter305,Carvedilol,DB01136,Unknown,Unknown,DDInter305|DDInter384,https://ddinter.scbdd.com/ddinter/interact/1178249,2026-09-09T10:06:36+00:00
1178254,-1,DDInter1020,Lamotrigine,DB00555,DDInter305,Carvedilol,DB01136,Unknown,Unknown,DDInter1020|DDInter305,https://ddinter.scbdd.com/ddinter/interact/1178254,2026-09-09T10:06:36+00:00
1178256,-1,DDInter1174,Methotrexate,DB00563,DDInter305,Carvedilol,DB01136,Unknown,Unknown,DDInter1174|DDInter305,https://ddinter.scbdd.com/ddinter/interact/1178256,2026-09-09T10:06:36+00:00
1178262,-1,DDInter638,Enalapril,DB00584,DDInter305,Carvedilol,DB01136,Unknown,Unknown,DDInter305|DDInter638,https://ddinter.scbdd.com/ddinter/interact/1178262,2026-09-09T10:06:36+00:00
1178269,-1,DDInter1675,Simvastatin,DB00641,DDInter305,Carvedilol,DB01136,Unknown,Unknown,DDInter1675|DDInter305,https://ddinter.scbdd.com/ddinter/interact/1178269,2026-09-09T10:06:36+00:00
1178277,-1,DDInter1095,Losartan,DB00678,DDInter305,Carvedilol,DB01136,Unknown,Unknown,DDInter1095|DDInter305,https://ddinter.scbdd.com/ddinter/interact/1178277,2026-09-09T10:06:36+00:00
1178278,-1,DDInter1951,Warfarin,DB00682,DDInter305,Carvedilol,DB01136,Unknown,Unknown,DDInter1951|DDInter305,https://ddinter.scbdd.com/ddinter/interact/1178278,2026-09-09T10:06:36+00:00
1178291,-1,DDInter413,Clopidogrel,DB00758,DDInter305,Carvedilol,DB01136,Unknown,Unknown,DDInter305|DDInter413,https://ddinter.scbdd.com/ddinter/interact/1178291,2026-09-09T10:06:36+00:00
1178306,-1,DDInter1735,Tacrolimus,DB00864,DDInter305,Carvedilol,DB01136,Unknown,Unknown,DDInter1735|DDInter305,https://ddinter.scbdd.com/ddinter/interact/1178306,2026-09-09T10:06:36+00:00
1178318,-1,DDInter1202,Metronidazole,DB00916,DDInter305,Carvedilol,DB01136,Unknown,Unknown,DDInter1202|DDInter305,https://ddinter.scbdd.com/ddinter/interact/1178318,2026-09-09T10:06:36+00:00
1178352,-1,DDInter1622,Rosuvastatin,DB01098,DDInter305,Carvedilol,DB01136,Unknown,Unknown,DDInter1622|DDInter305,https://ddinter.scbdd.com/ddinter/interact/1178352,2026-09-09T10:06:36+00:00
1178362,-1,DDInter305,Carvedilol,DB01136,DDInter995,Itraconazole,DB01167,Unknown,Unknown,DDInter305|DDInter995,https://ddinter.scbdd.com/ddinter/interact/1178362,2026-09-09T10:06:36+00:00
1178370,-1,DDInter305,Carvedilol,DB01136,DDInter393,Clarithromycin,DB01211,Unknown,Unknown,DDInter305|DDInter393,https://ddinter.scbdd.com/ddinter/interact/1178370,2026-09-09T10:06:36+00:00
1178371,-1,DDInter305,Carvedilol,DB01136,DDInter334,Ceftriaxone,DB01212,Unknown,Unknown,DDInter305|DDInter334,https://ddinter.scbdd.com/ddinter/interact/1178371,2026-09-09T10:06:36+00:00
1179188,-1,DDInter1915,Valsartan,DB00177,DDInter995,Itraconazole,DB01167,Unknown,Unknown,DDInter1915|DDInter995,https://ddinter.scbdd.com/ddinter/interact/1179188,2026-09-09T10:06:36+00:00
1179189,-1,DDInter1565,Ramipril,DB00178,DDInter995,Itraconazole,DB01167,Unknown,Unknown,DDInter1565|DDInter995,https://ddinter.scbdd.com/ddinter/interact/1179189,2026-09-09T10:06:36+00:00
1179202,-1,DDInter1326,Olanzapine,DB00334,DDInter995,Itraconazole,DB01167,Unknown,Unknown,DDInter1326|DDInter995,https://ddinter.scbdd.com/ddinter/interact/1179202,2026-09-09T10:06:36+00:00
1179208,-1,DDInter1707,Spironolactone,DB00421,DDInter995,Itraconazole,DB01167,Unknown,Unknown,DDInter1707|DDInter995,https://ddinter.scbdd.com/ddinter/interact/1179208,2026-09-09T10:06:36+00:00
1179234,-1,DDInter1605,Risperidone,DB00734,DDInter995,Itraconazole,DB01167,Unknown,Unknown,DDInter1605|DDInter995,https://ddinter.scbdd.com/ddinter/interact/1179234,2026-09-09T10:06:36+00:00
1179242,-1,DDInter1202,Metronidazole,DB00916,DDInter995,Itraconazole,DB01167,Unknown,Unknown,DDInter1202|DDInter995,https://ddinter.scbdd.com/ddinter/interact/1179242,2026-09-09T10:06:36+00:00
1180347,-1,DDInter608,Duloxetine,DB00476,DDInter393,Clarithromycin,DB01211,Unknown,Unknown,DDInter393|DDInter608,https://ddinter.scbdd.com/ddinter/interact/1180347,2026-09-09T10:06:36+00:00
1180370,-1,DDInter1622,Rosuvastatin,DB01098,DDInter393,Clarithromycin,DB01211,Unknown,Unknown,DDInter1622|DDInter393,https://ddinter.scbdd.com/ddinter/interact/1180370,2026-09-09T10:06:36+00:00
1180379,-1,DDInter1915,Valsartan,DB00177,DDInter334,Ceftriaxone,DB01212,Unknown,Unknown,DDInter1915|DDInter334,https://ddinter.scbdd.com/ddinter/interact/1180379,2026-09-09T10:06:36+00:00
1180380,-1,DDInter1565,Ramipril,DB00178,DDInter334,Ceftriaxone,DB01212,Unknown,Unknown,DDInter1565|DDInter334,https://ddinter.scbdd.com/ddinter/interact/1180380,2026-09-09T10:06:36+00:00
1180385,-1,DDInter743,Fluconazole,DB00196,DDInter334,Ceftriaxone,DB01212,Unknown,Unknown,DDInter334|DDInter743,https://ddinter.scbdd.com/ddinter/interact/1180385,2026-09-09T10:06:36+00:00
1180393,-1,DDInter825,Glimepiride,DB00222,DDInter334,Ceftriaxone,DB01212,Unknown,Unknown,DDInter334|DDInter825,https://ddinter.scbdd.com/ddinter/interact/1180393,2026-09-09T10:06:36+00:00
1180410,-1,DDInter1927,Venlafaxine,DB00285,DDInter334,Ceftriaxone,DB01212,Unknown,Unknown,DDInter1927|DDInter334,https://ddinter.scbdd.com/ddinter/interact/1180410,2026-09-09T10:06:36+00:00
1180416,-1,DDInter1913,Valproic acid,DB00313,DDInter334,Ceftriaxone,DB01212,Unknown,Unknown,DDInter1913|DDInter334,https://ddinter.scbdd.com/ddinter/interact/1180416,2026-09-09T10:06:36+00:00
1180422,-1,DDInter1164,Metformin,DB00331,DDInter334,Ceftriaxone,DB01212,Unknown,Unknown,DDInter1164|DDInter334,https://ddinter.scbdd.com/ddinter/interact/1180422,2026-09-09T10:06:36+00:00
1180423,-1,DDInter1326,Olanzapine,DB00334,DDInter334,Ceftriaxone,DB01212,Unknown,Unknown,DDInter1326|DDInter334,https://ddinter.scbdd.com/ddinter/interact/1180423,2026-09-09T10:06:36+00:00
1180424,-1,DDInter1340,Omeprazole,DB00338,DDInter334,Ceftriaxone,DB01212,Unknown,Unknown,DDInter1340|DDInter334,https://ddinter.scbdd.com/ddinter/interact/1180424,2026-09-09T10:06:36+00:00
1180434,-1,DDInter554,Digoxin,DB00390,DDInter334,Ceftriaxone,DB01212,Unknown,Unknown,DDInter334|DDInter554,https://ddinter.scbdd.com/ddinter/interact/1180434,2026-09-09T10:06:36+00:00
1180438,-1,DDInter1707,Spironolactone,DB00421,DDInter334,Ceftriaxone,DB01212,Unknown,Unknown,DDInter1707|DDInter334,https://ddinter.scbdd.com/ddinter/interact/1180438,2026-09-09T10:06:36+00:00
1180453,-1,DDInter758,Fluoxetine,DB00472,DDInter334,Ceftriaxone,DB01212,Unknown,Unknown,DDInter334|DDInter758,https://ddinter.scbdd.com/ddinter/interact/1180453,2026-09-09T10:06:36+00:00
1180454,-1,DDInter608,Duloxetine,DB00476,DDInter334,Ceftriaxone,DB01212,Unknown,Unknown,DDInter334|DDInter608,https://ddinter.scbdd.com/ddinter/interact/1180454,2026-09-09T10:06:36+00:00
1180462,-1,DDInter1607,Ritonavir,DB00503,DDInter334,Ceftriaxone,DB01212,Unknown,Unknown,DDInter1607|DDInter334,https://ddinter.scbdd.com/ddinter/interact/1180462,2026-09-09T10:06:36+00:00
1180473,-1,DDInter384,Ciprofloxacin,DB00537,DDInter334,Ceftriaxone,DB01212,Unknown,Unknown,DDInter334|DDInter384,https://ddinter.scbdd.com/ddinter/interact/1180473,2026-09-09T10:06:36+00:00
1180480,-1,DDInter1020,Lamotrigine,DB00555,DDInter334,Ceftriaxone,DB01212,Unknown,Unknown,DDInter1020|DDInter334,https://ddinter.scbdd.com/ddinter/interact/1180480,2026-09-09T10:06:36+00:00
1180484,-1,DDInter1174,Methotrexate,DB00563,DDInter334,Ceftriaxone,DB01212,Unknown,Unknown,DDInter1174|DDInter334,https://ddinter.scbdd.com/ddinter/interact/1180484,2026-09-09T10:06:36+00:00
1180493,-1,DDInter638,Enalapril,DB00584,DDInter334,Ceftriaxone,DB01212,Unknown,Unknown,DDInter334|DDInter638,https://ddinter.scbdd.com/ddinter/interact/1180493,2026-09-09T10:06:36+00:00
1180500,-1,DDInter1675,Simvastatin,DB00641,DDInter334,Ceftriaxone,DB01212,Unknown,Unknown,DDInter1675|DDInter334,https://ddinter.scbdd.com/ddinter/interact/1180500,2026-09-09T10:06:36+00:00
1180510,-1,DDInter1095,Losartan,DB00678,DDInter334,Ceftriaxone,DB01212,Unknown,Unknown,DDInter1095|DDInter334,https://ddinter.scbdd.com/ddinter/interact/1180510,2026-09-09T10:06:36+00:00
1180521,-1,DDInter1605,Risperidone,DB00734,DDInter334,Ceftriaxone,DB01212,Unknown,Unknown,DDInter1605|DDInter334,https://ddinter.scbdd.com/ddinter/interact/1180521,2026-09-09T10:06:36+00:00
1180527,-1,DDInter413,Clopidogrel,DB00758,DDInter334,Ceftriaxone,DB01212,Unknown,Unknown,DDInter334|DDInter413,https://ddinter.scbdd.com/ddinter/interact/1180527,2026-09-09T10:06:36+00:00
1180552,-1,DDInter1735,Tacrolimus,DB00864,DDInter334,Ceftriaxone,DB01212,Unknown,Unknown,DDInter1735|DDInter334,https://ddinter.scbdd.com/ddinter/interact/1180552,2026-09-09T10:06:36+00:00
1180565,-1,DDInter1202,Metronidazole,DB00916,DDInter334,Ceftriaxone,DB01212,Unknown,Unknown,DDInter1202|DDInter334,https://ddinter.scbdd.com/ddinter/interact/1180565,2026-09-09T10:06:36+00:00
1180584,-1,DDInter883,Hydrochlorothiazide,DB00999,DDInter334,Ceftriaxone,DB01212,Unknown,Unknown,DDInter334|DDInter883,https://ddinter.scbdd.com/ddinter/interact/1180584,2026-09-09T10:06:36+00:00
1180601,-1,DDInter1590,Rifampicin,DB01045,DDInter334,Ceftriaxone,DB01212,Unknown,Unknown,DDInter1590|DDInter334,https://ddinter.scbdd.com/ddinter/interact/1180601,2026-09-09T10:06:36+00:00
1180602,-1,DDInter900,Ibuprofen,DB01050,DDInter334,Ceftriaxone,DB01212,Unknown,Unknown,DDInter334|DDInter900,https://ddinter.scbdd.com/ddinter/interact/1180602,2026-09-09T10:06:36+00:00
1180613,-1,DDInter1622,Rosuvastatin,DB01098,DDInter334,Ceftriaxone,DB01212,Unknown,Unknown,DDInter1622|DDInter334,https://ddinter.scbdd.com/ddinter/interact/1180613,2026-09-09T10:06:36+00:00
1180627,-1,DDInter995,Itraconazole,DB01167,DDInter334,Ceftriaxone,DB01212,Unknown,Unknown,DDInter334|DDInter995,https://ddinter.scbdd.com/ddinter/interact/1180627,2026-09-09T10:06:36+00:00
1180635,-1,DDInter393,Clarithromycin,DB01211,DDInter334,Ceftriaxone,DB01212,Unknown,Unknown,DDInter334|DDInter393,https://ddinter.scbdd.com/ddinter/interact/1180635,2026-09-09T10:06:36+00:00
1180637,-1,DDInter334,Ceftriaxone,DB01212,DDInter1553,Quetiapine,DB01224,Unknown,Unknown,DDInter1553|DDInter334,https://ddinter.scbdd.com/ddinter/interact/1180637,2026-09-09T10:06:36+00:00
1180640,-1,DDInter334,Ceftriaxone,DB01212,DDInter513,Dexamethasone,DB01234,Unknown,Unknown,DDInter334|DDInter513,https://ddinter.scbdd.com/ddinter/interact/1180640,2026-09-09T10:06:36+00:00
1180641,-1,DDInter334,Ceftriaxone,DB01212,DDInter118,Aripiprazole,DB01238,Unknown,Unknown,DDInter118|DDInter334,https://ddinter.scbdd.com/ddinter/interact/1180641,2026-09-09T10:06:36+00:00
1181367,-1,DDInter1675,Simvastatin,DB00641,DDInter1553,Quetiapine,DB01224,Unknown,Unknown,DDInter1553|DDInter1675,https://ddinter.scbdd.com/ddinter/interact/1181367,2026-09-09T10:06:36+00:00
1181400,-1,DDInter1622,Rosuvastatin,DB01098,DDInter1553,Quetiapine,DB01224,Unknown,Unknown,DDInter1553|DDInter1622,https://ddinter.scbdd.com/ddinter/interact/1181400,2026-09-09T10:06:36+00:00
1181722,-1,DDInter1927,Venlafaxine,DB00285,DDInter513,Dexamethasone,DB01234,Unknown,Unknown,DDInter1927|DDInter513,https://ddinter.scbdd.com/ddinter/interact/1181722,2026-09-09T10:06:36+00:00
1181730,-1,DDInter1913,Valproic acid,DB00313,DDInter513,Dexamethasone,DB01234,Unknown,Unknown,DDInter1913|DDInter513,https://ddinter.scbdd.com/ddinter/interact/1181730,2026-09-09T10:06:36+00:00
1181734,-1,DDInter1326,Olanzapine,DB00334,DDInter513,Dexamethasone,DB01234,Unknown,Unknown,DDInter1326|DDInter513,https://ddinter.scbdd.com/ddinter/interact/1181734,2026-09-09T10:06:36+00:00
1181736,-1,DDInter1340,Omeprazole,DB00338,DDInter513,Dexamethasone,DB01234,Unknown,Unknown,DDInter1340|DDInter513,https://ddinter.scbdd.com/ddinter/interact/1181736,2026-09-09T10:06:36+00:00
1181763,-1,DDInter758,Fluoxetine,DB00472,DDInter513,Dexamethasone,DB01234,Unknown,Unknown,DDInter513|DDInter758,https://ddinter.scbdd.com/ddinter/interact/1181763,2026-09-09T10:06:36+00:00
1181764,-1,DDInter608,Duloxetine,DB00476,DDInter513,Dexamethasone,DB01234,Unknown,Unknown,DDInter513|DDInter608,https://ddinter.scbdd.com/ddinter/interact/1181764,2026-09-09T10:06:36+00:00
1181778,-1,DDInter1020,Lamotrigine,DB00555,DDInter513,Dexamethasone,DB01234,Unknown,Unknown,DDInter1020|DDInter513,https://ddinter.scbdd.com/ddinter/interact/1181778,2026-09-09T10:06:36+00:00
1181791,-1,DDInter1675,Simvastatin,DB00641,DDInter513,Dexamethasone,DB01234,Unknown,Unknown,DDInter1675|DDInter513,https://ddinter.scbdd.com/ddinter/interact/1181791,2026-09-09T10:06:36+00:00
1181810,-1,DDInter1605,Risperidone,DB00734,DDInter513,Dexamethasone,DB01234,Unknown,Unknown,DDInter1605|DDInter513,https://ddinter.scbdd.com/ddinter/interact/1181810,2026-09-09T10:06:36+00:00
1181845,-1,DDInter1202,Metronidazole,DB00916,DDInter513,Dexamethasone,DB01234,Unknown,Unknown,DDInter1202|DDInter513,https://ddinter.scbdd.com/ddinter/interact/1181845,2026-09-09T10:06:36+00:00
1181882,-1,DDInter1622,Rosuvastatin,DB01098,DDInter513,Dexamethasone,DB01234,Unknown,Unknown,DDInter1622|DDInter513,https://ddinter.scbdd.com/ddinter/interact/1181882,2026-09-09T10:06:36+00:00
1181949,-1,DDInter1622,Rosuvastatin,DB01098,DDInter118,Aripiprazole,DB01238,Unknown,Unknown,DDInter118|DDInter1622,https://ddinter.scbdd.com/ddinter/interact/1181949,2026-09-09T10:06:36+00:00
