pair_id,reference_number,reference_text,source_url,scraped_at
951800,1,"Perucca E, Richens A ""Paracetamol disposition in normal subjects and in patients treated with antiepileptic drugs."" Br J Clin Pharmacol 7 (1979): 201-6",https://ddinter.scbdd.com/ddinter/interact/951800/,2026-09-09T18:58:10+00:00
951800,2,"Miners JO, Attwood J, Birkett DJ ""Determinants of acetaminophen metabolism: effect of inducers and inhibitors of drug metabolism on acetaminophen's metabolic pathways."" Clin Pharmacol Ther 35 (1984): 480-6",https://ddinter.scbdd.com/ddinter/interact/951800/,2026-09-09T18:58:10+00:00
951800,3,"Smith JA, Hine ID, Beck P, Routledge PA ""Paracetamol toxicity: is enzyme induction important?"" Hum Toxicol 5 (1986): 383-5",https://ddinter.scbdd.com/ddinter/interact/951800/,2026-09-09T18:58:10+00:00
951846,1,"Cerner Multum, Inc. ""UK Summary of Product Characteristics."" O 0",https://ddinter.scbdd.com/ddinter/interact/951846/,2026-09-09T18:58:25+00:00
951846,2,"""Product Information. Methotrexate (methotrexate)."" Lederle Laboratories, Wayne, NJ.",https://ddinter.scbdd.com/ddinter/interact/951846/,2026-09-09T18:58:25+00:00
951846,3,"Nesher G, Mates M, Zevin S ""Effect of caffeine consumption on efficacy of methotrexate in rheumatoid arthritis."" Arthritis Rheum 48 (2003): 571-572",https://ddinter.scbdd.com/ddinter/interact/951846/,2026-09-09T18:58:25+00:00
951859,1,"Brackett CC, Bloch JD ""Phenytoin as a possible cause of acetaminophen hepatotoxicity: Case report and review of the literature."" Pharmacotherapy 20 (2000): 229-33",https://ddinter.scbdd.com/ddinter/interact/951859/,2026-09-09T18:58:12+00:00
951859,2,"Bivins BA, Rapp RP, Griffen WO Jr, Blouin R, Bustrack J ""Dopamine-phenytoin interaction. A cause of hypotension in the critically ill."" Arch Surg 113 (1978): 245-9",https://ddinter.scbdd.com/ddinter/interact/951859/,2026-09-09T18:58:12+00:00
951859,3,"Lorenzi M, Karam JH, Tsalikian E, Bohannon NV, Gerich JE, Forsham PH ""Dopamine during alpha- or beta-adrenergic blockade in man. Hormonal, metabolic, and cardiovascular effects."" J Clin Invest 63 (1979): 310-7",https://ddinter.scbdd.com/ddinter/interact/951859/,2026-09-09T18:58:12+00:00
951871,1,"Nolan CM, Sandblom RE, Thummel KE, Slattery JT, Nelson SD ""Hepatotoxicity associated with acetaminophen usage in patients receiving multiple drug therapy for tuberculosis."" Chest 105 (1994): 408-11",https://ddinter.scbdd.com/ddinter/interact/951871/,2026-09-09T18:58:30+00:00
951871,2,"Prescott LF, Critchley JA, Balali-Mood M, Pentland B ""Effects of microsomal enzyme induction on paracetamol metabolism in man."" Br J Clin Pharmacol 12 (1981): 149-53",https://ddinter.scbdd.com/ddinter/interact/951871/,2026-09-09T18:58:30+00:00
951871,3,"Bock KW, Wiltfang J, Blume R, Ullrich D, Bircher J ""Paracetamol as a test drug to determine glucuronide formation in man: effects of inducers and of smoking."" Eur J Clin Pharmacol 31 (1987): 677-83",https://ddinter.scbdd.com/ddinter/interact/951871/,2026-09-09T18:58:30+00:00
951890,1,"Hylek EM, Heiman H, Skates SJ, Sheehan MA, Singer DE ""Acetaminophen and other risk factors for excessive warfarin anticoagulation."" JAMA 279 (1998): 657-62",https://ddinter.scbdd.com/ddinter/interact/951890/,2026-09-09T18:58:41+00:00
951890,2,"Wells PS, Holbrook AM, Crowther NR, Hirsh J ""Interactions of warfarin with drugs and food."" Ann Intern Med 121 (1994): 676-83",https://ddinter.scbdd.com/ddinter/interact/951890/,2026-09-09T18:58:41+00:00
951890,3,"Shek KL, Chan LN, Nutescu E ""Warfarin-acetaminophen drug interaction revisited."" Pharmacotherapy 19 (1999): 1153-8",https://ddinter.scbdd.com/ddinter/interact/951890/,2026-09-09T18:58:41+00:00
957488,1,"Deleeuw PW ""Nonsteroidal anti-inflammatory drugs and hypertension: the risks in perspective."" Drugs 51 (1996): 179-87",https://ddinter.scbdd.com/ddinter/interact/957488/,2026-09-09T18:58:20+00:00
957488,2,"""Product Information. Arthrotec (diclofenac-misoprostol)."" Searle, Skokie, IL.",https://ddinter.scbdd.com/ddinter/interact/957488/,2026-09-09T18:58:20+00:00
957488,3,"Ring ME, Corrigan JJ, Fenster PE ""Effects of oral diltiazem on platelet function: alone and in combination with ""low dose"" aspirin."" Thromb Res 44 (1986): 391-400",https://ddinter.scbdd.com/ddinter/interact/957488/,2026-09-09T18:58:20+00:00
957495,1,"Cerner Multum, Inc. ""UK Summary of Product Characteristics."" O 0",https://ddinter.scbdd.com/ddinter/interact/957495/,2026-09-09T16:49:23+00:00
957495,2,"""Product Information. Eliquis (apixaban)."" Bristol-Myers Squibb Canada Inc, Montreal, IN.",https://ddinter.scbdd.com/ddinter/interact/957495/,2026-09-09T16:49:23+00:00
957495,3,"Guo LQ, Yamazoe Y ""Inhibition of cytochrome P450 by furanocoumarins in grapefruit juice and herbal medicines."" Acta Pharmacol Sin 25 (2004): 129-36",https://ddinter.scbdd.com/ddinter/interact/957495/,2026-09-09T16:49:23+00:00
957501,1,"Wilner KD, Rushing M, Walden C, et al. ""Celecoxib does not affect the antiplatelet activity of aspirin in healthy volunteers."" J Clin Pharmacol 42 (2002): 1027-30",https://ddinter.scbdd.com/ddinter/interact/957501/,2026-09-09T18:58:32+00:00
957501,2,"Livio M, Del Maschio A, Cerletti C, de Gaetano G ""Indomethacin prevents the long-lasting inhibitory effect of aspirin on human platelet cyclo-oxygenase activity."" Prostaglandins 23 (1982): 787-96",https://ddinter.scbdd.com/ddinter/interact/957501/,2026-09-09T18:58:32+00:00
957501,3,"Grennan DM, Ferry DG, Ashworth ME, Kenny RE, Mackinnnon M ""The aspirin-ibuprofen interaction in rheumatoid arthritis."" Br J Clin Pharmacol 8 (1979): 497-503",https://ddinter.scbdd.com/ddinter/interact/957501/,2026-09-09T18:58:32+00:00
957515,1,"Radack KL, Deck CC, Bloomfield SS ""Ibuprofen interferes with the efficacy of antihypertensive drugs."" Ann Intern Med 107 (1987): 628-35",https://ddinter.scbdd.com/ddinter/interact/957515/,2026-09-09T18:58:08+00:00
957515,2,"Hartmann D, Stief G, Lingenfelder M, Guzelhan C, Horsch AK ""Study on the possible interaction between tenoxicam and atenolol in hypertensive patients."" Arzneimittelforschung 45-1 (1995): 494-8",https://ddinter.scbdd.com/ddinter/interact/957515/,2026-09-09T18:58:08+00:00
957515,3,"Abate MA, Neely JL, Layne RD, D'Allessandri R ""Interaction of indomethacin and sulindac with labetalol."" Br J Clin Pharmacol 31 (1991): 363-6",https://ddinter.scbdd.com/ddinter/interact/957515/,2026-09-09T18:58:08+00:00
957530,1,"Radack KL, Deck CC, Bloomfield SS ""Ibuprofen interferes with the efficacy of antihypertensive drugs."" Ann Intern Med 107 (1987): 628-35",https://ddinter.scbdd.com/ddinter/interact/957530/,2026-09-09T18:58:14+00:00
957530,2,"Hartmann D, Stief G, Lingenfelder M, Guzelhan C, Horsch AK ""Study on the possible interaction between tenoxicam and atenolol in hypertensive patients."" Arzneimittelforschung 45-1 (1995): 494-8",https://ddinter.scbdd.com/ddinter/interact/957530/,2026-09-09T18:58:14+00:00
957530,3,"Abate MA, Neely JL, Layne RD, D'Allessandri R ""Interaction of indomethacin and sulindac with labetalol."" Br J Clin Pharmacol 31 (1991): 363-6",https://ddinter.scbdd.com/ddinter/interact/957530/,2026-09-09T18:58:14+00:00
957539,1,"""Product Information. Factive (gemifloxacin)."" GeneSoft Inc, San Francisco, CA.",https://ddinter.scbdd.com/ddinter/interact/957539/,2026-09-09T18:58:35+00:00
957539,2,"""Product Information. Avelox (moxifloxacin)"" Bayer, West Haven, CT.",https://ddinter.scbdd.com/ddinter/interact/957539/,2026-09-09T18:58:35+00:00
957539,3,"Davey PG ""Overview of drug interactions with the quinolones."" J Antimicrob Chemother 22(suppl c) (1988): 97-107",https://ddinter.scbdd.com/ddinter/interact/957539/,2026-09-09T18:58:35+00:00
957543,1,"""Product Information. Plavix (clopidogrel)."" Bristol-Myers Squibb, Princeton, NJ.",https://ddinter.scbdd.com/ddinter/interact/957543/,2026-09-09T18:58:28+00:00
957545,1,"Sesin GP, O'Keefe E, Roberto P ""Sulindac-induced elevation of serum cyclosporine concentration."" Clin Pharm 8 (1989): 445-6",https://ddinter.scbdd.com/ddinter/interact/957545/,2026-09-09T18:58:22+00:00
957545,2,"""Product Information. Arthrotec (diclofenac-misoprostol)."" Searle, Skokie, IL.",https://ddinter.scbdd.com/ddinter/interact/957545/,2026-09-09T18:58:22+00:00
957545,3,"Deray G, Le Hoang P, Aupetit B, Achour A, Rottembourg J, Baumelou A ""Enhancement of cyclosporine A nephrotoxicity by diclofenac."" Clin Nephrol 27 (1987): 213-4",https://ddinter.scbdd.com/ddinter/interact/957545/,2026-09-09T18:58:22+00:00
957559,1,"Wilcox CM, Shalek KA, Cotsonis G ""Striking prevalence of over-the-counter nonsteroidal anti- inflammatory drug use in patients with upper gastrointestinal hemorrhage."" Arch Intern Med 154 (1994): 42-6",https://ddinter.scbdd.com/ddinter/interact/957559/,2026-09-09T18:58:39+00:00
957559,2,"Stewart JT, Pennington CR, Pringle R ""Anti-inflammatory drugs and bowel perforations and haemorrhage."" Br Med J 290 (1985): 787-8",https://ddinter.scbdd.com/ddinter/interact/957559/,2026-09-09T18:58:39+00:00
957559,3,"Messer J, Reitman D, Sacks HS, et al ""Association of adrenocorticosteroid therapy and peptic-ulcer disease."" N Engl J Med 309 (1983): 21-4",https://ddinter.scbdd.com/ddinter/interact/957559/,2026-09-09T18:58:39+00:00
957566,1,"Rodin SM, Johnson BF ""Pharmacokinetic interactions with digoxin."" Clin Pharmacokinet 15 (1988): 227-44",https://ddinter.scbdd.com/ddinter/interact/957566/,2026-09-09T18:58:26+00:00
957566,2,"Jorgensen HS, Christensen HR, Kampmann JP ""Interaction between digoxin and indomethacin or ibuprofen."" Br J Clin Pharmacol 31 (1991): 108-10",https://ddinter.scbdd.com/ddinter/interact/957566/,2026-09-09T18:58:26+00:00
957566,3,"Finch MB, Johnston GD, Kelly JG, McDevitt DG ""Pharmacokinetics of digoxin alone and in the presence of indomethacin therapy."" Br J Clin Pharmacol 17 (1984): 353-5",https://ddinter.scbdd.com/ddinter/interact/957566/,2026-09-09T18:58:26+00:00
957572,1,"Bannister SJ, Houser VP, Hulse JD, Kisicki JC, Rasmussen JG ""Evaluation of the potential for interactions of paroxetine with diazepam, cimetidine, warfarin, and digoxin."" Acta Psychiatr Scand Suppl 350 (1989): 102-6",https://ddinter.scbdd.com/ddinter/interact/957572/,2026-09-09T18:58:16+00:00
957572,2,"Skop BP, Brown TM ""Potential vascular and bleeding complications of treatment with selective serotonin reuptake inhibitors."" Psychosomatics 37 (1996): 12-6",https://ddinter.scbdd.com/ddinter/interact/957572/,2026-09-09T18:58:16+00:00
957572,3,"Settle EC ""Antidepressant drugs: disturbing and potentially dangerous adverse effects."" J Clin Psychiatry 59 Suppl 16 (1998): 25-30",https://ddinter.scbdd.com/ddinter/interact/957572/,2026-09-09T18:58:16+00:00
957575,1,"Townend JN, Doran J, Lote CJ, Davies MK ""Peripheral haemodynamic effects of inhibition of prostaglandin synthesis in congestive heart failure and interactions with captopril."" Br Heart J 73 (1995): 434-41",https://ddinter.scbdd.com/ddinter/interact/957575/,2026-09-09T18:58:37+00:00
957575,2,"Ahmad S ""Indomethacin-enalapril interaction: an alert."" South Med J 84 (1991): 411-2",https://ddinter.scbdd.com/ddinter/interact/957575/,2026-09-09T18:58:37+00:00
957575,3,"Silberbauer K, Stanek B, Templ H ""Acute hypotensive effect of captopril in man modified by prostaglandin synthesis inhibition."" Br J Clin Pharmacol 14 (1982): s87-93",https://ddinter.scbdd.com/ddinter/interact/957575/,2026-09-09T18:58:37+00:00
957584,1,"Bannister SJ, Houser VP, Hulse JD, Kisicki JC, Rasmussen JG ""Evaluation of the potential for interactions of paroxetine with diazepam, cimetidine, warfarin, and digoxin."" Acta Psychiatr Scand Suppl 350 (1989): 102-6",https://ddinter.scbdd.com/ddinter/interact/957584/,2026-09-09T16:51:40+00:00
957584,2,"Skop BP, Brown TM ""Potential vascular and bleeding complications of treatment with selective serotonin reuptake inhibitors."" Psychosomatics 37 (1996): 12-6",https://ddinter.scbdd.com/ddinter/interact/957584/,2026-09-09T16:51:40+00:00
957584,3,"Settle EC ""Antidepressant drugs: disturbing and potentially dangerous adverse effects."" J Clin Psychiatry 59 Suppl 16 (1998): 25-30",https://ddinter.scbdd.com/ddinter/interact/957584/,2026-09-09T16:51:40+00:00
957599,1,"Bannister SJ, Houser VP, Hulse JD, Kisicki JC, Rasmussen JG ""Evaluation of the potential for interactions of paroxetine with diazepam, cimetidine, warfarin, and digoxin."" Acta Psychiatr Scand Suppl 350 (1989): 102-6",https://ddinter.scbdd.com/ddinter/interact/957599/,2026-09-09T18:58:43+00:00
957599,2,"Skop BP, Brown TM ""Potential vascular and bleeding complications of treatment with selective serotonin reuptake inhibitors."" Psychosomatics 37 (1996): 12-6",https://ddinter.scbdd.com/ddinter/interact/957599/,2026-09-09T18:58:43+00:00
957599,3,"Settle EC ""Antidepressant drugs: disturbing and potentially dangerous adverse effects."" J Clin Psychiatry 59 Suppl 16 (1998): 25-30",https://ddinter.scbdd.com/ddinter/interact/957599/,2026-09-09T18:58:43+00:00
957605,1,"Muller FO, Schall R, Devaal AC, Groenewoud G, Hundt HKL, Middle MV ""Influence of meloxicam on furosemide pharmacokinetics and pharmacodynamics in healthy volunteers."" Eur J Clin Pharmacol 48 (1995): 247-51",https://ddinter.scbdd.com/ddinter/interact/957605/,2026-09-09T18:58:47+00:00
957605,2,"Favre L, Glasson P, Vallotton MB ""Reversible acute renal failure from combined triamterene and indomethacin."" Ann Intern Med 96 (1982): 317-20",https://ddinter.scbdd.com/ddinter/interact/957605/,2026-09-09T18:58:47+00:00
957605,3,"Bennett WM ""Drug interactions and consequences of sodium restriction."" Am J Clin Nutr 65 (1997): S678-81",https://ddinter.scbdd.com/ddinter/interact/957605/,2026-09-09T18:58:47+00:00
957609,1,"Christensen LK, Hansen JM, Kristensen M ""Sulphaphenazole-induced hypoglycemic attacks in tolbutamide-treated diabetics."" Lancet 2 (1963): 1298-301",https://ddinter.scbdd.com/ddinter/interact/957609/,2026-09-09T18:59:05+00:00
957609,2,"Turtle JR, Burgess JA ""Hypoglycemic action of fenfluramine in diabetes mellitus."" Diabetes 22 (1973): 858-67",https://ddinter.scbdd.com/ddinter/interact/957609/,2026-09-09T18:59:05+00:00
957609,3,"Field JB, Ohta M, Boyle C, Remer A ""Potentiation of acetohexamide hypoglycemia by phenylbutazone."" N Engl J Med 277 (1967): 889-94",https://ddinter.scbdd.com/ddinter/interact/957609/,2026-09-09T18:59:05+00:00
957613,1,"Weale AE, Warwick DJ, Durant N, Prothero D ""Is there a clinical interaction between low molecular weight heparin and non-steroidal analgesics after total hip replacement?"" Ann R Coll Surg Engl 77 (1995): 35-7",https://ddinter.scbdd.com/ddinter/interact/957613/,2026-09-09T18:58:59+00:00
957613,2,"Heiden D, Rodvien R, Mielke CH ""Heparin bleeding, platelet dysfunction, and aspirin."" JAMA 246 (1981): 330-1",https://ddinter.scbdd.com/ddinter/interact/957613/,2026-09-09T18:58:59+00:00
957613,3,"Theroux P, Ouimet H, McCans J, et al. ""Aspirin, heparin, or both to treat acute unstable angina."" N Engl J Med 319 (1988): 1105-6",https://ddinter.scbdd.com/ddinter/interact/957613/,2026-09-09T18:58:59+00:00
957615,1,"Muller FO, Schall R, Devaal AC, Groenewoud G, Hundt HKL, Middle MV ""Influence of meloxicam on furosemide pharmacokinetics and pharmacodynamics in healthy volunteers."" Eur J Clin Pharmacol 48 (1995): 247-51",https://ddinter.scbdd.com/ddinter/interact/957615/,2026-09-09T18:59:11+00:00
957615,2,"Favre L, Glasson P, Vallotton MB ""Reversible acute renal failure from combined triamterene and indomethacin."" Ann Intern Med 96 (1982): 317-20",https://ddinter.scbdd.com/ddinter/interact/957615/,2026-09-09T18:59:11+00:00
957615,3,"Bennett WM ""Drug interactions and consequences of sodium restriction."" Am J Clin Nutr 65 (1997): S678-81",https://ddinter.scbdd.com/ddinter/interact/957615/,2026-09-09T18:59:11+00:00
957651,1,"""Product Information. Factive (gemifloxacin)."" GeneSoft Inc, San Francisco, CA.",https://ddinter.scbdd.com/ddinter/interact/957651/,2026-09-09T16:51:10+00:00
957651,2,"""Product Information. Avelox (moxifloxacin)"" Bayer, West Haven, CT.",https://ddinter.scbdd.com/ddinter/interact/957651/,2026-09-09T16:51:10+00:00
957651,3,"Davey PG ""Overview of drug interactions with the quinolones."" J Antimicrob Chemother 22(suppl c) (1988): 97-107",https://ddinter.scbdd.com/ddinter/interact/957651/,2026-09-09T16:51:10+00:00
957659,1,"Radack KL, Deck CC, Bloomfield SS ""Ibuprofen interferes with the efficacy of antihypertensive drugs: a randomized, double-blind, placebo-controlled trial of ibuprofen compared with acetaminophen."" Ann Intern Med 107 (1987): 628-35",https://ddinter.scbdd.com/ddinter/interact/957659/,2026-09-09T18:59:14+00:00
957659,2,"""Multum Information Services, Inc. Expert Review Panel""",https://ddinter.scbdd.com/ddinter/interact/957659/,2026-09-09T18:59:14+00:00
957659,3,"""Product Information. Toradol (ketorolac)."" Roche Laboratories, Nutley, NJ.",https://ddinter.scbdd.com/ddinter/interact/957659/,2026-09-09T18:59:14+00:00
957666,1,"Cerner Multum, Inc. ""UK Summary of Product Characteristics."" O 0",https://ddinter.scbdd.com/ddinter/interact/957666/,2026-09-09T18:58:55+00:00
957666,2,"Cerner Multum, Inc. ""Australian Product Information."" O 0",https://ddinter.scbdd.com/ddinter/interact/957666/,2026-09-09T18:58:55+00:00
957666,3,"""Product Information. Glucophage (metformin)."" Bristol-Myers Squibb, Princeton, NJ.",https://ddinter.scbdd.com/ddinter/interact/957666/,2026-09-09T18:58:55+00:00
957667,1,"Tracy TS, Worster T, Bradley JD, Greene PK, Brater DC ""Methotrexate disposition following concomitant administration of ketoprofen, piroxicam and flurbiprofen in patients with rheumatoid arthritis."" Br J Clin Pharmacol 37 (1994): 453-6",https://ddinter.scbdd.com/ddinter/interact/957667/,2026-09-09T18:58:49+00:00
957667,2,"Vakily M, Amer F, Kukulka MJ, Andhivarothai N ""Coadministration of lansoprazole and naproxen does not affect the pharmacokinetic profile of methotrexate in adult patients with rheumatoid arthritis."" J Clin Pharmacol 45 (2005): 1179-86",https://ddinter.scbdd.com/ddinter/interact/957667/,2026-09-09T18:58:49+00:00
957667,3,"Schwartz JI, Agrawal NG, Wong PH, et al. ""Lack of pharmacokinetic interaction between rofecoxib and methotrexate in rheumatoid arthritis patients."" J Clin Pharmacol 41 (2001): 1120-30",https://ddinter.scbdd.com/ddinter/interact/957667/,2026-09-09T18:58:49+00:00
957712,1,"Sandyk R ""Phenytoin toxicity induced by interaction with ibuprofen."" S Afr Med J 62 (1982): 592",https://ddinter.scbdd.com/ddinter/interact/957712/,2026-09-09T18:59:09+00:00
957712,2,"Dasgupta A, Timmerman TG ""In vitro displacement of phenytoin from protein binding by nonsteroidal antiinflammatory drugs tolmetin, ibuprofen, and naproxen in normal and uremic sera."" Ther Drug Monit 18 (1996): 97-9",https://ddinter.scbdd.com/ddinter/interact/957712/,2026-09-09T18:59:09+00:00
957712,3,"Bachmann KA, Schwartz JI, Forney RB Jr, et al ""Inability of ibuprofen to alter single dose phenytoin disposition."" Br J Clin Pharmacol 21 (1986): 165-9",https://ddinter.scbdd.com/ddinter/interact/957712/,2026-09-09T18:59:09+00:00
957737,1,"Townend JN, Doran J, Lote CJ, Davies MK ""Peripheral haemodynamic effects of inhibition of prostaglandin synthesis in congestive heart failure and interactions with captopril."" Br Heart J 73 (1995): 434-41",https://ddinter.scbdd.com/ddinter/interact/957737/,2026-09-09T18:58:51+00:00
957737,2,"Ahmad S ""Indomethacin-enalapril interaction: an alert."" South Med J 84 (1991): 411-2",https://ddinter.scbdd.com/ddinter/interact/957737/,2026-09-09T18:58:51+00:00
957737,3,"Silberbauer K, Stanek B, Templ H ""Acute hypotensive effect of captopril in man modified by prostaglandin synthesis inhibition."" Br J Clin Pharmacol 14 (1982): s87-93",https://ddinter.scbdd.com/ddinter/interact/957737/,2026-09-09T18:58:51+00:00
957747,1,"""Product Information. Norvir (ritonavir)."" Abbott Pharmaceutical, Abbott Park, IL.",https://ddinter.scbdd.com/ddinter/interact/957747,2026-09-09T18:42:05+00:00
957747,2,"""Product Information. Kaletra (lopinavir-ritonavir)"" Abbott Pharmaceutical, Abbott Park, IL.",https://ddinter.scbdd.com/ddinter/interact/957747,2026-09-09T18:42:05+00:00
957748,1,"""Product Information. Xarelto (rivaroxaban)."" Bayer Inc, Toronto, IA.",https://ddinter.scbdd.com/ddinter/interact/957748/,2026-09-09T16:51:55+00:00
957757,1,"Muller FO, Schall R, Devaal AC, Groenewoud G, Hundt HKL, Middle MV ""Influence of meloxicam on furosemide pharmacokinetics and pharmacodynamics in healthy volunteers."" Eur J Clin Pharmacol 48 (1995): 247-51",https://ddinter.scbdd.com/ddinter/interact/957757/,2026-09-09T18:58:53+00:00
957757,2,"Favre L, Glasson P, Vallotton MB ""Reversible acute renal failure from combined triamterene and indomethacin."" Ann Intern Med 96 (1982): 317-20",https://ddinter.scbdd.com/ddinter/interact/957757/,2026-09-09T18:58:53+00:00
957757,3,"Bennett WM ""Drug interactions and consequences of sodium restriction."" Am J Clin Nutr 65 (1997): S678-81",https://ddinter.scbdd.com/ddinter/interact/957757/,2026-09-09T18:58:53+00:00
957764,1,"""Product Information. Prograf (tacrolimus)."" Fujisawa, Deerfield, IL.",https://ddinter.scbdd.com/ddinter/interact/957764/,2026-09-09T18:59:07+00:00
957764,2,"""Product Information. Rapamune (sirolimus)"" Wyeth-Ayerst Laboratories, Philadelphia, PA.",https://ddinter.scbdd.com/ddinter/interact/957764/,2026-09-09T18:59:07+00:00
957764,3,"Sheiner PA, Mor E, Chodoff L, Glabman S, Emre S, Schwartz ME, Miller CM ""Acute renal, failure associated with the use of ibuprofen in two liver transplant recipients on FK506."" Transplantation 57 (1994): 1132-3",https://ddinter.scbdd.com/ddinter/interact/957764/,2026-09-09T18:59:07+00:00
957772,1,"Cerner Multum, Inc. ""UK Summary of Product Characteristics."" O 0",https://ddinter.scbdd.com/ddinter/interact/957772/,2026-09-09T16:52:05+00:00
957772,2,"""Product Information. Brilinta (ticagrelor)."" Astra-Zeneca Pharmaceuticals, Wilmington, DE.",https://ddinter.scbdd.com/ddinter/interact/957772/,2026-09-09T16:52:05+00:00
957795,1,"Dasgupta A, Volk A ""Displacement of valproic acid and carbamazepine from protein binding in normal and uremic sera by tolmetin, ibuprofen, and naproxen: presence of inhibitor in uremic serum that blocks valproic acid-naproxen interactions."" Ther Drug Monit 18 (1996): 284-7",https://ddinter.scbdd.com/ddinter/interact/957795/,2026-09-09T18:59:00+00:00
957795,2,"Warrington SJ, Ankier SI, Turner P ""Evaluation of possible interactions between ethanol and trazodone or amitriptyline."" Neuropsychobiology 15 (1986): 31-7",https://ddinter.scbdd.com/ddinter/interact/957795/,2026-09-09T18:59:00+00:00
957795,3,"""Product Information. Fycompa (perampanel)."" Eisai Inc, Teaneck, NJ.",https://ddinter.scbdd.com/ddinter/interact/957795/,2026-09-09T18:59:00+00:00
957796,1,"Radack KL, Deck CC, Bloomfield SS ""Ibuprofen interferes with the efficacy of antihypertensive drugs: a randomized, double-blind, placebo-controlled trial of ibuprofen compared with acetaminophen."" Ann Intern Med 107 (1987): 628-35",https://ddinter.scbdd.com/ddinter/interact/957796/,2026-09-09T18:58:46+00:00
957796,2,"""Multum Information Services, Inc. Expert Review Panel""",https://ddinter.scbdd.com/ddinter/interact/957796/,2026-09-09T18:58:46+00:00
957796,3,"""Product Information. Toradol (ketorolac)."" Roche Laboratories, Nutley, NJ.",https://ddinter.scbdd.com/ddinter/interact/957796/,2026-09-09T18:58:46+00:00
957799,1,"Bannister SJ, Houser VP, Hulse JD, Kisicki JC, Rasmussen JG ""Evaluation of the potential for interactions of paroxetine with diazepam, cimetidine, warfarin, and digoxin."" Acta Psychiatr Scand Suppl 350 (1989): 102-6",https://ddinter.scbdd.com/ddinter/interact/957799/,2026-09-09T18:58:57+00:00
957799,2,"Skop BP, Brown TM ""Potential vascular and bleeding complications of treatment with selective serotonin reuptake inhibitors."" Psychosomatics 37 (1996): 12-6",https://ddinter.scbdd.com/ddinter/interact/957799/,2026-09-09T18:58:57+00:00
957799,3,"Settle EC ""Antidepressant drugs: disturbing and potentially dangerous adverse effects."" J Clin Psychiatry 59 Suppl 16 (1998): 25-30",https://ddinter.scbdd.com/ddinter/interact/957799/,2026-09-09T18:58:57+00:00
957806,1,"Loftin JP, Vesell ES ""Interaction between sulindac and warfarin: different results in normal subjects and in an unusual patient with a potassium-losing renal tubular defect."" J Clin Pharmacol 19 (1979): 733-42",https://ddinter.scbdd.com/ddinter/interact/957806/,2026-09-09T18:59:16+00:00
957806,2,"Gabb GM ""Fatal outcome of interaction between warfarin and a non-steroidal anti-inflammatory drug."" Med J Aust 164 (1996): 700-1",https://ddinter.scbdd.com/ddinter/interact/957806/,2026-09-09T18:59:16+00:00
957806,3,"Penning-van Beest F, Erkens J, Petersen KU, Koelz HR, Herings R ""Main comedications associated with major bleeding during anticoagulant therapy with coumarins."" Eur J Clin Pharmacol 61 (2005): 439-44",https://ddinter.scbdd.com/ddinter/interact/957806/,2026-09-09T18:59:16+00:00
962788,1,"Antonelli D, Atar S, Freedberg NA, Rosenfeld T ""Torsade de pointes in patients on chronic amiodarone treatment: contributing factors and drug interactions."" Isr Med Assoc J 7 (2005): 163-5",https://ddinter.scbdd.com/ddinter/interact/962788/,2026-09-09T18:59:02+00:00
962788,2,"""Product Information. Amiodarone Hydrochloride (amiodarone)."" Bedford Laboratories, Bedford, OH.",https://ddinter.scbdd.com/ddinter/interact/962788/,2026-09-09T18:59:02+00:00
962788,3,"Libersa CC, Brique SA, Motte KB, et al. ""Dramatic inhibition of amiodarone metabolism induced by grapefruit juice."" Br J Clin Pharmacol 49 (2000): 373-8",https://ddinter.scbdd.com/ddinter/interact/962788/,2026-09-09T18:59:02+00:00
962796,1,"""Product Information. Seroquel (quetiapine)."" Zeneca Pharmaceuticals, Wilmington, DE.",https://ddinter.scbdd.com/ddinter/interact/962796/,2026-09-09T18:59:18+00:00
962796,2,"""Product Information. Rexulti (brexpiprazole)."" Otsuka American Pharmaceuticals Inc, Rockville, MD.",https://ddinter.scbdd.com/ddinter/interact/962796/,2026-09-09T18:59:18+00:00
962796,3,"""Product Information. Clozaril (clozapine)."" Novartis Pharmaceuticals, East Hanover, NJ.",https://ddinter.scbdd.com/ddinter/interact/962796/,2026-09-09T18:59:18+00:00
962799,1,"Tobert MB, Ostaszewski T, Reger B, Meisinger MA, Cook TJ ""Diflunisal-furosemide interaction."" Clin Pharmacol Ther 27 (1980): 289-90",https://ddinter.scbdd.com/ddinter/interact/962799/,2026-09-09T18:59:26+00:00
962799,2,"Valette H, Apoil E ""Interaction between salicylate and two loop diuretics."" Br J Clin Pharmacol 8 (1979): 592-4",https://ddinter.scbdd.com/ddinter/interact/962799/,2026-09-09T18:59:26+00:00
962799,3,"Bartoli E, Arras S, Faedda R, Soggia G, Satta A, Olmeo NA ""Blunting of furosemide diuresis by aspirin in man."" J Clin Pharmacol 20 (1980): 452-8",https://ddinter.scbdd.com/ddinter/interact/962799/,2026-09-09T18:59:26+00:00
962809,1,"Dean S, Kendall MJ, Potter S, Thompson MH, Jackson DA ""Nadolol in combination with indapamide and xipamide in resistant hypertensives."" Eur J Clin Pharmacol 28 (1985): 29-33",https://ddinter.scbdd.com/ddinter/interact/962809/,2026-09-09T18:59:20+00:00
962809,2,"Dornhorst A, Powell SH, Pensky J ""Aggravation by propranolol of hyperglycaemic effect of hydrochlorothiazide in type II diabetics without alteration of insulin secretion."" Lancet 1 (1985): 123-6",https://ddinter.scbdd.com/ddinter/interact/962809/,2026-09-09T18:59:20+00:00
962809,3,"""Product Information. Lozol (indapamide)."" Rhone-Poulenc Rorer, Collegeville, PA.",https://ddinter.scbdd.com/ddinter/interact/962809/,2026-09-09T18:59:20+00:00
962821,1,"""Product Information. Carbatrol (carbamazepine)."" Athena Neurosciences Inc, South San Francisco, CA.",https://ddinter.scbdd.com/ddinter/interact/962821/,2026-09-09T18:59:38+00:00
962821,2,"Yassa R, Nastase C, Camille Y, Henderson M, Belzile L, Beland F ""Carbamazepine, diuretics, and hyponatremia: a possible interaction."" J Clin Psychiatry 48 (1987): 281-3",https://ddinter.scbdd.com/ddinter/interact/962821/,2026-09-09T18:59:38+00:00
962821,3,"Garg SK, Kumar N, Bhargava VK, Prabhakar SK ""Effect of grapefruit juice on carbamazepine bioavailability in patients with epilepsy."" Clin Pharmacol Ther 64 (1998): 286-8",https://ddinter.scbdd.com/ddinter/interact/962821/,2026-09-09T18:59:38+00:00
962826,1,"Dean S, Kendall MJ, Potter S, Thompson MH, Jackson DA ""Nadolol in combination with indapamide and xipamide in resistant hypertensives."" Eur J Clin Pharmacol 28 (1985): 29-33",https://ddinter.scbdd.com/ddinter/interact/962826/,2026-09-09T18:59:42+00:00
962826,2,"Dornhorst A, Powell SH, Pensky J ""Aggravation by propranolol of hyperglycaemic effect of hydrochlorothiazide in type II diabetics without alteration of insulin secretion."" Lancet 1 (1985): 123-6",https://ddinter.scbdd.com/ddinter/interact/962826/,2026-09-09T18:59:42+00:00
962826,3,"""Product Information. Lozol (indapamide)."" Rhone-Poulenc Rorer, Collegeville, PA.",https://ddinter.scbdd.com/ddinter/interact/962826/,2026-09-09T18:59:42+00:00
962841,1,"Norrby R, Stenqvist K, Elgefors B ""Interaction between cephaloridine and furosemide in man."" Scand J Infect Dis 8 (1976): 209-12",https://ddinter.scbdd.com/ddinter/interact/962841/,2026-09-09T18:59:40+00:00
962841,2,"Chrysos G, Gargalianos P, Lelekis M, Stefanou J, Kosmidis J ""Pharmacokinetic interactions of ceftazidime and frusemide."" J Chemother 7 Suppl (1995): 107-10",https://ddinter.scbdd.com/ddinter/interact/962841/,2026-09-09T18:59:40+00:00
962841,3,"Dodds MG, Foord RD ""Enhancement by potent diuretics of renal tubular necrosis induced by cephaloridine."" Br J Pharmacol 40 (1970): 227-36",https://ddinter.scbdd.com/ddinter/interact/962841/,2026-09-09T18:59:40+00:00
962850,1,"Sudoh T, Fujimura A, Shiga T, Sasaki M, Harada K, Tateishi T, Ohashi K, Ebihara A ""Renal clearance of lomefloxacin is decreased by furosemide."" Eur J Clin Pharmacol 46 (1994): 267-9",https://ddinter.scbdd.com/ddinter/interact/962850/,2026-09-09T18:59:24+00:00
962862,1,"Cerner Multum, Inc. ""Australian Product Information."" O 0",https://ddinter.scbdd.com/ddinter/interact/962862/,2026-09-09T18:59:22+00:00
962862,2,"Cerner Multum, Inc. ""UK Summary of Product Characteristics."" O 0",https://ddinter.scbdd.com/ddinter/interact/962862/,2026-09-09T18:59:22+00:00
962863,1,"""Product Information. Jardiance (empagliflozin)."" Boehringer Ingelheim, Ridgefield, CT.",https://ddinter.scbdd.com/ddinter/interact/962863/,2026-09-09T19:58:58+00:00
962863,2,"""Product Information. Invokana (canagliflozin)."" Janssen Pharmaceuticals, Titusville, NJ.",https://ddinter.scbdd.com/ddinter/interact/962863/,2026-09-09T19:58:58+00:00
962863,3,"Cerner Multum, Inc. ""UK Summary of Product Characteristics."" O 0",https://ddinter.scbdd.com/ddinter/interact/962863/,2026-09-09T19:58:58+00:00
962869,1,"Semple P, Tilstone WJ, Lawson DH ""Furosemide and urinary digoxin clearance."" N Engl J Med 293 (1975): 612-3",https://ddinter.scbdd.com/ddinter/interact/962869,2026-09-09T18:42:07+00:00
962869,2,"Tilstone WJ, Semple PF, Lawson DH, Boyle JA ""Effects of furosemide on glomerular filtration rate and clearance of practolol, digoxin, cephaloridine, and gentamicin."" Clin Pharmacol Ther 22 (1977): 389-94",https://ddinter.scbdd.com/ddinter/interact/962869,2026-09-09T18:42:07+00:00
962869,3,"Whang R, Oei TO, Watanabe A ""Frequency of hypomagnesemia in hospitalized patients receiving digitalis."" Arch Intern Med 145 (1985): 655-6",https://ddinter.scbdd.com/ddinter/interact/962869,2026-09-09T18:42:07+00:00
962880,1,"""Product Information. Savella (milnacipran)."" Forest Pharmaceuticals, St. Louis, MO.",https://ddinter.scbdd.com/ddinter/interact/962880/,2026-09-09T18:59:44+00:00
962880,2,"Jackson C, Carson W, Markowitz J, Mintzer J ""SIADH associated with fluoxetine and sertraline therapy."" Am J Psychiatry 152 (1995): 809-10",https://ddinter.scbdd.com/ddinter/interact/962880/,2026-09-09T18:59:44+00:00
962880,3,"Robinson D, Brooks J, Mahler E, Sheikh JI ""SIADH--compulsive drinking or SSRI influence?"" Ann Pharmacother 30 (1996): 885",https://ddinter.scbdd.com/ddinter/interact/962880/,2026-09-09T18:59:44+00:00
962881,1,"""Product Information. Jardiance (empagliflozin)."" Boehringer Ingelheim, Ridgefield, CT.",https://ddinter.scbdd.com/ddinter/interact/962881/,2026-09-09T19:58:58+00:00
962881,2,"""Product Information. Invokana (canagliflozin)."" Janssen Pharmaceuticals, Titusville, NJ.",https://ddinter.scbdd.com/ddinter/interact/962881/,2026-09-09T19:58:58+00:00
962881,3,"Cerner Multum, Inc. ""UK Summary of Product Characteristics."" O 0",https://ddinter.scbdd.com/ddinter/interact/962881/,2026-09-09T19:58:58+00:00
962882,1,"Murphy BF, Whitworth JA, Kincaid-Smith P ""Renal insufficiency with combinations of angiotensin converting enzyme inhibitors and diuretics."" Br Med J 288 (1984): 844-5",https://ddinter.scbdd.com/ddinter/interact/962882/,2026-09-09T18:59:34+00:00
962882,2,"Sudoh T, Fujimura A, Shiga T, et al. ""Influence of lisinopril on urinary electrolytes excretion after furosemide in healthy subjects."" J Clin Pharmacol 33 (1993): 640-3",https://ddinter.scbdd.com/ddinter/interact/962882/,2026-09-09T18:59:34+00:00
962882,3,"""Product Information. Lexxel (enalapril-felodipine)."" Astra Pharmaceuticals, Wayne, PA.",https://ddinter.scbdd.com/ddinter/interact/962882/,2026-09-09T18:59:34+00:00
964295,1,"Antonelli D, Atar S, Freedberg NA, Rosenfeld T ""Torsade de pointes in patients on chronic amiodarone treatment: contributing factors and drug interactions."" Isr Med Assoc J 7 (2005): 163-5",https://ddinter.scbdd.com/ddinter/interact/964295/,2026-09-09T18:59:32+00:00
964295,2,"""Product Information. Amiodarone Hydrochloride (amiodarone)."" Bedford Laboratories, Bedford, OH.",https://ddinter.scbdd.com/ddinter/interact/964295/,2026-09-09T18:59:32+00:00
964295,3,"Libersa CC, Brique SA, Motte KB, et al. ""Dramatic inhibition of amiodarone metabolism induced by grapefruit juice."" Br J Clin Pharmacol 49 (2000): 373-8",https://ddinter.scbdd.com/ddinter/interact/964295/,2026-09-09T18:59:32+00:00
964298,1,"Kaplan NM ""Amlodipine in the treatment of hypertension."" Postgrad Med J 67 Suppl 5 (1991): s15-9",https://ddinter.scbdd.com/ddinter/interact/964298/,2026-09-09T18:59:28+00:00
964308,1,"""Product Information. Seroquel (quetiapine)."" Zeneca Pharmaceuticals, Wilmington, DE.",https://ddinter.scbdd.com/ddinter/interact/964308/,2026-09-09T18:59:36+00:00
964308,2,"""Product Information. Rexulti (brexpiprazole)."" Otsuka American Pharmaceuticals Inc, Rockville, MD.",https://ddinter.scbdd.com/ddinter/interact/964308/,2026-09-09T18:59:36+00:00
964308,3,"""Product Information. Clozaril (clozapine)."" Novartis Pharmaceuticals, East Hanover, NJ.",https://ddinter.scbdd.com/ddinter/interact/964308/,2026-09-09T18:59:36+00:00
964323,1,"Dean S, Kendall MJ, Potter S, Thompson MH, Jackson DA ""Nadolol in combination with indapamide and xipamide in resistant hypertensives."" Eur J Clin Pharmacol 28 (1985): 29-33",https://ddinter.scbdd.com/ddinter/interact/964323/,2026-09-09T18:59:30+00:00
964323,2,"Dornhorst A, Powell SH, Pensky J ""Aggravation by propranolol of hyperglycaemic effect of hydrochlorothiazide in type II diabetics without alteration of insulin secretion."" Lancet 1 (1985): 123-6",https://ddinter.scbdd.com/ddinter/interact/964323/,2026-09-09T18:59:30+00:00
964323,3,"""Product Information. Lozol (indapamide)."" Rhone-Poulenc Rorer, Collegeville, PA.",https://ddinter.scbdd.com/ddinter/interact/964323/,2026-09-09T18:59:30+00:00
964351,1,"""Product Information. Carbatrol (carbamazepine)."" Athena Neurosciences Inc, South San Francisco, CA.",https://ddinter.scbdd.com/ddinter/interact/964351/,2026-09-09T18:59:46+00:00
964351,2,"Yassa R, Nastase C, Camille Y, Henderson M, Belzile L, Beland F ""Carbamazepine, diuretics, and hyponatremia: a possible interaction."" J Clin Psychiatry 48 (1987): 281-3",https://ddinter.scbdd.com/ddinter/interact/964351/,2026-09-09T18:59:46+00:00
964351,3,"Garg SK, Kumar N, Bhargava VK, Prabhakar SK ""Effect of grapefruit juice on carbamazepine bioavailability in patients with epilepsy."" Clin Pharmacol Ther 64 (1998): 286-8",https://ddinter.scbdd.com/ddinter/interact/964351/,2026-09-09T18:59:46+00:00
964355,1,"Dean S, Kendall MJ, Potter S, Thompson MH, Jackson DA ""Nadolol in combination with indapamide and xipamide in resistant hypertensives."" Eur J Clin Pharmacol 28 (1985): 29-33",https://ddinter.scbdd.com/ddinter/interact/964355/,2026-09-09T18:59:49+00:00
964355,2,"Dornhorst A, Powell SH, Pensky J ""Aggravation by propranolol of hyperglycaemic effect of hydrochlorothiazide in type II diabetics without alteration of insulin secretion."" Lancet 1 (1985): 123-6",https://ddinter.scbdd.com/ddinter/interact/964355/,2026-09-09T18:59:49+00:00
964355,3,"""Product Information. Lozol (indapamide)."" Rhone-Poulenc Rorer, Collegeville, PA.",https://ddinter.scbdd.com/ddinter/interact/964355/,2026-09-09T18:59:49+00:00
964377,1,"""Product Information. Steglatro (ertugliflozin)."" Merck & Company Inc, Whitehouse Station, NJ.",https://ddinter.scbdd.com/ddinter/interact/964377/,2026-09-09T19:58:46+00:00
964377,2,"""Product Information. Invokana (canagliflozin)."" Janssen Pharmaceuticals, Titusville, NJ.",https://ddinter.scbdd.com/ddinter/interact/964377/,2026-09-09T19:58:46+00:00
964377,3,"""Product Information. Farxiga (dapagliflozin)."" Bristol-Myers Squibb, Princeton, NJ.",https://ddinter.scbdd.com/ddinter/interact/964377/,2026-09-09T19:58:46+00:00
964383,1,"Morris GC, Egan JG, Jones MK ""Hypokalaemic paralysis induced by bolus prednisolone in Graves' disease."" Aust N Z J Med 22 (1992): 312",https://ddinter.scbdd.com/ddinter/interact/964383/,2026-09-09T19:00:09+00:00
964383,2,"Thomas TP ""The complications of systemic corticosteroid therapy in the elderly."" Gerontology 30 (1984): 60-5",https://ddinter.scbdd.com/ddinter/interact/964383/,2026-09-09T19:00:09+00:00
964383,3,"""Product Information. Hydeltrasol (prednisolone)."" Merck & Co, Inc, West Point, PA.",https://ddinter.scbdd.com/ddinter/interact/964383/,2026-09-09T19:00:09+00:00
964394,1,"Semple P, Tilstone WJ, Lawson DH ""Furosemide and urinary digoxin clearance."" N Engl J Med 293 (1975): 612-3",https://ddinter.scbdd.com/ddinter/interact/964394,2026-09-09T18:42:05+00:00
964394,2,"Tilstone WJ, Semple PF, Lawson DH, Boyle JA ""Effects of furosemide on glomerular filtration rate and clearance of practolol, digoxin, cephaloridine, and gentamicin."" Clin Pharmacol Ther 22 (1977): 389-94",https://ddinter.scbdd.com/ddinter/interact/964394,2026-09-09T18:42:05+00:00
964394,3,"Whang R, Oei TO, Watanabe A ""Frequency of hypomagnesemia in hospitalized patients receiving digitalis."" Arch Intern Med 145 (1985): 655-6",https://ddinter.scbdd.com/ddinter/interact/964394,2026-09-09T18:42:05+00:00
964409,1,"""Product Information. Savella (milnacipran)."" Forest Pharmaceuticals, St. Louis, MO.",https://ddinter.scbdd.com/ddinter/interact/964409/,2026-09-09T18:59:52+00:00
964409,2,"Jackson C, Carson W, Markowitz J, Mintzer J ""SIADH associated with fluoxetine and sertraline therapy."" Am J Psychiatry 152 (1995): 809-10",https://ddinter.scbdd.com/ddinter/interact/964409/,2026-09-09T18:59:52+00:00
964409,3,"Robinson D, Brooks J, Mahler E, Sheikh JI ""SIADH--compulsive drinking or SSRI influence?"" Ann Pharmacother 30 (1996): 885",https://ddinter.scbdd.com/ddinter/interact/964409/,2026-09-09T18:59:52+00:00
964410,1,"""Product Information. Steglatro (ertugliflozin)."" Merck & Company Inc, Whitehouse Station, NJ.",https://ddinter.scbdd.com/ddinter/interact/964410/,2026-09-09T19:58:46+00:00
964410,2,"""Product Information. Invokana (canagliflozin)."" Janssen Pharmaceuticals, Titusville, NJ.",https://ddinter.scbdd.com/ddinter/interact/964410/,2026-09-09T19:58:46+00:00
964410,3,"""Product Information. Farxiga (dapagliflozin)."" Bristol-Myers Squibb, Princeton, NJ.",https://ddinter.scbdd.com/ddinter/interact/964410/,2026-09-09T19:58:46+00:00
964414,1,"""Product Information. Savella (milnacipran)."" Forest Pharmaceuticals, St. Louis, MO.",https://ddinter.scbdd.com/ddinter/interact/964414/,2026-09-09T16:54:31+00:00
964414,2,"Jackson C, Carson W, Markowitz J, Mintzer J ""SIADH associated with fluoxetine and sertraline therapy."" Am J Psychiatry 152 (1995): 809-10",https://ddinter.scbdd.com/ddinter/interact/964414/,2026-09-09T16:54:31+00:00
964414,3,"Robinson D, Brooks J, Mahler E, Sheikh JI ""SIADH--compulsive drinking or SSRI influence?"" Ann Pharmacother 30 (1996): 885",https://ddinter.scbdd.com/ddinter/interact/964414/,2026-09-09T16:54:31+00:00
964425,1,"""Product Information. Savella (milnacipran)."" Forest Pharmaceuticals, St. Louis, MO.",https://ddinter.scbdd.com/ddinter/interact/964425/,2026-09-09T18:59:54+00:00
964425,2,"Jackson C, Carson W, Markowitz J, Mintzer J ""SIADH associated with fluoxetine and sertraline therapy."" Am J Psychiatry 152 (1995): 809-10",https://ddinter.scbdd.com/ddinter/interact/964425/,2026-09-09T18:59:54+00:00
964425,3,"Robinson D, Brooks J, Mahler E, Sheikh JI ""SIADH--compulsive drinking or SSRI influence?"" Ann Pharmacother 30 (1996): 885",https://ddinter.scbdd.com/ddinter/interact/964425/,2026-09-09T18:59:54+00:00
964430,1,"Leary WP, Reyes AJ ""Drug interactions with diuretics."" S Afr Med J 65 (1984): 455-61",https://ddinter.scbdd.com/ddinter/interact/964430/,2026-09-09T19:00:00+00:00
964430,2,"Brater DC, Pressley RH, Anderson SA ""Mechanisms of the synergistic combination of metolazone and bumetanide."" J Pharmacol Exp Ther 233 (1985): 70-4",https://ddinter.scbdd.com/ddinter/interact/964430/,2026-09-09T19:00:00+00:00
964430,3,"Marone C, Muggli F, Lahn W, Frey FJ ""Pharmacokinetic and pharmacodynamic interaction between furosemide and metolazone in man."" Eur J Clin Invest 15 (1985): 253-7",https://ddinter.scbdd.com/ddinter/interact/964430/,2026-09-09T19:00:00+00:00
964433,1,"Jori A, Carrara MC ""On the mechanism of the hyperglycaemic effect of chlorpromazine."" J Pharm Pharmacol 18 (1966): 623-4",https://ddinter.scbdd.com/ddinter/interact/964433,2026-09-09T18:42:05+00:00
964433,2,"""Product Information. Dymelor (acetohexamide)"" Lilly, Eli and Company, Indianapolis, IN.",https://ddinter.scbdd.com/ddinter/interact/964433,2026-09-09T18:42:05+00:00
964433,3,"""Product Information. Thorazine (chlorpromazine)."" SmithKline Beecham, Philadelphia, PA.",https://ddinter.scbdd.com/ddinter/interact/964433,2026-09-09T18:42:05+00:00
964513,1,"Cerner Multum, Inc. ""UK Summary of Product Characteristics."" O 0",https://ddinter.scbdd.com/ddinter/interact/964513/,2026-09-09T19:00:07+00:00
964513,2,"""Multum Information Services, Inc. Expert Review Panel""",https://ddinter.scbdd.com/ddinter/interact/964513/,2026-09-09T19:00:07+00:00
964513,3,"""Product Information. Glucophage (metformin)."" Bristol-Myers Squibb, Princeton, NJ.",https://ddinter.scbdd.com/ddinter/interact/964513/,2026-09-09T19:00:07+00:00
964518,1,"Kristensen LO, Weismann K, Hutters L ""Renal function and the rate of disappearance of methotrexate from serum."" Eur J Clin Pharmacol 8 (1975): 439-44",https://ddinter.scbdd.com/ddinter/interact/964518/,2026-09-09T18:59:56+00:00
964518,2,"Hardman JG, Gilman AG, Limbird LE eds. ""Goodman and Gilman's the Pharmacological Basis of Therapeutics. 9th ed."" New York, NY: McGraw-Hill (1995):",https://ddinter.scbdd.com/ddinter/interact/964518/,2026-09-09T18:59:56+00:00
964518,3,"Orr LE ""Potentiation of myelosuppression from cancer chemotherapy and thiazide diuretics."" Drug Intell Clin Pharm 15 (1981): 967-70",https://ddinter.scbdd.com/ddinter/interact/964518/,2026-09-09T18:59:56+00:00
964544,1,"""Product Information. Seroquel (quetiapine)."" Zeneca Pharmaceuticals, Wilmington, DE.",https://ddinter.scbdd.com/ddinter/interact/964544/,2026-09-09T18:59:50+00:00
964544,2,"""Product Information. Rexulti (brexpiprazole)."" Otsuka American Pharmaceuticals Inc, Rockville, MD.",https://ddinter.scbdd.com/ddinter/interact/964544/,2026-09-09T18:59:50+00:00
964544,3,"""Product Information. Clozaril (clozapine)."" Novartis Pharmaceuticals, East Hanover, NJ.",https://ddinter.scbdd.com/ddinter/interact/964544/,2026-09-09T18:59:50+00:00
964548,1,"FDA. U.S. Food and Drug Administration ""FDA Drug Safety Communication: Low magnesium levels can be associated with long-term use of proton pump inhibitor drugs (PPIs). Available from: URL: http://www.fda.gov/Drugs/DrugSafety/ucm245011.htm."" ([2011 Mar 2]):",https://ddinter.scbdd.com/ddinter/interact/964548/,2026-09-09T19:00:05+00:00
964548,2,"""Product Information. Nexium (esomeprazole)"" Astra-Zeneca Pharmaceuticals, Wilmington, DE.",https://ddinter.scbdd.com/ddinter/interact/964548/,2026-09-09T19:00:05+00:00
964548,3,"Wohlt PD, Zheng L, Gunderson S, Balzar SA, Johnson BD, Fish JT ""Recommendations for the use of medications with continuous enteral nutrition."" Am J Health Syst Pharm 66 (2009): 1438-67",https://ddinter.scbdd.com/ddinter/interact/964548/,2026-09-09T19:00:05+00:00
964592,1,"""Product Information. Seroquel (quetiapine)."" Zeneca Pharmaceuticals, Wilmington, DE.",https://ddinter.scbdd.com/ddinter/interact/964592/,2026-09-09T19:00:02+00:00
964592,2,"""Product Information. Rexulti (brexpiprazole)."" Otsuka American Pharmaceuticals Inc, Rockville, MD.",https://ddinter.scbdd.com/ddinter/interact/964592/,2026-09-09T19:00:02+00:00
964592,3,"""Product Information. Clozaril (clozapine)."" Novartis Pharmaceuticals, East Hanover, NJ.",https://ddinter.scbdd.com/ddinter/interact/964592/,2026-09-09T19:00:02+00:00
964599,1,"Cerner Multum, Inc. ""UK Summary of Product Characteristics."" O 0",https://ddinter.scbdd.com/ddinter/interact/964599/,2026-09-09T19:00:17+00:00
964599,2,"Cerner Multum, Inc. ""Australian Product Information."" O 0",https://ddinter.scbdd.com/ddinter/interact/964599/,2026-09-09T19:00:17+00:00
964656,1,"""Product Information. Savella (milnacipran)."" Forest Pharmaceuticals, St. Louis, MO.",https://ddinter.scbdd.com/ddinter/interact/964656/,2026-09-09T18:59:58+00:00
964656,2,"Jackson C, Carson W, Markowitz J, Mintzer J ""SIADH associated with fluoxetine and sertraline therapy."" Am J Psychiatry 152 (1995): 809-10",https://ddinter.scbdd.com/ddinter/interact/964656/,2026-09-09T18:59:58+00:00
964656,3,"Robinson D, Brooks J, Mahler E, Sheikh JI ""SIADH--compulsive drinking or SSRI influence?"" Ann Pharmacother 30 (1996): 885",https://ddinter.scbdd.com/ddinter/interact/964656/,2026-09-09T18:59:58+00:00
964660,1,"Robinson DS, Sylwester D ""Interaction of commonly prescribed drugs and warfarin."" Ann Intern Med 72 (1970): 853-6",https://ddinter.scbdd.com/ddinter/interact/964660/,2026-09-09T19:00:04+00:00
964660,2,"Ku LL, Ward CO, Durgin SJ ""A clinical study of drug interaction and anticoagulant therapy."" Drug Intell Clin Pharm 4 (1970): 300-6",https://ddinter.scbdd.com/ddinter/interact/964660/,2026-09-09T19:00:04+00:00
964660,3,"Koch-Weser J, Sellers EM ""Drug interactions with coumarin anticoagulants (first of two parts)."" N Engl J Med 285 (1971): 487-98",https://ddinter.scbdd.com/ddinter/interact/964660/,2026-09-09T19:00:04+00:00
965309,1,"Jori A, Carrara MC ""On the mechanism of the hyperglycaemic effect of chlorpromazine."" J Pharm Pharmacol 18 (1966): 623-4",https://ddinter.scbdd.com/ddinter/interact/965309,2026-09-09T18:42:05+00:00
965309,2,"""Product Information. Dymelor (acetohexamide)"" Lilly, Eli and Company, Indianapolis, IN.",https://ddinter.scbdd.com/ddinter/interact/965309,2026-09-09T18:42:05+00:00
965309,3,"""Product Information. Thorazine (chlorpromazine)."" SmithKline Beecham, Philadelphia, PA.",https://ddinter.scbdd.com/ddinter/interact/965309,2026-09-09T18:42:05+00:00
965336,1,"Gavin JR 3rd, Kubin R, Choudhri S, et al ""Moxifloxacin and glucose homeostasis: a pooled-analysis of the evidence from clinical and postmarketing studies."" Drug Saf 27 (2004): 671-86",https://ddinter.scbdd.com/ddinter/interact/965336/,2026-09-09T19:00:12+00:00
965336,2,"Yip C, Lee AJ ""Gatifloxacin-induced hyperglycemia: a case report and summary of the current literature."" Clin Ther 28 (2006): 1857-66",https://ddinter.scbdd.com/ddinter/interact/965336/,2026-09-09T19:00:12+00:00
965336,3,"Kelesidis T, Canseco E ""Quinolone-induced hypoglycemia: a life-threatening but potentially reversible side effect."" Am J Med 123 (2010): e5-6",https://ddinter.scbdd.com/ddinter/interact/965336/,2026-09-09T19:00:12+00:00
965337,1,"Otsuka SH ""Severe hypoglycemia from helicobacter pylori triple-drug therapy and insulin detemir drug interaction."" Pharmacotherapy 33 (2013): e45-9",https://ddinter.scbdd.com/ddinter/interact/965337/,2026-09-09T19:00:15+00:00
965337,2,"Niemi M, Neuvonen PJ, Kivisto KT ""The cytochrome P4503A4 inhibitor clarithromycin increases the plasma concentrations and effects of repaglinide."" Clin Pharmacol Ther 70 (2001): 58-65",https://ddinter.scbdd.com/ddinter/interact/965337/,2026-09-09T19:00:15+00:00
965337,3,"Schelleman H, Bilker WB, Brensinger CM, Wan F, Hennessy S ""Anti-infectives and the risk of severe hypoglycemia in users of glipizide or glyburide."" Clin Pharmacol Ther 88 (2010): 214-22",https://ddinter.scbdd.com/ddinter/interact/965337/,2026-09-09T19:00:15+00:00
965354,1,"Jori A, Carrara MC ""On the mechanism of the hyperglycaemic effect of chlorpromazine."" J Pharm Pharmacol 18 (1966): 623-4",https://ddinter.scbdd.com/ddinter/interact/965354,2026-09-09T18:42:05+00:00
965354,2,"""Product Information. Dymelor (acetohexamide)"" Lilly, Eli and Company, Indianapolis, IN.",https://ddinter.scbdd.com/ddinter/interact/965354,2026-09-09T18:42:05+00:00
965354,3,"""Product Information. Thorazine (chlorpromazine)."" SmithKline Beecham, Philadelphia, PA.",https://ddinter.scbdd.com/ddinter/interact/965354,2026-09-09T18:42:05+00:00
965368,1,"""Product Information. Glucophage (metformin)."" Bristol-Myers Squibb, Princeton, NJ.",https://ddinter.scbdd.com/ddinter/interact/965368/,2026-09-09T19:00:11+00:00
965368,2,"Somogyi A, Stockley C, Keal J, Rolan P, Bochner F ""Reduction of metformin renal tubular secretion by cimetidine in man."" Br J Clin Pharmacol 23 (1987): 545-51",https://ddinter.scbdd.com/ddinter/interact/965368/,2026-09-09T19:00:11+00:00
965371,1,"""Product Information. Altace (ramipril)."" Hoechst Marion-Roussel Inc, Kansas City, MO.",https://ddinter.scbdd.com/ddinter/interact/965371/,2026-09-09T19:00:38+00:00
965371,2,"Cerner Multum, Inc. ""UK Summary of Product Characteristics."" O 0",https://ddinter.scbdd.com/ddinter/interact/965371/,2026-09-09T19:00:38+00:00
965371,3,"Cerner Multum, Inc. ""Australian Product Information."" O 0",https://ddinter.scbdd.com/ddinter/interact/965371/,2026-09-09T19:00:38+00:00
965392,1,"""Product Information. Glucophage (metformin)."" Bristol-Myers Squibb, Princeton, NJ.",https://ddinter.scbdd.com/ddinter/interact/965392/,2026-09-09T19:00:31+00:00
965392,2,"Jori A, Carrara MC ""On the mechanism of the hyperglycaemic effect of chlorpromazine."" J Pharm Pharmacol 18 (1966): 623-4",https://ddinter.scbdd.com/ddinter/interact/965392/,2026-09-09T19:00:31+00:00
965392,3,"""Product Information. Dymelor (acetohexamide)"" Lilly, Eli and Company, Indianapolis, IN.",https://ddinter.scbdd.com/ddinter/interact/965392/,2026-09-09T19:00:31+00:00
965397,1,"Okada S, Ishii K, Hamada H, Tanokuchi S, Ichiki K, Ota Z ""Can alpha-glucosidase inhibitors reduce the insulin dosage administered to patients with non-insulin-dependent diabetes mellitus?"" J Int Med Res 23 (1995): 487-91",https://ddinter.scbdd.com/ddinter/interact/965397/,2026-09-09T19:00:25+00:00
965397,2,"Wiernsperger N, Rapin JR ""Metformin-insulin interactions: from organ to cell."" Diabetes Metab Rev 11 Suppl (1995): s3-12",https://ddinter.scbdd.com/ddinter/interact/965397/,2026-09-09T19:00:25+00:00
965397,3,"""Product Information. Jardiance (empagliflozin)."" Boehringer Ingelheim, Ridgefield, CT.",https://ddinter.scbdd.com/ddinter/interact/965397/,2026-09-09T19:00:25+00:00
965434,1,"Jaakkola T, Backman JT, Neuvonen M, Neuvonen PJ ""Effects of gemfibrozil, itraconazole, and their combination on the pharmacokinetics of pioglitazone."" Clin Pharmacol Ther 77 (2005): 404-14",https://ddinter.scbdd.com/ddinter/interact/965434/,2026-09-09T19:00:36+00:00
965434,2,"""Product Information. Sporanox (itraconazole)."" Janssen Pharmaceutica, Titusville, NJ.",https://ddinter.scbdd.com/ddinter/interact/965434/,2026-09-09T19:00:36+00:00
965434,3,"Niemi M, Backman JT, Neuvonen M, Neuvonen PJ ""Effects of gemfibrozil, itraconazole, and their combination on the pharmacokinetics and pharmacodynamics of repaglinide: potentially hazardous interaction between gemfibrozil and repaglinide."" Diabetologia 46 (2003): 347-51",https://ddinter.scbdd.com/ddinter/interact/965434/,2026-09-09T19:00:36+00:00
965436,1,"Cerner Multum, Inc. ""UK Summary of Product Characteristics."" O 0",https://ddinter.scbdd.com/ddinter/interact/965436/,2026-09-09T19:00:28+00:00
965436,2,"Warrington SJ, Ankier SI, Turner P ""Evaluation of possible interactions between ethanol and trazodone or amitriptyline."" Neuropsychobiology 15 (1986): 31-7",https://ddinter.scbdd.com/ddinter/interact/965436/,2026-09-09T19:00:28+00:00
965436,3,"""Product Information. Fycompa (perampanel)."" Eisai Inc, Teaneck, NJ.",https://ddinter.scbdd.com/ddinter/interact/965436/,2026-09-09T19:00:28+00:00
965438,1,"Gavin JR 3rd, Kubin R, Choudhri S, et al ""Moxifloxacin and glucose homeostasis: a pooled-analysis of the evidence from clinical and postmarketing studies."" Drug Saf 27 (2004): 671-86",https://ddinter.scbdd.com/ddinter/interact/965438/,2026-09-09T16:54:42+00:00
965438,2,"Yip C, Lee AJ ""Gatifloxacin-induced hyperglycemia: a case report and summary of the current literature."" Clin Ther 28 (2006): 1857-66",https://ddinter.scbdd.com/ddinter/interact/965438/,2026-09-09T16:54:42+00:00
965438,3,"Kelesidis T, Canseco E ""Quinolone-induced hypoglycemia: a life-threatening but potentially reversible side effect."" Am J Med 123 (2010): e5-6",https://ddinter.scbdd.com/ddinter/interact/965438/,2026-09-09T16:54:42+00:00
965476,1,"Jori A, Carrara MC ""On the mechanism of the hyperglycaemic effect of chlorpromazine."" J Pharm Pharmacol 18 (1966): 623-4",https://ddinter.scbdd.com/ddinter/interact/965476,2026-09-09T18:42:05+00:00
965476,2,"""Product Information. Dymelor (acetohexamide)"" Lilly, Eli and Company, Indianapolis, IN.",https://ddinter.scbdd.com/ddinter/interact/965476,2026-09-09T18:42:05+00:00
965476,3,"""Product Information. Thorazine (chlorpromazine)."" SmithKline Beecham, Philadelphia, PA.",https://ddinter.scbdd.com/ddinter/interact/965476,2026-09-09T18:42:05+00:00
965495,1,"Jori A, Carrara MC ""On the mechanism of the hyperglycaemic effect of chlorpromazine."" J Pharm Pharmacol 18 (1966): 623-4",https://ddinter.scbdd.com/ddinter/interact/965495,2026-09-09T18:42:05+00:00
965495,2,"""Product Information. Dymelor (acetohexamide)"" Lilly, Eli and Company, Indianapolis, IN.",https://ddinter.scbdd.com/ddinter/interact/965495,2026-09-09T18:42:05+00:00
965495,3,"""Product Information. Thorazine (chlorpromazine)."" SmithKline Beecham, Philadelphia, PA.",https://ddinter.scbdd.com/ddinter/interact/965495,2026-09-09T18:42:05+00:00
965506,1,"Jori A, Carrara MC ""On the mechanism of the hyperglycaemic effect of chlorpromazine."" J Pharm Pharmacol 18 (1966): 623-4",https://ddinter.scbdd.com/ddinter/interact/965506,2026-09-09T18:42:05+00:00
965506,2,"""Product Information. Dymelor (acetohexamide)"" Lilly, Eli and Company, Indianapolis, IN.",https://ddinter.scbdd.com/ddinter/interact/965506,2026-09-09T18:42:05+00:00
965506,3,"""Product Information. Thorazine (chlorpromazine)."" SmithKline Beecham, Philadelphia, PA.",https://ddinter.scbdd.com/ddinter/interact/965506,2026-09-09T18:42:05+00:00
965514,1,"Cerner Multum, Inc. ""Australian Product Information."" O 0",https://ddinter.scbdd.com/ddinter/interact/965514/,2026-09-09T19:00:33+00:00
965514,2,"Cerner Multum, Inc. ""UK Summary of Product Characteristics."" O 0",https://ddinter.scbdd.com/ddinter/interact/965514/,2026-09-09T19:00:33+00:00
965514,3,"""Product Information. Glucophage (metformin)."" Bristol-Myers Squibb, Princeton, NJ.",https://ddinter.scbdd.com/ddinter/interact/965514/,2026-09-09T19:00:33+00:00
965516,1,"Jori A, Carrara MC ""On the mechanism of the hyperglycaemic effect of chlorpromazine."" J Pharm Pharmacol 18 (1966): 623-4",https://ddinter.scbdd.com/ddinter/interact/965516,2026-09-09T18:42:05+00:00
965516,2,"""Product Information. Dymelor (acetohexamide)"" Lilly, Eli and Company, Indianapolis, IN.",https://ddinter.scbdd.com/ddinter/interact/965516,2026-09-09T18:42:05+00:00
965516,3,"""Product Information. Thorazine (chlorpromazine)."" SmithKline Beecham, Philadelphia, PA.",https://ddinter.scbdd.com/ddinter/interact/965516,2026-09-09T18:42:05+00:00
965517,1,"Jori A, Carrara MC ""On the mechanism of the hyperglycaemic effect of chlorpromazine."" J Pharm Pharmacol 18 (1966): 623-4",https://ddinter.scbdd.com/ddinter/interact/965517,2026-09-09T18:42:05+00:00
965517,2,"""Product Information. Dymelor (acetohexamide)"" Lilly, Eli and Company, Indianapolis, IN.",https://ddinter.scbdd.com/ddinter/interact/965517,2026-09-09T18:42:05+00:00
965517,3,"""Product Information. Thorazine (chlorpromazine)."" SmithKline Beecham, Philadelphia, PA.",https://ddinter.scbdd.com/ddinter/interact/965517,2026-09-09T18:42:05+00:00
965527,1,"Cerner Multum, Inc. ""UK Summary of Product Characteristics."" O 0",https://ddinter.scbdd.com/ddinter/interact/965527/,2026-09-09T19:00:19+00:00
965527,2,"""Multum Information Services, Inc. Expert Review Panel""",https://ddinter.scbdd.com/ddinter/interact/965527/,2026-09-09T19:00:19+00:00
965527,3,"""Product Information. Glucophage (metformin)."" Bristol-Myers Squibb, Princeton, NJ.",https://ddinter.scbdd.com/ddinter/interact/965527/,2026-09-09T19:00:19+00:00
965529,1,"Jori A, Carrara MC ""On the mechanism of the hyperglycaemic effect of chlorpromazine."" J Pharm Pharmacol 18 (1966): 623-4",https://ddinter.scbdd.com/ddinter/interact/965529,2026-09-09T18:42:05+00:00
965529,2,"""Product Information. Dymelor (acetohexamide)"" Lilly, Eli and Company, Indianapolis, IN.",https://ddinter.scbdd.com/ddinter/interact/965529,2026-09-09T18:42:05+00:00
965529,3,"""Product Information. Thorazine (chlorpromazine)."" SmithKline Beecham, Philadelphia, PA.",https://ddinter.scbdd.com/ddinter/interact/965529,2026-09-09T18:42:05+00:00
965558,1,"Nam YH, Brensinger CM, Bilker WB, Leonard CE, Han X, Hennessy S ""Serious hypoglycemia and use of warfarin in combination with sulfonylureas or metformin."" Clin Pharmacol Ther (2018):",https://ddinter.scbdd.com/ddinter/interact/965558/,2026-09-09T19:00:21+00:00
965558,2,"Cerner Multum, Inc. ""Australian Product Information."" O 0",https://ddinter.scbdd.com/ddinter/interact/965558/,2026-09-09T19:00:21+00:00
965558,3,"Wijnen JCF, van de Reit IR, Lijfering WM, van der Meer FJM ""Metformin use decreases the anticoagulant effect of phenprocoumon."" J Thromb Haemost 12 (2014): 887-90",https://ddinter.scbdd.com/ddinter/interact/965558/,2026-09-09T19:00:21+00:00
968669,1,"""Product Information. Eliquis (apixaban)."" Bristol-Myers Squibb Canada Inc, Montreal, IN.",https://ddinter.scbdd.com/ddinter/interact/968669/,2026-09-09T16:54:45+00:00
968669,2,"Cerner Multum, Inc. ""UK Summary of Product Characteristics."" O 0",https://ddinter.scbdd.com/ddinter/interact/968669/,2026-09-09T16:54:45+00:00
968674,1,"""Product Information. Abilify (aripiprazole)."" Bristol-Myers Squibb, Princeton, NJ.",https://ddinter.scbdd.com/ddinter/interact/968674/,2026-09-09T16:54:57+00:00
968674,2,"""Product Information. Fycompa (perampanel)."" Eisai Inc, Teaneck, NJ.",https://ddinter.scbdd.com/ddinter/interact/968674/,2026-09-09T16:54:57+00:00
968674,3,"Gilman AG, Rall TW, Nies AS, Taylor P, eds. ""Goodman and Gilman's the Pharmacological Basis of Therapeutics. 8th ed."" New York, NY: Pergamon Press Inc. (1990):",https://ddinter.scbdd.com/ddinter/interact/968674/,2026-09-09T16:54:57+00:00
968684,1,"Yeo KR, Yeo WW, Wallis EJ, Ramsay LE ""Enhanced cholesterol reduction by simvastatin in diltiazem-treated patients."" Br J Clin Pharmacol 48 (1999): 610-5",https://ddinter.scbdd.com/ddinter/interact/968684/,2026-09-09T19:00:34+00:00
968684,2,"Andreou ER, Ledger S ""Potential drug interaction between simvastatin and danazol causing rhabdomyolysis."" Can J Clin Pharmacol 10 (2003): 172-4",https://ddinter.scbdd.com/ddinter/interact/968684/,2026-09-09T19:00:34+00:00
968684,3,"Ayanian JZ, Fuchs CS, Stone RM ""Lovastatin and rhabdomyolysis."" Ann Intern Med 109 (1988): 682-3",https://ddinter.scbdd.com/ddinter/interact/968684/,2026-09-09T19:00:34+00:00
968689,1,"""Product Information. Azithromycin Product Information (azithromycin)."" Pfizer US Pharmaceuticals, New York, NY.",https://ddinter.scbdd.com/ddinter/interact/968689/,2026-09-09T19:00:23+00:00
968689,2,"Trivier JM, Libersa C, Belloc C, Lhermitte M ""Amiodarone N-deethylation in human liver microsomes: involvement of cytochrome P450 3A enzymes (first report)."" Life Sci 52 (1993): pl91-6",https://ddinter.scbdd.com/ddinter/interact/968689/,2026-09-09T19:00:23+00:00
968689,3,"Samarendra P, Kumari S, Evans SJ, Sacchi TJ, Navarro V ""QT prolongation associated with azithromycin/amiodarone combination."" Pacing Clin Electrophysiol 24 (2001): 1572-4",https://ddinter.scbdd.com/ddinter/interact/968689/,2026-09-09T19:00:23+00:00
968702,1,"Ogunyankin KO, Singh BN ""Mortality reduction by antiadrenergic modulation of arrhythmogenic substrate: Significance of combining beta blockers and amiodarone."" Am J Cardiol 84 (1999): r76-82",https://ddinter.scbdd.com/ddinter/interact/968702/,2026-09-09T19:00:26+00:00
968702,2,"Boutitie F, Boissel JP, Connolly SJ, et al ""Amiodarone interaction with beta-blockers - Analysis of the merged EMIAT (European Myocardial Infarct Amiodarone Trial) and CAMIAT (Canadian Amiodarone Myocardial Infarction Trial) databases."" Circulation 99 (1999): 2268-75",https://ddinter.scbdd.com/ddinter/interact/968702/,2026-09-09T19:00:26+00:00
968702,3,"Leor J, Levartowsky D, Sharon C, Farfel Z ""Amiodarone and beta-adrenergic blockers: an interaction with metoprolol but not with atenolol."" Am Heart J 16 (1988): 206-7",https://ddinter.scbdd.com/ddinter/interact/968702/,2026-09-09T19:00:26+00:00
968721,1,"""Product Information. Cordarone Intravenous (amiodarone)."" Wyeth-Ayerst Laboratories, Philadelphia, PA.",https://ddinter.scbdd.com/ddinter/interact/968721/,2026-09-09T19:00:30+00:00
968721,2,"Zarembski DG, Fischer SA, Santucci PA, Porter MT, Costanzo MR, Trohman RG ""Impact of rifampin on serum amiodarone concentrations in a patient with congenital heart disease."" Pharmacotherapy 19 (1999): 249-51",https://ddinter.scbdd.com/ddinter/interact/968721/,2026-09-09T19:00:30+00:00
968721,3,"""Product Information. Cordarone (amiodarone)."" Wyeth-Ayerst Laboratories, Philadelphia, PA.",https://ddinter.scbdd.com/ddinter/interact/968721/,2026-09-09T19:00:30+00:00
968727,1,"Ogunyankin KO, Singh BN ""Mortality reduction by antiadrenergic modulation of arrhythmogenic substrate: Significance of combining beta blockers and amiodarone."" Am J Cardiol 84 (1999): r76-82",https://ddinter.scbdd.com/ddinter/interact/968727/,2026-09-09T19:00:40+00:00
968727,2,"Boutitie F, Boissel JP, Connolly SJ, et al ""Amiodarone interaction with beta-blockers - Analysis of the merged EMIAT (European Myocardial Infarct Amiodarone Trial) and CAMIAT (Canadian Amiodarone Myocardial Infarction Trial) databases."" Circulation 99 (1999): 2268-75",https://ddinter.scbdd.com/ddinter/interact/968727/,2026-09-09T19:00:40+00:00
968727,3,"Leor J, Levartowsky D, Sharon C, Farfel Z ""Amiodarone and beta-adrenergic blockers: an interaction with metoprolol but not with atenolol."" Am Heart J 16 (1988): 206-7",https://ddinter.scbdd.com/ddinter/interact/968727/,2026-09-09T19:00:40+00:00
968744,1,"Owens RC Jr, Ambrose PG ""Torsades de pointes associated with fluoroquinolones."" Pharmacotherapy 22 (2002): 663-8; discussion 668-72",https://ddinter.scbdd.com/ddinter/interact/968744/,2026-09-09T19:00:47+00:00
968744,2,"""Product Information. Zagam (sparfloxacin)."" Rhone-Poulenc Rorer, Collegeville, PA.",https://ddinter.scbdd.com/ddinter/interact/968744/,2026-09-09T19:00:47+00:00
968744,3,"Owens RC ""Risk assessment for antimicrobial agent-induced QTc interval prolongation and torsades de pointes."" Pharmacotherapy 21 (2001): 301-19",https://ddinter.scbdd.com/ddinter/interact/968744/,2026-09-09T19:00:47+00:00
968748,1,"""Product Information. Azithromycin Product Information (azithromycin)."" Pfizer US Pharmaceuticals, New York, NY.",https://ddinter.scbdd.com/ddinter/interact/968748/,2026-09-09T19:00:42+00:00
968748,2,"Trivier JM, Libersa C, Belloc C, Lhermitte M ""Amiodarone N-deethylation in human liver microsomes: involvement of cytochrome P450 3A enzymes (first report)."" Life Sci 52 (1993): pl91-6",https://ddinter.scbdd.com/ddinter/interact/968748/,2026-09-09T19:00:42+00:00
968748,3,"Samarendra P, Kumari S, Evans SJ, Sacchi TJ, Navarro V ""QT prolongation associated with azithromycin/amiodarone combination."" Pacing Clin Electrophysiol 24 (2001): 1572-4",https://ddinter.scbdd.com/ddinter/interact/968748/,2026-09-09T19:00:42+00:00
968754,1,"""Product Information. Plavix (clopidogrel)."" Bristol-Myers Squibb, Princeton, NJ.",https://ddinter.scbdd.com/ddinter/interact/968754/,2026-09-09T19:00:48+00:00
968754,2,"Ohyama K, Nakajima M, Suzuki M, Shimada N, Yamazaki H, Yokoi T ""Inhibitory effects of amiodarone and its N-deethylated metabolite on human cytochrome P450 activities: Prediction of in vivo drug interactions."" Br J Clin Pharmacol 49 (2000): 244-53",https://ddinter.scbdd.com/ddinter/interact/968754/,2026-09-09T19:00:48+00:00
968754,3,"""Product Information. Cordarone (amiodarone)."" Wyeth-Ayerst Laboratories, Philadelphia, PA.",https://ddinter.scbdd.com/ddinter/interact/968754/,2026-09-09T19:00:48+00:00
968766,1,"Chitwood KK, Abdul-Haqq AJ, Heim-Duthoy KL ""Cyclosporin-amiodarone interaction."" Ann Pharmacother 27 (1993): 569-71",https://ddinter.scbdd.com/ddinter/interact/968766/,2026-09-09T19:00:52+00:00
968766,2,"""Product Information. Cordarone (amiodarone)."" Wyeth-Ayerst Laboratories, Philadelphia, PA.",https://ddinter.scbdd.com/ddinter/interact/968766/,2026-09-09T19:00:52+00:00
968766,3,"Nicolau DP, Uber WE, Crumbley AJ III, Strange C ""Amiodarone-cyclosporine interaction in a heart transplant patient."" J Heart Lung Transplant 11 (1992): 564-8",https://ddinter.scbdd.com/ddinter/interact/968766/,2026-09-09T19:00:52+00:00
968781,1,"""Product Information. Cordarone Intravenous (amiodarone)."" Wyeth-Ayerst Laboratories, Philadelphia, PA.",https://ddinter.scbdd.com/ddinter/interact/968781/,2026-09-09T19:00:59+00:00
968781,2,"Zarembski DG, Fischer SA, Santucci PA, Porter MT, Costanzo MR, Trohman RG ""Impact of rifampin on serum amiodarone concentrations in a patient with congenital heart disease."" Pharmacotherapy 19 (1999): 249-51",https://ddinter.scbdd.com/ddinter/interact/968781/,2026-09-09T19:00:59+00:00
968781,3,"""Product Information. Cordarone (amiodarone)."" Wyeth-Ayerst Laboratories, Philadelphia, PA.",https://ddinter.scbdd.com/ddinter/interact/968781/,2026-09-09T19:00:59+00:00
968789,1,"Rodin SM, Johnson BF ""Pharmacokinetic interactions with digoxin."" Clin Pharmacokinet 15 (1988): 227-44",https://ddinter.scbdd.com/ddinter/interact/968789/,2026-09-09T19:01:08+00:00
968789,2,"Fenster PE, White NW, Jr Hanson CD ""Pharmacokinetic evaluation of the digoxin-amiodarone interaction."" J Am Coll Cardiol 5 (1985): 108-12",https://ddinter.scbdd.com/ddinter/interact/968789/,2026-09-09T19:01:08+00:00
968789,3,"Gill J, Heel RC, Fitton A ""Amiodarone: an overview of its pharmacological properties, and review of its therapeutic use in cardiac arrhythmias."" Drugs 43 (1992): 69-110",https://ddinter.scbdd.com/ddinter/interact/968789/,2026-09-09T19:01:08+00:00
968809,1,"Brosen K, Skjelbo E, Rasmussen BB, Poulsen HE, Loft S ""Fluvoxamine is a potent inhibitor of cytochrome P4501A2."" Biochem Pharmacol 45 (1993): 1211-4",https://ddinter.scbdd.com/ddinter/interact/968809/,2026-09-09T19:01:04+00:00
968809,2,"Martinez C, Albet C, Agundez JA, et al. ""Comparative in vitro and in vivo inhibition of cytochrome P450 CYP1A2, CYP2D6, and CYP3A by H2-receptor antagonists."" Clin Pharmacol Ther 65 (1999): 369-76",https://ddinter.scbdd.com/ddinter/interact/968809/,2026-09-09T19:01:04+00:00
968809,3,"""Product Information. Cymbalta (duloxetine)."" Lilly, Eli and Company, Indianapolis, IN.",https://ddinter.scbdd.com/ddinter/interact/968809/,2026-09-09T19:01:04+00:00
968831,1,"Canadian Pharmacists Association ""e-CPS. Available from: URL: http://www.pharmacists.ca/function/Subscriptions/ecps.cfm?link=eCPS_quikLink.""",https://ddinter.scbdd.com/ddinter/interact/968831/,2026-09-09T16:57:42+00:00
968831,2,"Yamreudeewong W, DeBisschop M, Martin L, Lower D ""Potentially Significant Drug Interactions of Class III Antiarrhythmic Drugs."" Drug Saf 26 (2003): 421-38",https://ddinter.scbdd.com/ddinter/interact/968831/,2026-09-09T16:57:42+00:00
968831,3,"""Product Information. Norpace (disopyramide)."" Searle, Skokie, IL.",https://ddinter.scbdd.com/ddinter/interact/968831/,2026-09-09T16:57:42+00:00
968852,1,"""Product Information. Cordarone (amiodarone)."" Wyeth-Ayerst Laboratories, Philadelphia, PA.",https://ddinter.scbdd.com/ddinter/interact/968852/,2026-09-09T19:01:05+00:00
968852,2,"""Product Information. Cordarone Intravenous (amiodarone)."" Wyeth-Ayerst Laboratories, Philadelphia, PA.",https://ddinter.scbdd.com/ddinter/interact/968852/,2026-09-09T19:01:05+00:00
968852,3,"Fabre G, Julian B, Saint-Aubert B, Joyeux H, Berger Y ""Evidence for CYP3A-mediated N-deethylation of amiodarone in human liver microsomal fractions."" Drug Metab Dispos 21 (1993): 978-85",https://ddinter.scbdd.com/ddinter/interact/968852/,2026-09-09T19:01:05+00:00
968855,1,"Canadian Pharmacists Association ""e-CPS. Available from: URL: http://www.pharmacists.ca/function/Subscriptions/ecps.cfm?link=eCPS_quikLink.""",https://ddinter.scbdd.com/ddinter/interact/968855/,2026-09-09T19:00:54+00:00
968855,2,"Yamreudeewong W, DeBisschop M, Martin L, Lower D ""Potentially Significant Drug Interactions of Class III Antiarrhythmic Drugs."" Drug Saf 26 (2003): 421-38",https://ddinter.scbdd.com/ddinter/interact/968855/,2026-09-09T19:00:54+00:00
968855,3,"""Product Information. Norpace (disopyramide)."" Searle, Skokie, IL.",https://ddinter.scbdd.com/ddinter/interact/968855/,2026-09-09T19:00:54+00:00
968916,1,"""Product Information. Cordarone (amiodarone)."" Wyeth-Ayerst Laboratories, Philadelphia, PA.",https://ddinter.scbdd.com/ddinter/interact/968916/,2026-09-09T16:56:10+00:00
968916,2,"""Product Information. Cordarone Intravenous (amiodarone)."" Wyeth-Ayerst Laboratories, Philadelphia, PA.",https://ddinter.scbdd.com/ddinter/interact/968916/,2026-09-09T16:56:10+00:00
968916,3,"Fabre G, Julian B, Saint-Aubert B, Joyeux H, Berger Y ""Evidence for CYP3A-mediated N-deethylation of amiodarone in human liver microsomal fractions."" Drug Metab Dispos 21 (1993): 978-85",https://ddinter.scbdd.com/ddinter/interact/968916/,2026-09-09T16:56:10+00:00
968943,1,"Owens RC Jr, Ambrose PG ""Torsades de pointes associated with fluoroquinolones."" Pharmacotherapy 22 (2002): 663-8; discussion 668-72",https://ddinter.scbdd.com/ddinter/interact/968943/,2026-09-09T16:58:32+00:00
968943,2,"""Product Information. Zagam (sparfloxacin)."" Rhone-Poulenc Rorer, Collegeville, PA.",https://ddinter.scbdd.com/ddinter/interact/968943/,2026-09-09T16:58:32+00:00
968943,3,"Owens RC ""Risk assessment for antimicrobial agent-induced QTc interval prolongation and torsades de pointes."" Pharmacotherapy 21 (2001): 301-19",https://ddinter.scbdd.com/ddinter/interact/968943/,2026-09-09T16:58:32+00:00
968976,1,"Reynolds NJ, Jones SK, Crossley M, Harman RR ""Methotrexate induced skin necrosis: a drug interaction with amiodarone?"" BMJ 299 (1989): 980",https://ddinter.scbdd.com/ddinter/interact/968976/,2026-09-09T19:00:50+00:00
968976,2,"Libersa CC, Brique SA, Motte KB, et al. ""Dramatic inhibition of amiodarone metabolism induced by grapefruit juice."" Br J Clin Pharmacol 49 (2000): 373-8",https://ddinter.scbdd.com/ddinter/interact/968976/,2026-09-09T19:00:50+00:00
968976,3,"Meng X, Mojaverian P, Doedee M, Lin E, Weinryb I, Chiang ST, Kowey PR ""Bioavailability of Amiodarone tablets administered with and without food in healthy subjects."" Am J Cardiol 87 (2001): 432-5",https://ddinter.scbdd.com/ddinter/interact/968976/,2026-09-09T19:00:50+00:00
968986,1,"""Product Information. Cordarone (amiodarone)."" Wyeth-Ayerst Laboratories, Philadelphia, PA.",https://ddinter.scbdd.com/ddinter/interact/968986/,2026-09-09T19:01:02+00:00
968986,2,"Trivier JM, Libersa C, Belloc C, Lhermitte M ""Amiodarone N-deethylation in human liver microsomes: involvement of cytochrome P450 3A enzymes (first report)."" Life Sci 52 (1993): pl91-6",https://ddinter.scbdd.com/ddinter/interact/968986/,2026-09-09T19:01:02+00:00
968986,3,"Kounas SP, Letsas KP, Sideris A, Efraimidis M, Kardaras F ""QT interval prolongation and torsades de pointes due to a coadministration of metronidazole and amiodarone."" Pacing Clin Electrophysiol 28 (2005): 472-3",https://ddinter.scbdd.com/ddinter/interact/968986/,2026-09-09T19:01:02+00:00
969024,1,"Cerner Multum, Inc. ""Australian Product Information."" O 0",https://ddinter.scbdd.com/ddinter/interact/969024/,2026-09-09T19:01:10+00:00
969024,2,"Cerner Multum, Inc. ""UK Summary of Product Characteristics."" O 0",https://ddinter.scbdd.com/ddinter/interact/969024/,2026-09-09T19:01:10+00:00
969024,3,"""Product Information. Zyprexa (olanzapine)."" Lilly, Eli and Company, Indianapolis, IN.",https://ddinter.scbdd.com/ddinter/interact/969024/,2026-09-09T19:01:10+00:00
969063,1,"Lesko LJ ""Pharmacokinetic drug interactions with amiodarone."" Clin Pharmacokinet 17 (1989): 130-40",https://ddinter.scbdd.com/ddinter/interact/969063/,2026-09-09T19:00:56+00:00
969063,2,"Wilson JS, Podrid PJ ""Side effects from amiodarone."" Am Heart J 121 (1991): 158-71",https://ddinter.scbdd.com/ddinter/interact/969063/,2026-09-09T19:00:56+00:00
969063,3,"Ahmad S ""Amiodarone and phenytoin: interaction."" J Am Geriatr Soc 43 (1995): 1449-50",https://ddinter.scbdd.com/ddinter/interact/969063/,2026-09-09T19:00:56+00:00
969096,1,"Canadian Pharmacists Association ""e-CPS. Available from: URL: http://www.pharmacists.ca/function/Subscriptions/ecps.cfm?link=eCPS_quikLink.""",https://ddinter.scbdd.com/ddinter/interact/969096/,2026-09-09T19:01:45+00:00
969096,2,"Yamreudeewong W, DeBisschop M, Martin L, Lower D ""Potentially Significant Drug Interactions of Class III Antiarrhythmic Drugs."" Drug Saf 26 (2003): 421-38",https://ddinter.scbdd.com/ddinter/interact/969096/,2026-09-09T19:01:45+00:00
969096,3,"""Product Information. Norpace (disopyramide)."" Searle, Skokie, IL.",https://ddinter.scbdd.com/ddinter/interact/969096/,2026-09-09T19:01:45+00:00
969108,1,"""Product Information. Cordarone Intravenous (amiodarone)."" Wyeth-Ayerst Laboratories, Philadelphia, PA.",https://ddinter.scbdd.com/ddinter/interact/969108/,2026-09-09T19:00:58+00:00
969108,2,"Zarembski DG, Fischer SA, Santucci PA, Porter MT, Costanzo MR, Trohman RG ""Impact of rifampin on serum amiodarone concentrations in a patient with congenital heart disease."" Pharmacotherapy 19 (1999): 249-51",https://ddinter.scbdd.com/ddinter/interact/969108/,2026-09-09T19:00:58+00:00
969108,3,"""Product Information. Cordarone (amiodarone)."" Wyeth-Ayerst Laboratories, Philadelphia, PA.",https://ddinter.scbdd.com/ddinter/interact/969108/,2026-09-09T19:00:58+00:00
969115,1,"Canadian Pharmacists Association ""e-CPS. Available from: URL: http://www.pharmacists.ca/function/Subscriptions/ecps.cfm?link=eCPS_quikLink.""",https://ddinter.scbdd.com/ddinter/interact/969115/,2026-09-09T19:01:14+00:00
969115,2,"Yamreudeewong W, DeBisschop M, Martin L, Lower D ""Potentially Significant Drug Interactions of Class III Antiarrhythmic Drugs."" Drug Saf 26 (2003): 421-38",https://ddinter.scbdd.com/ddinter/interact/969115/,2026-09-09T19:01:14+00:00
969115,3,"""Product Information. Norpace (disopyramide)."" Searle, Skokie, IL.",https://ddinter.scbdd.com/ddinter/interact/969115/,2026-09-09T19:01:14+00:00
969117,1,"""Product Information. Norvir (ritonavir)."" Abbott Pharmaceutical, Abbott Park, IL.",https://ddinter.scbdd.com/ddinter/interact/969117/,2026-09-09T16:56:58+00:00
969117,2,"Pharmaceutical Society of Australia ""APPGuide online. Australian prescription products guide online. Available from: URL: http://www.appco.com.au/appguide/default.asp."" ([2006]):",https://ddinter.scbdd.com/ddinter/interact/969117/,2026-09-09T16:56:58+00:00
969117,3,"Cerner Multum, Inc. ""Australian Product Information."" O 0",https://ddinter.scbdd.com/ddinter/interact/969117/,2026-09-09T16:56:58+00:00
969118,1,"""Product Information. Xarelto (rivaroxaban)."" Bayer Inc, Toronto, IA.",https://ddinter.scbdd.com/ddinter/interact/969118/,2026-09-09T16:57:49+00:00
969118,2,"Hooks MA ""Tacrolimus, a new immunosuppressant--a review of the literature."" Ann Pharmacother 28 (1994): 501-11",https://ddinter.scbdd.com/ddinter/interact/969118/,2026-09-09T16:57:49+00:00
969118,3,"""Product Information. Prograf (tacrolimus)."" Fujisawa, Deerfield, IL.",https://ddinter.scbdd.com/ddinter/interact/969118/,2026-09-09T16:57:49+00:00
969124,1,"EMEA. European Medicines Agency ""EPARs. European Union Public Assessment Reports. Available from: URL: http://www.ema.europa.eu/ema/index.jsp?curl=pages/includes/medicines/medicines_landingpage.jsp&mid.""",https://ddinter.scbdd.com/ddinter/interact/969124/,2026-09-09T19:01:16+00:00
969124,2,"Pharmaceutical Society of Australia ""APPGuide online. Australian prescription products guide online. Available from: URL: http://www.appco.com.au/appguide/default.asp."" ([2006]):",https://ddinter.scbdd.com/ddinter/interact/969124/,2026-09-09T19:01:16+00:00
969124,3,"Carrion C, Espinosa E, Herrero A, Garcia B ""Possible vincristine-isoniazid interaction."" Ann Pharmacother 29 (1995): 201",https://ddinter.scbdd.com/ddinter/interact/969124/,2026-09-09T19:01:16+00:00
969143,1,"Chouhan UM, Chakrabarti S, Millward LJ ""Simvastatin interaction with clarithromycin and amiodarone causing myositis."" Ann Pharmacother 39 (2005): 1760-1",https://ddinter.scbdd.com/ddinter/interact/969143/,2026-09-09T19:01:20+00:00
969143,2,"""Product Information. Zocor (simvastatin)."" Merck & Co, Inc, West Point, PA.",https://ddinter.scbdd.com/ddinter/interact/969143/,2026-09-09T19:01:20+00:00
969143,3,"Schmidt GA, Hoehns JD, Purcell JL, Friedman RL, Elhawi Y ""Severe rhabdomyolysis and acute renal failure secondary to concomitant use of simvastatin, amiodarone, and atazanavir."" J Am Board Fam Med 20 (2007): 411-6",https://ddinter.scbdd.com/ddinter/interact/969143/,2026-09-09T19:01:20+00:00
969165,1,"Canadian Pharmacists Association ""e-CPS. Available from: URL: http://www.pharmacists.ca/function/Subscriptions/ecps.cfm?link=eCPS_quikLink.""",https://ddinter.scbdd.com/ddinter/interact/969165/,2026-09-09T19:01:12+00:00
969165,2,"Yamreudeewong W, DeBisschop M, Martin L, Lower D ""Potentially Significant Drug Interactions of Class III Antiarrhythmic Drugs."" Drug Saf 26 (2003): 421-38",https://ddinter.scbdd.com/ddinter/interact/969165/,2026-09-09T19:01:12+00:00
969165,3,"""Product Information. Norpace (disopyramide)."" Searle, Skokie, IL.",https://ddinter.scbdd.com/ddinter/interact/969165/,2026-09-09T19:01:12+00:00
969186,1,"Soto J, Sacristan JA, Arellano F, Hazas J ""Possible theophylline-amiodarone interaction."" DICP 24 (1990): 1115",https://ddinter.scbdd.com/ddinter/interact/969186,2026-09-09T18:42:08+00:00
969186,2,"Libersa CC, Brique SA, Motte KB, et al. ""Dramatic inhibition of amiodarone metabolism induced by grapefruit juice."" Br J Clin Pharmacol 49 (2000): 373-8",https://ddinter.scbdd.com/ddinter/interact/969186,2026-09-09T18:42:08+00:00
969186,3,"Meng X, Mojaverian P, Doedee M, Lin E, Weinryb I, Chiang ST, Kowey PR ""Bioavailability of Amiodarone tablets administered with and without food in healthy subjects."" Am J Cardiol 87 (2001): 432-5",https://ddinter.scbdd.com/ddinter/interact/969186,2026-09-09T18:42:08+00:00
969191,1,"Cerner Multum, Inc. ""UK Summary of Product Characteristics."" O 0",https://ddinter.scbdd.com/ddinter/interact/969191/,2026-09-09T16:58:21+00:00
969191,2,"""Product Information. Brilinta (ticagrelor)."" Astra-Zeneca Pharmaceuticals, Wilmington, DE.",https://ddinter.scbdd.com/ddinter/interact/969191/,2026-09-09T16:58:21+00:00
969225,1,"Canadian Pharmacists Association ""e-CPS. Available from: URL: http://www.pharmacists.ca/function/Subscriptions/ecps.cfm?link=eCPS_quikLink.""",https://ddinter.scbdd.com/ddinter/interact/969225/,2026-09-09T19:01:37+00:00
969225,2,"Yamreudeewong W, DeBisschop M, Martin L, Lower D ""Potentially Significant Drug Interactions of Class III Antiarrhythmic Drugs."" Drug Saf 26 (2003): 421-38",https://ddinter.scbdd.com/ddinter/interact/969225/,2026-09-09T19:01:37+00:00
969225,3,"""Product Information. Norpace (disopyramide)."" Searle, Skokie, IL.",https://ddinter.scbdd.com/ddinter/interact/969225/,2026-09-09T19:01:37+00:00
969237,1,"Fondevila C, Meschengieser S, Lazzari M ""Amiodarone-acenocoumarin interaction."" Thromb Haemost 65 (1991): 328",https://ddinter.scbdd.com/ddinter/interact/969237/,2026-09-09T19:01:41+00:00
969237,2,"Cheung B, Lam FM, Kumana CR ""Lesson of the week: insidiously evolving, occult drug interaction involving warfarin and amiodarone."" BMJ 312 (1996): 107-8",https://ddinter.scbdd.com/ddinter/interact/969237/,2026-09-09T19:01:41+00:00
969237,3,"Shirolkar SC, Fiuzat M, Becker RC ""Dronedarone and vitamin K antagonists: A review of drug-drug interactions."" Am Heart J 160 (2010): 577-82",https://ddinter.scbdd.com/ddinter/interact/969237/,2026-09-09T19:01:41+00:00
970152,1,"""Product Information. Eliquis (apixaban)."" Bristol-Myers Squibb Canada Inc, Montreal, IN.",https://ddinter.scbdd.com/ddinter/interact/970152/,2026-09-09T16:58:28+00:00
970152,2,"Cerner Multum, Inc. ""UK Summary of Product Characteristics."" O 0",https://ddinter.scbdd.com/ddinter/interact/970152/,2026-09-09T16:58:28+00:00
970156,1,"""Product Information. Seroquel (quetiapine)."" Zeneca Pharmaceuticals, Wilmington, DE.",https://ddinter.scbdd.com/ddinter/interact/970156/,2026-09-09T19:01:25+00:00
970156,2,"""Product Information. Rexulti (brexpiprazole)."" Otsuka American Pharmaceuticals Inc, Rockville, MD.",https://ddinter.scbdd.com/ddinter/interact/970156/,2026-09-09T19:01:25+00:00
970156,3,"""Product Information. Clozaril (clozapine)."" Novartis Pharmaceuticals, East Hanover, NJ.",https://ddinter.scbdd.com/ddinter/interact/970156/,2026-09-09T19:01:25+00:00
970159,1,"Deleeuw PW ""Nonsteroidal anti-inflammatory drugs and hypertension: the risks in perspective."" Drugs 51 (1996): 179-87",https://ddinter.scbdd.com/ddinter/interact/970159/,2026-09-09T19:01:28+00:00
970159,2,"""Product Information. Arthrotec (diclofenac-misoprostol)."" Searle, Skokie, IL.",https://ddinter.scbdd.com/ddinter/interact/970159/,2026-09-09T19:01:28+00:00
970159,3,"Ring ME, Corrigan JJ, Fenster PE ""Effects of oral diltiazem on platelet function: alone and in combination with ""low dose"" aspirin."" Thromb Res 44 (1986): 391-400",https://ddinter.scbdd.com/ddinter/interact/970159/,2026-09-09T19:01:28+00:00
970162,1,"Yeo KR, Yeo WW, Wallis EJ, Ramsay LE ""Enhanced cholesterol reduction by simvastatin in diltiazem-treated patients."" Br J Clin Pharmacol 48 (1999): 610-5",https://ddinter.scbdd.com/ddinter/interact/970162/,2026-09-09T19:01:30+00:00
970162,2,"Andreou ER, Ledger S ""Potential drug interaction between simvastatin and danazol causing rhabdomyolysis."" Can J Clin Pharmacol 10 (2003): 172-4",https://ddinter.scbdd.com/ddinter/interact/970162/,2026-09-09T19:01:30+00:00
970162,3,"Ayanian JZ, Fuchs CS, Stone RM ""Lovastatin and rhabdomyolysis."" Ann Intern Med 109 (1988): 682-3",https://ddinter.scbdd.com/ddinter/interact/970162/,2026-09-09T19:01:30+00:00
970176,1,"Henry M, Kay MM, Viccellio P ""Cardiogenic shock associated with calcium-channel and beta blockers: reversal with intravenous calcium chloride."" Am J Emerg Med 3 (1985): 334-6",https://ddinter.scbdd.com/ddinter/interact/970176/,2026-09-09T19:01:23+00:00
970176,2,"Strauss WE, Egan T, McIntyre KM, Parisi AF ""Combination therapy with diltiazem and propranolol: precipitation of congestive heart failure."" Clin Cardiol 8 (1985): 363-6",https://ddinter.scbdd.com/ddinter/interact/970176/,2026-09-09T19:01:23+00:00
970176,3,"Pouleur H, Etienne J, Van Mechelen H, et al ""Effects of nicardipine or nifedipine added to propranolol in patients with coronary artery disease."" Postgrad Med J 60 (1984): 23-8",https://ddinter.scbdd.com/ddinter/interact/970176/,2026-09-09T19:01:23+00:00
970206,1,"Yasui-Furukori N, Tateishi T ""Carbamazepine decreases antihypertensive effect of nilvadipine."" J Clin Pharmacol 42 (2002): 100-3",https://ddinter.scbdd.com/ddinter/interact/970206/,2026-09-09T19:01:33+00:00
970206,2,"Capewell S, Critchley JA, Freestone S, et al ""Reduced felodipine bioavailability in patients taking anticonvulsants."" Lancet Aug (1988): 480-2",https://ddinter.scbdd.com/ddinter/interact/970206/,2026-09-09T19:01:33+00:00
970206,3,"Bahls FH, Ozuna J, Ritchie DE ""Interactions between calcium channel blockers and the anticonvulsants carbamazepine and phenytoin."" Neurology 41 (1991): 740-2",https://ddinter.scbdd.com/ddinter/interact/970206/,2026-09-09T19:01:33+00:00
970210,1,"Henry M, Kay MM, Viccellio P ""Cardiogenic shock associated with calcium-channel and beta blockers: reversal with intravenous calcium chloride."" Am J Emerg Med 3 (1985): 334-6",https://ddinter.scbdd.com/ddinter/interact/970210/,2026-09-09T19:01:21+00:00
970210,2,"Strauss WE, Egan T, McIntyre KM, Parisi AF ""Combination therapy with diltiazem and propranolol: precipitation of congestive heart failure."" Clin Cardiol 8 (1985): 363-6",https://ddinter.scbdd.com/ddinter/interact/970210/,2026-09-09T19:01:21+00:00
970210,3,"Pouleur H, Etienne J, Van Mechelen H, et al ""Effects of nicardipine or nifedipine added to propranolol in patients with coronary artery disease."" Postgrad Med J 60 (1984): 23-8",https://ddinter.scbdd.com/ddinter/interact/970210/,2026-09-09T19:01:21+00:00
970222,1,"Sasaki M, Maeda A, Fujimura A ""Influence of diltiazem on the pharmacokinetics of amlodipine in elderly hypertensive patients."" Eur J Clin Pharmacol 57 (2001): 85-6",https://ddinter.scbdd.com/ddinter/interact/970222/,2026-09-09T19:01:39+00:00
970222,2,"Canadian Pharmacists Association ""e-CPS. Available from: URL: http://www.pharmacists.ca/function/Subscriptions/ecps.cfm?link=eCPS_quikLink.""",https://ddinter.scbdd.com/ddinter/interact/970222/,2026-09-09T19:01:39+00:00
970222,3,"Cerner Multum, Inc. ""UK Summary of Product Characteristics."" O 0",https://ddinter.scbdd.com/ddinter/interact/970222/,2026-09-09T19:01:39+00:00
970224,1,"Sasaki M, Maeda A, Fujimura A ""Influence of diltiazem on the pharmacokinetics of amlodipine in elderly hypertensive patients."" Eur J Clin Pharmacol 57 (2001): 85-6",https://ddinter.scbdd.com/ddinter/interact/970224/,2026-09-09T19:01:43+00:00
970224,2,"Canadian Pharmacists Association ""e-CPS. Available from: URL: http://www.pharmacists.ca/function/Subscriptions/ecps.cfm?link=eCPS_quikLink.""",https://ddinter.scbdd.com/ddinter/interact/970224/,2026-09-09T19:01:43+00:00
970224,3,"Cerner Multum, Inc. ""UK Summary of Product Characteristics."" O 0",https://ddinter.scbdd.com/ddinter/interact/970224/,2026-09-09T19:01:43+00:00
970233,1,"""Product Information. Neoral Soft Gelatin Capsules (cyclosporine)."" Sandoz Pharmaceuticals Corporation, East Hanover, NJ.",https://ddinter.scbdd.com/ddinter/interact/970233/,2026-09-09T19:01:31+00:00
970233,2,"Cai J, Huang Z, Yang G, et al. ""Comparing antihypertensive effect and plasma ciclosporin concentration between amlodipine and valsartan regimens in hypertensive renal transplant patients receiving ciclosporin therapy."" Am J Cardiovasc Drugs 11 (2011): 401-9",https://ddinter.scbdd.com/ddinter/interact/970233/,2026-09-09T19:01:31+00:00
970233,3,"""Product Information. Sandimmune (cyclosporine)."" Sandoz Pharmaceuticals Corporation, East Hanover, NJ.",https://ddinter.scbdd.com/ddinter/interact/970233/,2026-09-09T19:01:31+00:00
970236,1,"""Product Information. Jardiance (empagliflozin)."" Boehringer Ingelheim, Ridgefield, CT.",https://ddinter.scbdd.com/ddinter/interact/970236/,2026-09-09T16:58:57+00:00
970236,2,"Cerner Multum, Inc. ""Australian Product Information."" O 0",https://ddinter.scbdd.com/ddinter/interact/970236/,2026-09-09T16:58:57+00:00
970236,3,"Cerner Multum, Inc. ""UK Summary of Product Characteristics."" O 0",https://ddinter.scbdd.com/ddinter/interact/970236/,2026-09-09T16:58:57+00:00
970244,1,"""Multum Information Services, Inc. Expert Review Panel""",https://ddinter.scbdd.com/ddinter/interact/970244/,2026-09-09T19:01:51+00:00
970244,2,"Cerner Multum, Inc. ""UK Summary of Product Characteristics."" O 0",https://ddinter.scbdd.com/ddinter/interact/970244/,2026-09-09T19:01:51+00:00
970265,1,"""Product Information. Jardiance (empagliflozin)."" Boehringer Ingelheim, Ridgefield, CT.",https://ddinter.scbdd.com/ddinter/interact/970265/,2026-09-09T17:06:32+00:00
970265,2,"Cerner Multum, Inc. ""Australian Product Information."" O 0",https://ddinter.scbdd.com/ddinter/interact/970265/,2026-09-09T17:06:32+00:00
970265,3,"Cerner Multum, Inc. ""UK Summary of Product Characteristics."" O 0",https://ddinter.scbdd.com/ddinter/interact/970265/,2026-09-09T17:06:32+00:00
970266,1,"Di Somma S, et al ""Antihypertensive effects of verapamil, captopril and their combination at rest and during dynamic exercise."" Arzneimittelforschung 42 (1992): 103",https://ddinter.scbdd.com/ddinter/interact/970266/,2026-09-09T19:01:46+00:00
970266,2,"Kaplan NM ""Amlodipine in the treatment of hypertension."" Postgrad Med J 67 Suppl 5 (1991): s15-9",https://ddinter.scbdd.com/ddinter/interact/970266/,2026-09-09T19:01:46+00:00
970266,3,"DeQuattro V ""Comparison of benazepril and other antihypertensive agents alone and in combination with the diuretic hydrochlorothiazide."" Clin Cardiol 14 (1991): iv28-32;",https://ddinter.scbdd.com/ddinter/interact/970266/,2026-09-09T19:01:46+00:00
970287,1,"Sandstrom R, Knutson TW, Knutson L, Jansson B, Lennernas H ""The effect of ketoconazole on the jejunal permeability and CYP3A metabolism of (R/S)-verapamil in humans."" Br J Clin Pharmacol 48 (1999): 180-9",https://ddinter.scbdd.com/ddinter/interact/970287/,2026-09-09T19:01:53+00:00
970287,2,"Neuvonen PJ, Suhonen R ""Itraconazole interacts with felodipine."" J Am Acad Dermatol 33 (1995): 134-5",https://ddinter.scbdd.com/ddinter/interact/970287/,2026-09-09T19:01:53+00:00
970287,3,"Tailor SAN ""Peripheral edema due to nifedipine-itraconazole interaction: a case report."" Arch Dermatol 132 (1996): 1374",https://ddinter.scbdd.com/ddinter/interact/970287/,2026-09-09T19:01:53+00:00
970289,1,"Canadian Pharmacists Association ""e-CPS. Available from: URL: http://www.pharmacists.ca/function/Subscriptions/ecps.cfm?link=eCPS_quikLink.""",https://ddinter.scbdd.com/ddinter/interact/970289/,2026-09-09T19:01:48+00:00
970289,2,"Cerner Multum, Inc. ""Australian Product Information."" O 0",https://ddinter.scbdd.com/ddinter/interact/970289/,2026-09-09T19:01:48+00:00
970289,3,"""Product Information. Adalat (nifedipine)."" Bayer, West Haven, CT.",https://ddinter.scbdd.com/ddinter/interact/970289/,2026-09-09T19:01:48+00:00
970321,1,"""Product Information. Sporanox (itraconazole)."" Janssen Pharmaceutica, Titusville, NJ.",https://ddinter.scbdd.com/ddinter/interact/970321/,2026-09-09T19:01:57+00:00
970321,2,"Rosen T ""Debilitating edema associated with itraconazole therapy."" Arch Dermatol 130 (1994): 260-1",https://ddinter.scbdd.com/ddinter/interact/970321/,2026-09-09T19:01:57+00:00
970321,3,"Cerner Multum, Inc. ""Australian Product Information."" O 0",https://ddinter.scbdd.com/ddinter/interact/970321/,2026-09-09T19:01:57+00:00
970398,1,"""Product Information. Seroquel (quetiapine)."" Zeneca Pharmaceuticals, Wilmington, DE.",https://ddinter.scbdd.com/ddinter/interact/970398/,2026-09-09T19:01:59+00:00
970398,2,"""Product Information. Rexulti (brexpiprazole)."" Otsuka American Pharmaceuticals Inc, Rockville, MD.",https://ddinter.scbdd.com/ddinter/interact/970398/,2026-09-09T19:01:59+00:00
970398,3,"""Product Information. Clozaril (clozapine)."" Novartis Pharmaceuticals, East Hanover, NJ.",https://ddinter.scbdd.com/ddinter/interact/970398/,2026-09-09T19:01:59+00:00
970418,1,"""Product Information. Rifadin (rifampin)."" Hoechst Marion-Roussel Inc, Kansas City, MO.",https://ddinter.scbdd.com/ddinter/interact/970418/,2026-09-09T19:02:01+00:00
970418,2,"""Product Information. Mycobutin (rifabutin)."" Pharmacia and Upjohn, Kalamazoo, MI.",https://ddinter.scbdd.com/ddinter/interact/970418/,2026-09-09T19:02:01+00:00
970418,3,"Tada Y, Tsuda Y, Otsuka T, et al ""Case report: nifedipine-rifampicin interaction attenuates the effect on blood pressure in a patient with essential hypertension."" Am J Med Sci 303 (1992): 25-7",https://ddinter.scbdd.com/ddinter/interact/970418/,2026-09-09T19:02:01+00:00
970439,1,"""Product Information. Seroquel (quetiapine)."" Zeneca Pharmaceuticals, Wilmington, DE.",https://ddinter.scbdd.com/ddinter/interact/970439/,2026-09-09T19:02:09+00:00
970439,2,"""Product Information. Rexulti (brexpiprazole)."" Otsuka American Pharmaceuticals Inc, Rockville, MD.",https://ddinter.scbdd.com/ddinter/interact/970439/,2026-09-09T19:02:09+00:00
970439,3,"""Product Information. Clozaril (clozapine)."" Novartis Pharmaceuticals, East Hanover, NJ.",https://ddinter.scbdd.com/ddinter/interact/970439/,2026-09-09T19:02:09+00:00
970441,1,"Di Somma S, et al ""Antihypertensive effects of verapamil, captopril and their combination at rest and during dynamic exercise."" Arzneimittelforschung 42 (1992): 103",https://ddinter.scbdd.com/ddinter/interact/970441/,2026-09-09T19:01:55+00:00
970441,2,"Kaplan NM ""Amlodipine in the treatment of hypertension."" Postgrad Med J 67 Suppl 5 (1991): s15-9",https://ddinter.scbdd.com/ddinter/interact/970441/,2026-09-09T19:01:55+00:00
970441,3,"DeQuattro V ""Comparison of benazepril and other antihypertensive agents alone and in combination with the diuretic hydrochlorothiazide."" Clin Cardiol 14 (1991): iv28-32;",https://ddinter.scbdd.com/ddinter/interact/970441/,2026-09-09T19:01:55+00:00
970446,1,"""Product Information. Rifadin (rifampin)."" Hoechst Marion-Roussel Inc, Kansas City, MO.",https://ddinter.scbdd.com/ddinter/interact/970446/,2026-09-09T19:02:07+00:00
970446,2,"""Product Information. Mycobutin (rifabutin)."" Pharmacia and Upjohn, Kalamazoo, MI.",https://ddinter.scbdd.com/ddinter/interact/970446/,2026-09-09T19:02:07+00:00
970446,3,"Tada Y, Tsuda Y, Otsuka T, et al ""Case report: nifedipine-rifampicin interaction attenuates the effect on blood pressure in a patient with essential hypertension."" Am J Med Sci 303 (1992): 25-7",https://ddinter.scbdd.com/ddinter/interact/970446/,2026-09-09T19:02:07+00:00
970452,1,"""Product Information. Seroquel (quetiapine)."" Zeneca Pharmaceuticals, Wilmington, DE.",https://ddinter.scbdd.com/ddinter/interact/970452/,2026-09-09T19:02:03+00:00
970452,2,"""Product Information. Rexulti (brexpiprazole)."" Otsuka American Pharmaceuticals Inc, Rockville, MD.",https://ddinter.scbdd.com/ddinter/interact/970452/,2026-09-09T19:02:03+00:00
970452,3,"""Product Information. Clozaril (clozapine)."" Novartis Pharmaceuticals, East Hanover, NJ.",https://ddinter.scbdd.com/ddinter/interact/970452/,2026-09-09T19:02:03+00:00
970453,1,"Sasaki M, Maeda A, Fujimura A ""Influence of diltiazem on the pharmacokinetics of amlodipine in elderly hypertensive patients."" Eur J Clin Pharmacol 57 (2001): 85-6",https://ddinter.scbdd.com/ddinter/interact/970453/,2026-09-09T19:03:16+00:00
970453,2,"Canadian Pharmacists Association ""e-CPS. Available from: URL: http://www.pharmacists.ca/function/Subscriptions/ecps.cfm?link=eCPS_quikLink.""",https://ddinter.scbdd.com/ddinter/interact/970453/,2026-09-09T19:03:16+00:00
970453,3,"Cerner Multum, Inc. ""UK Summary of Product Characteristics."" O 0",https://ddinter.scbdd.com/ddinter/interact/970453/,2026-09-09T19:03:16+00:00
970473,1,"""Product Information. Zocor (simvastatin)."" Merck & Co, Inc, West Point, PA.",https://ddinter.scbdd.com/ddinter/interact/970473/,2026-09-09T19:03:14+00:00
970473,2,"Richter WO, Jacob BG, Schwandt P ""Interaction between fibre and lovastatin."" Lancet 338 (1991): 706",https://ddinter.scbdd.com/ddinter/interact/970473/,2026-09-09T19:03:14+00:00
970473,3,"Neuvonen PJ, Backman JT, Niemi M ""Pharmacokinetic comparison of the potential over-the-counter statins simvastatin, lovastatin, fluvastatin and pravastatin."" Clin Pharmacokinet 47 (2008): 463-74",https://ddinter.scbdd.com/ddinter/interact/970473/,2026-09-09T19:03:14+00:00
970489,1,"Zhao W, Baudouin V, Fakhoury M, Storme T, Deschenes G, Jacqz-Aigrain E ""Pharmacokinetic interaction between tacrolimus and amlodipine in a renal transplant child."" Transplantation 93 (2012): e29-30",https://ddinter.scbdd.com/ddinter/interact/970489/,2026-09-09T19:02:12+00:00
970489,2,"Khaira A, Rathi OP, Gupta A, et al. ""Galactorrhoea and mastalgia in a renal transplant recipient on tacrolimus and amlodipine."" Nephrology (Carlton) 14 (2009): 700-1",https://ddinter.scbdd.com/ddinter/interact/970489/,2026-09-09T19:02:12+00:00
970489,3,"Cerner Multum, Inc. ""UK Summary of Product Characteristics."" O 0",https://ddinter.scbdd.com/ddinter/interact/970489/,2026-09-09T19:02:12+00:00
970503,1,"Cerner Multum, Inc. ""UK Summary of Product Characteristics."" O 0",https://ddinter.scbdd.com/ddinter/interact/970503,2026-09-09T18:42:05+00:00
970503,2,"""Product Information. Brilinta (ticagrelor)."" Astra-Zeneca Pharmaceuticals, Wilmington, DE.",https://ddinter.scbdd.com/ddinter/interact/970503,2026-09-09T18:42:05+00:00
970537,1,"Kantola T, Kivisto KT, Neuvonen PJ ""Erythromycin and verapamil considerably increase serum simvastatin and simvastatin acid concentrations."" Clin Pharmacol Ther 64 (1998): 177-82",https://ddinter.scbdd.com/ddinter/interact/970537/,2026-09-09T19:03:12+00:00
970537,2,"Ayanian JZ, Fuchs CS, Stone RM ""Lovastatin and rhabdomyolysis."" Ann Intern Med 109 (1988): 682-3",https://ddinter.scbdd.com/ddinter/interact/970537/,2026-09-09T19:03:12+00:00
970537,3,"""Product Information. Zocor (simvastatin)."" Merck & Co, Inc, West Point, PA.",https://ddinter.scbdd.com/ddinter/interact/970537/,2026-09-09T19:03:12+00:00
970541,1,"Rodriguez JA, CrespoLeiro MG, Paniagua MJ, Cuenca JJ, Hermida LF, Juffe A, CastroBeiras A ""Rhabdomyolysis in heart transplant patients on HMG-CoA reductase inhibitors and cyclosporine."" Transplant Proc 31 (1999): 2522-3",https://ddinter.scbdd.com/ddinter/interact/970541/,2026-09-09T19:03:22+00:00
970541,2,"Jardine A, Holdaas H ""Fluvastatin in combination with cyclosporin in renal transplant recipients: a review of clinical and safety experience."" J Clin Pharm Ther 24 (1999): 397-408",https://ddinter.scbdd.com/ddinter/interact/970541/,2026-09-09T19:03:22+00:00
970541,3,"Gullestad L, Nordal KP, Berg KJ, Cheng H, Schwartz MS, Simonsen S ""Interaction between lovastatin and cyclosporine A after heart and kidney transplantation."" Transplant Proc 31 (1999): 2163-5",https://ddinter.scbdd.com/ddinter/interact/970541/,2026-09-09T19:03:22+00:00
970549,1,"Watkins JL, Atkinson BJ, Pagliaro LC ""Rhabdomyolysis in a prostate cancer patient taking ketoconazole and simvastatin: case report and review of the literature."" Ann Pharmacother 45 (2011): e9",https://ddinter.scbdd.com/ddinter/interact/970549/,2026-09-09T19:03:20+00:00
970549,2,"Lomaestro BM, Piatek MA ""Update on drug interactions with azole antifungal agents."" Ann Pharmacother 32 (1998): 915-28",https://ddinter.scbdd.com/ddinter/interact/970549/,2026-09-09T19:03:20+00:00
970549,3,"Gilad R, Lampl Y ""Rhabdomyolysis induced by simvastatin and ketoconazole treatment."" Clin Neuropharmacol 22 (1999): 295-7",https://ddinter.scbdd.com/ddinter/interact/970549/,2026-09-09T19:03:20+00:00
970566,1,"Piliero PJ ""Interaction between ritonavir and statins."" Am J Med 112 (2002): 510-1",https://ddinter.scbdd.com/ddinter/interact/970566/,2026-09-09T19:03:27+00:00
970566,2,"""Product Information. Norvir (ritonavir)."" Abbott Pharmaceutical, Abbott Park, IL.",https://ddinter.scbdd.com/ddinter/interact/970566/,2026-09-09T19:03:27+00:00
970566,3,"Fichtenbaum CJ, Gerber JG, Rosenkranz SL, et al. ""Pharmacokinetic interactions between protease inhibitors and statins in HIV seronegative volunteers: ACTG Study A5047."" AIDS 16 (2002): 569-577",https://ddinter.scbdd.com/ddinter/interact/970566/,2026-09-09T19:03:27+00:00
971095,1,"""Product Information. Diovan (valsartan)."" Novartis Pharmaceuticals, East Hanover, NJ.",https://ddinter.scbdd.com/ddinter/interact/971095/,2026-09-09T19:03:18+00:00
971095,2,"""Product Information. Micardis (telmisartan)."" Boehringer-Ingelheim, Ridgefield, CT.",https://ddinter.scbdd.com/ddinter/interact/971095/,2026-09-09T19:03:18+00:00
971095,3,"Rossing K, Jacobsen P, Pietraszek L, Parving HH ""Renoprotective effects of adding angiotensin II receptor blocker to maximal recommended doses of ACE inhibitor in diabetic nephropathy: a randomized double-blind crossover trial."" Diabetes Care 26 (2003): 2268-74",https://ddinter.scbdd.com/ddinter/interact/971095/,2026-09-09T19:03:18+00:00
971103,1,"""Product Information. Micardis (telmisartan)."" Boehringer-Ingelheim, Ridgefield, CT.",https://ddinter.scbdd.com/ddinter/interact/971103/,2026-09-09T19:03:25+00:00
971103,2,"""Product Information. Diovan (valsartan)."" Novartis Pharmaceuticals, East Hanover, NJ.",https://ddinter.scbdd.com/ddinter/interact/971103/,2026-09-09T19:03:25+00:00
971103,3,"""Product Information. Avapro (irbesartan)."" Bristol-Myers Squibb, Princeton, NJ.",https://ddinter.scbdd.com/ddinter/interact/971103/,2026-09-09T19:03:25+00:00
971136,1,"""Product Information. Diovan (valsartan)."" Novartis Pharmaceuticals, East Hanover, NJ.",https://ddinter.scbdd.com/ddinter/interact/971136/,2026-09-09T19:03:42+00:00
971136,2,"""Product Information. Micardis (telmisartan)."" Boehringer-Ingelheim, Ridgefield, CT.",https://ddinter.scbdd.com/ddinter/interact/971136/,2026-09-09T19:03:42+00:00
971136,3,"Rossing K, Jacobsen P, Pietraszek L, Parving HH ""Renoprotective effects of adding angiotensin II receptor blocker to maximal recommended doses of ACE inhibitor in diabetic nephropathy: a randomized double-blind crossover trial."" Diabetes Care 26 (2003): 2268-74",https://ddinter.scbdd.com/ddinter/interact/971136/,2026-09-09T19:03:42+00:00
971141,1,"Jarman PR, Kehely AM, Mather HM ""Hyperkalaemia in diabetes: prevalence and associations."" Postgrad Med J 71 (1995): 551-2",https://ddinter.scbdd.com/ddinter/interact/971141/,2026-09-09T19:03:44+00:00
971141,2,"""Product Information. Midamor (amiloride)."" Merck & Co, Inc, West Point, PA.",https://ddinter.scbdd.com/ddinter/interact/971141/,2026-09-09T19:03:44+00:00
971141,3,"Wrenger E, Muller R, Moesenthin M, Welte T, Frolich JC, Neumann KH ""Interaction of spironolactone with ACE inhibitors or angiotensin receptor blockers: analysis of 44 cases."" BMJ 327 (2003): 147-9",https://ddinter.scbdd.com/ddinter/interact/971141/,2026-09-09T19:03:44+00:00
971152,1,"""Multum Information Services, Inc. Expert Review Panel""",https://ddinter.scbdd.com/ddinter/interact/971152/,2026-09-09T19:03:46+00:00
971152,2,"Cerner Multum, Inc. ""Australian Product Information."" O 0",https://ddinter.scbdd.com/ddinter/interact/971152/,2026-09-09T19:03:46+00:00
971152,3,"Cerner Multum, Inc. ""UK Summary of Product Characteristics."" O 0",https://ddinter.scbdd.com/ddinter/interact/971152/,2026-09-09T19:03:46+00:00
971612,1,"Strom J ""Penicillin and erythromycin singly and in combination in scarlatina therapy and the interference between them."" Antibiot Chemother 11 (1961): 694-7",https://ddinter.scbdd.com/ddinter/interact/971612/,2026-09-09T19:03:48+00:00
971612,2,"Cohn JR, Jungkind DL, Baker JS ""In vitro antagonism by erythromycin of the bactericidal action of antimicrobial agents against common respiratory pathogens."" Antimicrob Agents Chemother 18 (1980): 872-6",https://ddinter.scbdd.com/ddinter/interact/971612/,2026-09-09T19:03:48+00:00
971612,3,"Penn RL, Ward TT, Steigbigel RT ""Effects of erythromycin in combination with penicillin, ampicillin, or gentamicin on the growth of listeria monocytogenes."" Antimicrob Agents Chemother 22 (1982): 289-94",https://ddinter.scbdd.com/ddinter/interact/971612/,2026-09-09T19:03:48+00:00
971616,1,"Strom J ""Penicillin and erythromycin singly and in combination in scarlatina therapy and the interference between them."" Antibiot Chemother 11 (1961): 694-7",https://ddinter.scbdd.com/ddinter/interact/971616/,2026-09-09T19:03:31+00:00
971616,2,"Cohn JR, Jungkind DL, Baker JS ""In vitro antagonism by erythromycin of the bactericidal action of antimicrobial agents against common respiratory pathogens."" Antimicrob Agents Chemother 18 (1980): 872-6",https://ddinter.scbdd.com/ddinter/interact/971616/,2026-09-09T19:03:31+00:00
971616,3,"Penn RL, Ward TT, Steigbigel RT ""Effects of erythromycin in combination with penicillin, ampicillin, or gentamicin on the growth of listeria monocytogenes."" Antimicrob Agents Chemother 22 (1982): 289-94",https://ddinter.scbdd.com/ddinter/interact/971616/,2026-09-09T19:03:31+00:00
971623,1,"Dean R, Nachman J, Lorenzana AN ""Possible methotrexate-mezlocillin interaction."" Am J Pediatr Hematol Oncol 14 (1992): 88-92",https://ddinter.scbdd.com/ddinter/interact/971623,2026-09-09T18:42:05+00:00
971623,2,"""Product Information. Methotrexate (methotrexate)."" Lederle Laboratories, Wayne, NJ.",https://ddinter.scbdd.com/ddinter/interact/971623,2026-09-09T18:42:05+00:00
971623,3,"Yamamoto K, Sawada Y, Matsushita Y, Moriwaki K, Bessho F, Iga T ""Delayed elimination of methotrexate associated with piperacillin administration."" Ann Pharmacother 31 (1997): 1261-2",https://ddinter.scbdd.com/ddinter/interact/971623,2026-09-09T18:42:05+00:00
971636,1,"Alexander DP, Russo ME, Fohrman DE, Rothstein G ""Nafcillin-induced platelet dysfunction and bleeding."" Antimicrob Agents Chemother 23 (1983): 59-62",https://ddinter.scbdd.com/ddinter/interact/971636,2026-09-09T18:42:05+00:00
971636,2,"Ku LL, Ward CO, Durgin SJ ""A clinical study of drug interaction and anticoagulant therapy."" Drug Intell Clin Pharm 4 (1970): 300-6",https://ddinter.scbdd.com/ddinter/interact/971636,2026-09-09T18:42:05+00:00
971636,3,"Andrassy K, Ritz E, Weisschedel E ""Bleeding after carbenicillin administration."" N Engl J Med 292 (1975): 109",https://ddinter.scbdd.com/ddinter/interact/971636,2026-09-09T18:42:05+00:00
975233,1,"Cerner Multum, Inc. ""UK Summary of Product Characteristics."" O 0",https://ddinter.scbdd.com/ddinter/interact/975233/,2026-09-09T17:07:15+00:00
975233,2,"""Product Information. Eliquis (apixaban)."" Bristol-Myers Squibb Canada Inc, Montreal, IN.",https://ddinter.scbdd.com/ddinter/interact/975233/,2026-09-09T17:07:15+00:00
975233,3,"Guo LQ, Yamazoe Y ""Inhibition of cytochrome P450 by furanocoumarins in grapefruit juice and herbal medicines."" Acta Pharmacol Sin 25 (2004): 129-36",https://ddinter.scbdd.com/ddinter/interact/975233/,2026-09-09T17:07:15+00:00
975255,1,"Cerner Multum, Inc. ""UK Summary of Product Characteristics."" O 0",https://ddinter.scbdd.com/ddinter/interact/975255/,2026-09-09T17:07:07+00:00
975255,2,"""Product Information. Eliquis (apixaban)."" Bristol-Myers Squibb Canada Inc, Montreal, IN.",https://ddinter.scbdd.com/ddinter/interact/975255/,2026-09-09T17:07:07+00:00
975264,1,"""Product Information. Eliquis (apixaban)."" Bristol-Myers Squibb Canada Inc, Montreal, IN.",https://ddinter.scbdd.com/ddinter/interact/975264/,2026-09-09T17:07:14+00:00
975264,2,"Cerner Multum, Inc. ""UK Summary of Product Characteristics."" O 0",https://ddinter.scbdd.com/ddinter/interact/975264/,2026-09-09T17:07:14+00:00
975266,1,"Chang SH, Chou IJ, Yeh YH, et. al ""Association between use of non–vitamin K oral anticoagulants with and without concurrent medications and risk of major bleeding in nonvalvular atrial fibrillation."" JAMA 318 (2017): 1250-9",https://ddinter.scbdd.com/ddinter/interact/975266/,2026-09-09T17:07:24+00:00
975266,2,"Cerner Multum, Inc. ""Australian Product Information."" O 0",https://ddinter.scbdd.com/ddinter/interact/975266/,2026-09-09T17:07:24+00:00
975266,3,"""Product Information. Eliquis (apixaban)."" Bristol-Myers Squibb Canada Inc, Montreal, IN.",https://ddinter.scbdd.com/ddinter/interact/975266/,2026-09-09T17:07:24+00:00
975268,1,"Cerner Multum, Inc. ""UK Summary of Product Characteristics."" O 0",https://ddinter.scbdd.com/ddinter/interact/975268/,2026-09-09T17:07:15+00:00
975268,2,"""Product Information. Eliquis (apixaban)."" Bristol-Myers Squibb Canada Inc, Montreal, IN.",https://ddinter.scbdd.com/ddinter/interact/975268/,2026-09-09T17:07:15+00:00
975268,3,"Guo LQ, Yamazoe Y ""Inhibition of cytochrome P450 by furanocoumarins in grapefruit juice and herbal medicines."" Acta Pharmacol Sin 25 (2004): 129-36",https://ddinter.scbdd.com/ddinter/interact/975268/,2026-09-09T17:07:15+00:00
975276,1,"""Product Information. Eliquis (apixaban)."" Bristol-Myers Squibb Canada Inc, Montreal, IN.",https://ddinter.scbdd.com/ddinter/interact/975276/,2026-09-09T17:07:23+00:00
975276,2,"Cerner Multum, Inc. ""UK Summary of Product Characteristics."" O 0",https://ddinter.scbdd.com/ddinter/interact/975276/,2026-09-09T17:07:23+00:00
975289,1,"""Product Information. Eliquis (apixaban)."" Bristol-Myers Squibb Canada Inc, Montreal, IN.",https://ddinter.scbdd.com/ddinter/interact/975289/,2026-09-09T17:07:36+00:00
975289,2,"Skillman TG, Feldman JM ""The pharmacology of sulfonylureas."" Am J Med 70 (1981): 361-72",https://ddinter.scbdd.com/ddinter/interact/975289/,2026-09-09T17:07:36+00:00
975289,3,"""Product Information. Diabinese (chlorpropamide)."" Pfizer US Pharmaceuticals, New York, NY.",https://ddinter.scbdd.com/ddinter/interact/975289/,2026-09-09T17:07:36+00:00
975302,1,"Bannister SJ, Houser VP, Hulse JD, Kisicki JC, Rasmussen JG ""Evaluation of the potential for interactions of paroxetine with diazepam, cimetidine, warfarin, and digoxin."" Acta Psychiatr Scand Suppl 350 (1989): 102-6",https://ddinter.scbdd.com/ddinter/interact/975302/,2026-09-09T17:07:21+00:00
975302,2,"Skop BP, Brown TM ""Potential vascular and bleeding complications of treatment with selective serotonin reuptake inhibitors."" Psychosomatics 37 (1996): 12-6",https://ddinter.scbdd.com/ddinter/interact/975302/,2026-09-09T17:07:21+00:00
975302,3,"Settle EC ""Antidepressant drugs: disturbing and potentially dangerous adverse effects."" J Clin Psychiatry 59 Suppl 16 (1998): 25-30",https://ddinter.scbdd.com/ddinter/interact/975302/,2026-09-09T17:07:21+00:00
975318,1,"Bannister SJ, Houser VP, Hulse JD, Kisicki JC, Rasmussen JG ""Evaluation of the potential for interactions of paroxetine with diazepam, cimetidine, warfarin, and digoxin."" Acta Psychiatr Scand Suppl 350 (1989): 102-6",https://ddinter.scbdd.com/ddinter/interact/975318/,2026-09-09T17:07:33+00:00
975318,2,"Skop BP, Brown TM ""Potential vascular and bleeding complications of treatment with selective serotonin reuptake inhibitors."" Psychosomatics 37 (1996): 12-6",https://ddinter.scbdd.com/ddinter/interact/975318/,2026-09-09T17:07:33+00:00
975318,3,"Settle EC ""Antidepressant drugs: disturbing and potentially dangerous adverse effects."" J Clin Psychiatry 59 Suppl 16 (1998): 25-30",https://ddinter.scbdd.com/ddinter/interact/975318/,2026-09-09T17:07:33+00:00
975330,1,"""Product Information. Eliquis (apixaban)."" Bristol-Myers Squibb Canada Inc, Montreal, IN.",https://ddinter.scbdd.com/ddinter/interact/975330/,2026-09-09T17:07:32+00:00
975330,2,"Cerner Multum, Inc. ""UK Summary of Product Characteristics."" O 0",https://ddinter.scbdd.com/ddinter/interact/975330/,2026-09-09T17:07:32+00:00
975331,1,"Bannister SJ, Houser VP, Hulse JD, Kisicki JC, Rasmussen JG ""Evaluation of the potential for interactions of paroxetine with diazepam, cimetidine, warfarin, and digoxin."" Acta Psychiatr Scand Suppl 350 (1989): 102-6",https://ddinter.scbdd.com/ddinter/interact/975331/,2026-09-09T17:07:39+00:00
975331,2,"Skop BP, Brown TM ""Potential vascular and bleeding complications of treatment with selective serotonin reuptake inhibitors."" Psychosomatics 37 (1996): 12-6",https://ddinter.scbdd.com/ddinter/interact/975331/,2026-09-09T17:07:39+00:00
975331,3,"Settle EC ""Antidepressant drugs: disturbing and potentially dangerous adverse effects."" J Clin Psychiatry 59 Suppl 16 (1998): 25-30",https://ddinter.scbdd.com/ddinter/interact/975331/,2026-09-09T17:07:39+00:00
975343,1,"Cerner Multum, Inc. ""UK Summary of Product Characteristics."" O 0",https://ddinter.scbdd.com/ddinter/interact/975343/,2026-09-09T17:07:27+00:00
975343,2,"""Product Information. Eliquis (apixaban)."" Bristol-Myers Squibb Canada Inc, Montreal, IN.",https://ddinter.scbdd.com/ddinter/interact/975343/,2026-09-09T17:07:27+00:00
975343,3,"Guo LQ, Yamazoe Y ""Inhibition of cytochrome P450 by furanocoumarins in grapefruit juice and herbal medicines."" Acta Pharmacol Sin 25 (2004): 129-36",https://ddinter.scbdd.com/ddinter/interact/975343/,2026-09-09T17:07:27+00:00
975358,1,"""Product Information. Eliquis (apixaban)."" Bristol-Myers Squibb Canada Inc, Montreal, IN.",https://ddinter.scbdd.com/ddinter/interact/975358/,2026-09-09T17:07:39+00:00
975358,2,"Cerner Multum, Inc. ""UK Summary of Product Characteristics."" O 0",https://ddinter.scbdd.com/ddinter/interact/975358/,2026-09-09T17:07:39+00:00
975358,3,"""Product Information. Sporanox (itraconazole)."" Janssen Pharmaceutica, Titusville, NJ.",https://ddinter.scbdd.com/ddinter/interact/975358/,2026-09-09T17:07:39+00:00
975411,1,"Cerner Multum, Inc. ""UK Summary of Product Characteristics."" O 0",https://ddinter.scbdd.com/ddinter/interact/975411/,2026-09-09T17:07:39+00:00
975411,2,"""Product Information. Eliquis (apixaban)."" Bristol-Myers Squibb Canada Inc, Montreal, IN.",https://ddinter.scbdd.com/ddinter/interact/975411/,2026-09-09T17:07:39+00:00
975429,1,"Cerner Multum, Inc. ""UK Summary of Product Characteristics."" O 0",https://ddinter.scbdd.com/ddinter/interact/975429/,2026-09-09T17:07:34+00:00
975429,2,"""Product Information. Eliquis (apixaban)."" Bristol-Myers Squibb Canada Inc, Montreal, IN.",https://ddinter.scbdd.com/ddinter/interact/975429/,2026-09-09T17:07:34+00:00
975432,1,"""Product Information. Eliquis (apixaban)."" Bristol-Myers Squibb Canada Inc, Montreal, IN.",https://ddinter.scbdd.com/ddinter/interact/975432/,2026-09-09T17:07:47+00:00
975432,2,"Cerner Multum, Inc. ""UK Summary of Product Characteristics."" O 0",https://ddinter.scbdd.com/ddinter/interact/975432/,2026-09-09T17:07:47+00:00
975432,3,"""Product Information. Sporanox (itraconazole)."" Janssen Pharmaceutica, Titusville, NJ.",https://ddinter.scbdd.com/ddinter/interact/975432/,2026-09-09T17:07:47+00:00
975433,1,"""Product Information. Xarelto (rivaroxaban)."" Bayer Inc, Toronto, IA.",https://ddinter.scbdd.com/ddinter/interact/975433/,2026-09-09T17:07:39+00:00
975458,1,"""Product Information. Eliquis (apixaban)."" Bristol-Myers Squibb Canada Inc, Montreal, IN.",https://ddinter.scbdd.com/ddinter/interact/975458/,2026-09-09T17:07:36+00:00
975458,2,"Cerner Multum, Inc. ""UK Summary of Product Characteristics."" O 0",https://ddinter.scbdd.com/ddinter/interact/975458/,2026-09-09T17:07:36+00:00
975468,1,"""Product Information. Eliquis (apixaban)."" Bristol-Myers Squibb Canada Inc, Montreal, IN.",https://ddinter.scbdd.com/ddinter/interact/975468/,2026-09-09T17:07:40+00:00
975468,2,"Cerner Multum, Inc. ""UK Summary of Product Characteristics."" O 0",https://ddinter.scbdd.com/ddinter/interact/975468/,2026-09-09T17:07:40+00:00
975476,1,"Cerner Multum, Inc. ""UK Summary of Product Characteristics."" O 0",https://ddinter.scbdd.com/ddinter/interact/975476/,2026-09-09T17:07:40+00:00
975476,2,"""Product Information. Eliquis (apixaban)."" Bristol-Myers Squibb Canada Inc, Montreal, IN.",https://ddinter.scbdd.com/ddinter/interact/975476/,2026-09-09T17:07:40+00:00
975476,3,"Guo LQ, Yamazoe Y ""Inhibition of cytochrome P450 by furanocoumarins in grapefruit juice and herbal medicines."" Acta Pharmacol Sin 25 (2004): 129-36",https://ddinter.scbdd.com/ddinter/interact/975476/,2026-09-09T17:07:40+00:00
975496,1,"Bannister SJ, Houser VP, Hulse JD, Kisicki JC, Rasmussen JG ""Evaluation of the potential for interactions of paroxetine with diazepam, cimetidine, warfarin, and digoxin."" Acta Psychiatr Scand Suppl 350 (1989): 102-6",https://ddinter.scbdd.com/ddinter/interact/975496/,2026-09-09T17:07:47+00:00
975496,2,"Skop BP, Brown TM ""Potential vascular and bleeding complications of treatment with selective serotonin reuptake inhibitors."" Psychosomatics 37 (1996): 12-6",https://ddinter.scbdd.com/ddinter/interact/975496/,2026-09-09T17:07:47+00:00
975496,3,"Settle EC ""Antidepressant drugs: disturbing and potentially dangerous adverse effects."" J Clin Psychiatry 59 Suppl 16 (1998): 25-30",https://ddinter.scbdd.com/ddinter/interact/975496/,2026-09-09T17:07:47+00:00
975505,1,"Cerner Multum, Inc. ""UK Summary of Product Characteristics."" O 0",https://ddinter.scbdd.com/ddinter/interact/975505/,2026-09-09T17:07:46+00:00
975505,2,"""Product Information. Eliquis (apixaban)."" Bristol-Myers Squibb Canada Inc, Montreal, IN.",https://ddinter.scbdd.com/ddinter/interact/975505/,2026-09-09T17:07:46+00:00
975505,3,"Guo LQ, Yamazoe Y ""Inhibition of cytochrome P450 by furanocoumarins in grapefruit juice and herbal medicines."" Acta Pharmacol Sin 25 (2004): 129-36",https://ddinter.scbdd.com/ddinter/interact/975505/,2026-09-09T17:07:46+00:00
977549,1,"Goodnick PJ, Jerry J, Parra F ""Psychotropic drugs and the ECG: focus on the QTc interval."" Expert Opin Pharmacother 3 (2002): 479-98",https://ddinter.scbdd.com/ddinter/interact/977549/,2026-09-09T17:07:46+00:00
977549,2,"Cerner Multum, Inc. ""Australian Product Information."" O 0",https://ddinter.scbdd.com/ddinter/interact/977549/,2026-09-09T17:07:46+00:00
977549,3,"""Product Information. Abilify (aripiprazole)."" Bristol-Myers Squibb, Princeton, NJ.",https://ddinter.scbdd.com/ddinter/interact/977549/,2026-09-09T17:07:46+00:00
977562,1,"""Product Information. Seroquel (quetiapine)."" Zeneca Pharmaceuticals, Wilmington, DE.",https://ddinter.scbdd.com/ddinter/interact/977562/,2026-09-09T17:07:58+00:00
977562,2,"""Product Information. Rexulti (brexpiprazole)."" Otsuka American Pharmaceuticals Inc, Rockville, MD.",https://ddinter.scbdd.com/ddinter/interact/977562/,2026-09-09T17:07:58+00:00
977562,3,"""Product Information. Clozaril (clozapine)."" Novartis Pharmaceuticals, East Hanover, NJ.",https://ddinter.scbdd.com/ddinter/interact/977562/,2026-09-09T17:07:58+00:00
977585,1,"""Product Information. Abilify (aripiprazole)."" Bristol-Myers Squibb, Princeton, NJ.",https://ddinter.scbdd.com/ddinter/interact/977585/,2026-09-09T19:03:38+00:00
977585,2,"Garg SK, Kumar N, Bhargava VK, Prabhakar SK ""Effect of grapefruit juice on carbamazepine bioavailability in patients with epilepsy."" Clin Pharmacol Ther 64 (1998): 286-8",https://ddinter.scbdd.com/ddinter/interact/977585/,2026-09-09T19:03:38+00:00
977585,3,"""Product Information. Tegretol (carbamazepine)."" Novartis Pharmaceuticals, East Hanover, NJ.",https://ddinter.scbdd.com/ddinter/interact/977585/,2026-09-09T19:03:38+00:00
977591,1,"""Product Information. Seroquel (quetiapine)."" Zeneca Pharmaceuticals, Wilmington, DE.",https://ddinter.scbdd.com/ddinter/interact/977591/,2026-09-09T19:03:40+00:00
977591,2,"""Product Information. Rexulti (brexpiprazole)."" Otsuka American Pharmaceuticals Inc, Rockville, MD.",https://ddinter.scbdd.com/ddinter/interact/977591/,2026-09-09T19:03:40+00:00
977591,3,"""Product Information. Clozaril (clozapine)."" Novartis Pharmaceuticals, East Hanover, NJ.",https://ddinter.scbdd.com/ddinter/interact/977591/,2026-09-09T19:03:40+00:00
977610,1,"""Product Information. Abilify (aripiprazole)."" Bristol-Myers Squibb, Princeton, NJ.",https://ddinter.scbdd.com/ddinter/interact/977610/,2026-09-09T19:03:29+00:00
977610,2,"""Product Information. Fycompa (perampanel)."" Eisai Inc, Teaneck, NJ.",https://ddinter.scbdd.com/ddinter/interact/977610/,2026-09-09T19:03:29+00:00
977610,3,"Gilman AG, Rall TW, Nies AS, Taylor P, eds. ""Goodman and Gilman's the Pharmacological Basis of Therapeutics. 8th ed."" New York, NY: Pergamon Press Inc. (1990):",https://ddinter.scbdd.com/ddinter/interact/977610/,2026-09-09T19:03:29+00:00
977613,1,"""Product Information. Abilify (aripiprazole)."" Bristol-Myers Squibb, Princeton, NJ.",https://ddinter.scbdd.com/ddinter/interact/977613/,2026-09-09T19:03:49+00:00
977613,2,"Wohlt PD, Zheng L, Gunderson S, Balzar SA, Johnson BD, Fish JT ""Recommendations for the use of medications with continuous enteral nutrition."" Am J Health Syst Pharm 66 (2009): 1438-67",https://ddinter.scbdd.com/ddinter/interact/977613/,2026-09-09T19:03:49+00:00
977613,3,"""Product Information. VFEND (voriconazole)."" Pfizer U.S. Pharmaceuticals, New York, NY.",https://ddinter.scbdd.com/ddinter/interact/977613/,2026-09-09T19:03:49+00:00
977631,1,"""Product Information. Abilify (aripiprazole)."" Bristol-Myers Squibb, Princeton, NJ.",https://ddinter.scbdd.com/ddinter/interact/977631/,2026-09-09T19:03:33+00:00
977631,2,"""Product Information. Fycompa (perampanel)."" Eisai Inc, Teaneck, NJ.",https://ddinter.scbdd.com/ddinter/interact/977631/,2026-09-09T19:03:33+00:00
977631,3,"Gilman AG, Rall TW, Nies AS, Taylor P, eds. ""Goodman and Gilman's the Pharmacological Basis of Therapeutics. 8th ed."" New York, NY: Pergamon Press Inc. (1990):",https://ddinter.scbdd.com/ddinter/interact/977631/,2026-09-09T19:03:33+00:00
977637,1,"Jori A, Carrara MC ""On the mechanism of the hyperglycaemic effect of chlorpromazine."" J Pharm Pharmacol 18 (1966): 623-4",https://ddinter.scbdd.com/ddinter/interact/977637,2026-09-09T18:42:07+00:00
977637,2,"""Product Information. Dymelor (acetohexamide)"" Lilly, Eli and Company, Indianapolis, IN.",https://ddinter.scbdd.com/ddinter/interact/977637,2026-09-09T18:42:07+00:00
977637,3,"""Product Information. Thorazine (chlorpromazine)."" SmithKline Beecham, Philadelphia, PA.",https://ddinter.scbdd.com/ddinter/interact/977637,2026-09-09T18:42:07+00:00
977651,1,"""Product Information. Abilify (aripiprazole)."" Bristol-Myers Squibb, Princeton, NJ.",https://ddinter.scbdd.com/ddinter/interact/977651/,2026-09-09T19:03:35+00:00
977651,2,"Warrington SJ, Ankier SI, Turner P ""Evaluation of possible interactions between ethanol and trazodone or amitriptyline."" Neuropsychobiology 15 (1986): 31-7",https://ddinter.scbdd.com/ddinter/interact/977651/,2026-09-09T19:03:35+00:00
977664,1,"""Product Information. Belsomra (suvorexant)."" Merck & Company Inc, Whitehouse Station, NJ.",https://ddinter.scbdd.com/ddinter/interact/977664/,2026-09-09T19:03:51+00:00
977664,2,"Divoll M, Greenblatt DJ, Lacasse Y, Shader RI ""Benzodiazepine overdosage: plasma concentrations and clinical outcome."" Psychopharmacology (Berl) 73 (1981): 381-3",https://ddinter.scbdd.com/ddinter/interact/977664/,2026-09-09T19:03:51+00:00
977664,3,"Grabowski BS, Cady WJ, Young WW, Emery JF ""Effects of acute alcohol administration on propranolol absorption."" Int J Clin Pharmacol Ther Toxicol 18 (1980): 317-9",https://ddinter.scbdd.com/ddinter/interact/977664/,2026-09-09T19:03:51+00:00
977679,1,"""Product Information. Abilify (aripiprazole)."" Bristol-Myers Squibb, Princeton, NJ.",https://ddinter.scbdd.com/ddinter/interact/977679/,2026-09-09T19:04:00+00:00
977679,2,"""Product Information. Fycompa (perampanel)."" Eisai Inc, Teaneck, NJ.",https://ddinter.scbdd.com/ddinter/interact/977679/,2026-09-09T19:04:00+00:00
977679,3,"Gilman AG, Rall TW, Nies AS, Taylor P, eds. ""Goodman and Gilman's the Pharmacological Basis of Therapeutics. 8th ed."" New York, NY: Pergamon Press Inc. (1990):",https://ddinter.scbdd.com/ddinter/interact/977679/,2026-09-09T19:04:00+00:00
977687,1,"Jori A, Carrara MC ""On the mechanism of the hyperglycaemic effect of chlorpromazine."" J Pharm Pharmacol 18 (1966): 623-4",https://ddinter.scbdd.com/ddinter/interact/977687,2026-09-09T18:42:07+00:00
977687,2,"""Product Information. Dymelor (acetohexamide)"" Lilly, Eli and Company, Indianapolis, IN.",https://ddinter.scbdd.com/ddinter/interact/977687,2026-09-09T18:42:07+00:00
977687,3,"""Product Information. Thorazine (chlorpromazine)."" SmithKline Beecham, Philadelphia, PA.",https://ddinter.scbdd.com/ddinter/interact/977687,2026-09-09T18:42:07+00:00
977688,1,"""Product Information. Seroquel (quetiapine)."" Zeneca Pharmaceuticals, Wilmington, DE.",https://ddinter.scbdd.com/ddinter/interact/977688/,2026-09-09T19:03:53+00:00
977688,2,"""Product Information. Rexulti (brexpiprazole)."" Otsuka American Pharmaceuticals Inc, Rockville, MD.",https://ddinter.scbdd.com/ddinter/interact/977688/,2026-09-09T19:03:53+00:00
977688,3,"""Product Information. Clozaril (clozapine)."" Novartis Pharmaceuticals, East Hanover, NJ.",https://ddinter.scbdd.com/ddinter/interact/977688/,2026-09-09T19:03:53+00:00
977699,1,"""Product Information. Abilify (aripiprazole)."" Bristol-Myers Squibb, Princeton, NJ.",https://ddinter.scbdd.com/ddinter/interact/977699/,2026-09-09T17:07:58+00:00
977699,2,"""Product Information. Fycompa (perampanel)."" Eisai Inc, Teaneck, NJ.",https://ddinter.scbdd.com/ddinter/interact/977699/,2026-09-09T17:07:58+00:00
977699,3,"Gilman AG, Rall TW, Nies AS, Taylor P, eds. ""Goodman and Gilman's the Pharmacological Basis of Therapeutics. 8th ed."" New York, NY: Pergamon Press Inc. (1990):",https://ddinter.scbdd.com/ddinter/interact/977699/,2026-09-09T17:07:58+00:00
977722,1,"""Product Information. Abilify (aripiprazole)."" Bristol-Myers Squibb, Princeton, NJ.",https://ddinter.scbdd.com/ddinter/interact/977722/,2026-09-09T19:03:56+00:00
977722,2,"""Product Information. Fycompa (perampanel)."" Eisai Inc, Teaneck, NJ.",https://ddinter.scbdd.com/ddinter/interact/977722/,2026-09-09T19:03:56+00:00
977722,3,"Gilman AG, Rall TW, Nies AS, Taylor P, eds. ""Goodman and Gilman's the Pharmacological Basis of Therapeutics. 8th ed."" New York, NY: Pergamon Press Inc. (1990):",https://ddinter.scbdd.com/ddinter/interact/977722/,2026-09-09T19:03:56+00:00
977723,1,"""Product Information. Abilify (aripiprazole)."" Bristol-Myers Squibb, Princeton, NJ.",https://ddinter.scbdd.com/ddinter/interact/977723,2026-09-09T18:42:07+00:00
977723,2,"Ace LN, Jaffe JM, Kunka RL ""Effect of food and an antacid on quinidine bioavailability."" Biopharm Drug Dispos 4 (1983): 183-90",https://ddinter.scbdd.com/ddinter/interact/977723,2026-09-09T18:42:07+00:00
977723,3,"Min DI, Ku YM, Geraets DR, Lee HC ""Effect of grapefruit juice on the pharmacokinetics and pharmacodynamics of quinidine in healthy volunteers."" J Clin Pharmacol 36 (1996): 469-76",https://ddinter.scbdd.com/ddinter/interact/977723,2026-09-09T18:42:07+00:00
977731,1,"Jori A, Carrara MC ""On the mechanism of the hyperglycaemic effect of chlorpromazine."" J Pharm Pharmacol 18 (1966): 623-4",https://ddinter.scbdd.com/ddinter/interact/977731,2026-09-09T18:42:07+00:00
977731,2,"""Product Information. Dymelor (acetohexamide)"" Lilly, Eli and Company, Indianapolis, IN.",https://ddinter.scbdd.com/ddinter/interact/977731,2026-09-09T18:42:07+00:00
977731,3,"""Product Information. Thorazine (chlorpromazine)."" SmithKline Beecham, Philadelphia, PA.",https://ddinter.scbdd.com/ddinter/interact/977731,2026-09-09T18:42:07+00:00
977798,1,"""Product Information. Abilify (aripiprazole)."" Bristol-Myers Squibb, Princeton, NJ.",https://ddinter.scbdd.com/ddinter/interact/977798/,2026-09-09T17:08:01+00:00
977798,2,"Wohlt PD, Zheng L, Gunderson S, Balzar SA, Johnson BD, Fish JT ""Recommendations for the use of medications with continuous enteral nutrition."" Am J Health Syst Pharm 66 (2009): 1438-67",https://ddinter.scbdd.com/ddinter/interact/977798/,2026-09-09T17:08:01+00:00
977798,3,"""Product Information. VFEND (voriconazole)."" Pfizer U.S. Pharmaceuticals, New York, NY.",https://ddinter.scbdd.com/ddinter/interact/977798/,2026-09-09T17:08:01+00:00
977805,1,"""Product Information. Belsomra (suvorexant)."" Merck & Company Inc, Whitehouse Station, NJ.",https://ddinter.scbdd.com/ddinter/interact/977805/,2026-09-09T19:03:58+00:00
977805,2,"Divoll M, Greenblatt DJ, Lacasse Y, Shader RI ""Benzodiazepine overdosage: plasma concentrations and clinical outcome."" Psychopharmacology (Berl) 73 (1981): 381-3",https://ddinter.scbdd.com/ddinter/interact/977805/,2026-09-09T19:03:58+00:00
977805,3,"Grabowski BS, Cady WJ, Young WW, Emery JF ""Effects of acute alcohol administration on propranolol absorption."" Int J Clin Pharmacol Ther Toxicol 18 (1980): 317-9",https://ddinter.scbdd.com/ddinter/interact/977805/,2026-09-09T19:03:58+00:00
977820,1,"Goodnick PJ, Jerry J, Parra F ""Psychotropic drugs and the ECG: focus on the QTc interval."" Expert Opin Pharmacother 3 (2002): 479-98",https://ddinter.scbdd.com/ddinter/interact/977820/,2026-09-09T17:08:02+00:00
977820,2,"Cerner Multum, Inc. ""Australian Product Information."" O 0",https://ddinter.scbdd.com/ddinter/interact/977820/,2026-09-09T17:08:02+00:00
977820,3,"""Product Information. Abilify (aripiprazole)."" Bristol-Myers Squibb, Princeton, NJ.",https://ddinter.scbdd.com/ddinter/interact/977820/,2026-09-09T17:08:02+00:00
977838,1,"""Product Information. Seroquel (quetiapine)."" Zeneca Pharmaceuticals, Wilmington, DE.",https://ddinter.scbdd.com/ddinter/interact/977838/,2026-09-09T19:04:04+00:00
977838,2,"""Product Information. Rexulti (brexpiprazole)."" Otsuka American Pharmaceuticals Inc, Rockville, MD.",https://ddinter.scbdd.com/ddinter/interact/977838/,2026-09-09T19:04:04+00:00
977838,3,"""Product Information. Clozaril (clozapine)."" Novartis Pharmaceuticals, East Hanover, NJ.",https://ddinter.scbdd.com/ddinter/interact/977838/,2026-09-09T19:04:04+00:00
977866,1,"Kounas SP, Letsas KP, Sideris A, Efraimidis M, Kardaras F ""QT interval prolongation and torsades de pointes due to a coadministration of metronidazole and amiodarone."" Pacing Clin Electrophysiol 28 (2005): 472-3",https://ddinter.scbdd.com/ddinter/interact/977866/,2026-09-09T19:04:06+00:00
977866,2,"Giannini AJ, DeFrance DT ""Metronidazole and alcohol: potential for combinative abuse."" J Toxicol Clin Toxicol 20 (1983): 509-15",https://ddinter.scbdd.com/ddinter/interact/977866/,2026-09-09T19:04:06+00:00
977866,3,"""Product Information. Benznidazole (benznidazole)."" Everett Laboratories Inc, West Orange, NJ.",https://ddinter.scbdd.com/ddinter/interact/977866/,2026-09-09T19:04:06+00:00
977903,1,"Kulik AV, Wilbur R ""Delirium and stereotypy from anticholinergic antiparkinson drugs."" Prog Neuropsychopharmacol Biol Psychiatry 6 (1982): 75-82",https://ddinter.scbdd.com/ddinter/interact/977903,2026-09-09T18:42:07+00:00
977903,2,"Mann SC, Boger WP ""Psychotropic drugs, summer heat and humidity, and hyperplexia: a danger restated."" Am J Psychiatry 135 (1978): 1097-100",https://ddinter.scbdd.com/ddinter/interact/977903,2026-09-09T18:42:07+00:00
977903,3,"Warnes H, Lehmann HE, Ban TA ""Adynamic ileus during psychoactive medication: a report of three fatal and five severe cases."" Can Med Assoc J 96 (1967): 1112-3",https://ddinter.scbdd.com/ddinter/interact/977903,2026-09-09T18:42:07+00:00
977950,1,"""Product Information. Abilify (aripiprazole)."" Bristol-Myers Squibb, Princeton, NJ.",https://ddinter.scbdd.com/ddinter/interact/977950/,2026-09-09T19:04:12+00:00
977950,2,"Warrington SJ, Ankier SI, Turner P ""Evaluation of possible interactions between ethanol and trazodone or amitriptyline."" Neuropsychobiology 15 (1986): 31-7",https://ddinter.scbdd.com/ddinter/interact/977950/,2026-09-09T19:04:12+00:00
977983,1,"Kulik AV, Wilbur R ""Delirium and stereotypy from anticholinergic antiparkinson drugs."" Prog Neuropsychopharmacol Biol Psychiatry 6 (1982): 75-82",https://ddinter.scbdd.com/ddinter/interact/977983,2026-09-09T18:42:07+00:00
977983,2,"Mann SC, Boger WP ""Psychotropic drugs, summer heat and humidity, and hyperplexia: a danger restated."" Am J Psychiatry 135 (1978): 1097-100",https://ddinter.scbdd.com/ddinter/interact/977983,2026-09-09T18:42:07+00:00
977983,3,"Warnes H, Lehmann HE, Ban TA ""Adynamic ileus during psychoactive medication: a report of three fatal and five severe cases."" Can Med Assoc J 96 (1967): 1112-3",https://ddinter.scbdd.com/ddinter/interact/977983,2026-09-09T18:42:07+00:00
977988,1,"""Product Information. Seroquel (quetiapine)."" Zeneca Pharmaceuticals, Wilmington, DE.",https://ddinter.scbdd.com/ddinter/interact/977988/,2026-09-09T19:04:18+00:00
977988,2,"""Product Information. Rexulti (brexpiprazole)."" Otsuka American Pharmaceuticals Inc, Rockville, MD.",https://ddinter.scbdd.com/ddinter/interact/977988/,2026-09-09T19:04:18+00:00
977988,3,"""Product Information. Clozaril (clozapine)."" Novartis Pharmaceuticals, East Hanover, NJ.",https://ddinter.scbdd.com/ddinter/interact/977988/,2026-09-09T19:04:18+00:00
977998,1,"""Product Information. Abilify (aripiprazole)."" Bristol-Myers Squibb, Princeton, NJ.",https://ddinter.scbdd.com/ddinter/interact/977998/,2026-09-09T19:04:09+00:00
977998,2,"Warrington SJ, Ankier SI, Turner P ""Evaluation of possible interactions between ethanol and trazodone or amitriptyline."" Neuropsychobiology 15 (1986): 31-7",https://ddinter.scbdd.com/ddinter/interact/977998/,2026-09-09T19:04:09+00:00
978001,1,"Kulik AV, Wilbur R ""Delirium and stereotypy from anticholinergic antiparkinson drugs."" Prog Neuropsychopharmacol Biol Psychiatry 6 (1982): 75-82",https://ddinter.scbdd.com/ddinter/interact/978001,2026-09-09T18:42:07+00:00
978001,2,"Mann SC, Boger WP ""Psychotropic drugs, summer heat and humidity, and hyperplexia: a danger restated."" Am J Psychiatry 135 (1978): 1097-100",https://ddinter.scbdd.com/ddinter/interact/978001,2026-09-09T18:42:07+00:00
978001,3,"Warnes H, Lehmann HE, Ban TA ""Adynamic ileus during psychoactive medication: a report of three fatal and five severe cases."" Can Med Assoc J 96 (1967): 1112-3",https://ddinter.scbdd.com/ddinter/interact/978001,2026-09-09T18:42:07+00:00
978003,1,"""Product Information. Abilify (aripiprazole)."" Bristol-Myers Squibb, Princeton, NJ.",https://ddinter.scbdd.com/ddinter/interact/978003/,2026-09-09T17:08:16+00:00
978003,2,"Wohlt PD, Zheng L, Gunderson S, Balzar SA, Johnson BD, Fish JT ""Recommendations for the use of medications with continuous enteral nutrition."" Am J Health Syst Pharm 66 (2009): 1438-67",https://ddinter.scbdd.com/ddinter/interact/978003/,2026-09-09T17:08:16+00:00
978003,3,"""Product Information. VFEND (voriconazole)."" Pfizer U.S. Pharmaceuticals, New York, NY.",https://ddinter.scbdd.com/ddinter/interact/978003/,2026-09-09T17:08:16+00:00
978033,1,"""Product Information. Seroquel (quetiapine)."" Zeneca Pharmaceuticals, Wilmington, DE.",https://ddinter.scbdd.com/ddinter/interact/978033/,2026-09-09T19:04:07+00:00
978033,2,"""Product Information. Rexulti (brexpiprazole)."" Otsuka American Pharmaceuticals Inc, Rockville, MD.",https://ddinter.scbdd.com/ddinter/interact/978033/,2026-09-09T19:04:07+00:00
978033,3,"""Product Information. Clozaril (clozapine)."" Novartis Pharmaceuticals, East Hanover, NJ.",https://ddinter.scbdd.com/ddinter/interact/978033/,2026-09-09T19:04:07+00:00
978042,1,"""Product Information. Prograf (tacrolimus)."" Fujisawa, Deerfield, IL.",https://ddinter.scbdd.com/ddinter/interact/978042/,2026-09-09T19:04:20+00:00
978042,2,"""Product Information. Rapamune (sirolimus)"" Wyeth-Ayerst Laboratories, Philadelphia, PA.",https://ddinter.scbdd.com/ddinter/interact/978042/,2026-09-09T19:04:20+00:00
978042,3,"Warrington SJ, Ankier SI, Turner P ""Evaluation of possible interactions between ethanol and trazodone or amitriptyline."" Neuropsychobiology 15 (1986): 31-7",https://ddinter.scbdd.com/ddinter/interact/978042/,2026-09-09T19:04:20+00:00
978066,1,"""Product Information. Abilify (aripiprazole)."" Bristol-Myers Squibb, Princeton, NJ.",https://ddinter.scbdd.com/ddinter/interact/978066/,2026-09-09T17:08:19+00:00
978066,2,"""Product Information. Fycompa (perampanel)."" Eisai Inc, Teaneck, NJ.",https://ddinter.scbdd.com/ddinter/interact/978066/,2026-09-09T17:08:19+00:00
978066,3,"Gilman AG, Rall TW, Nies AS, Taylor P, eds. ""Goodman and Gilman's the Pharmacological Basis of Therapeutics. 8th ed."" New York, NY: Pergamon Press Inc. (1990):",https://ddinter.scbdd.com/ddinter/interact/978066/,2026-09-09T17:08:19+00:00
978104,1,"""Product Information. Seroquel (quetiapine)."" Zeneca Pharmaceuticals, Wilmington, DE.",https://ddinter.scbdd.com/ddinter/interact/978104/,2026-09-09T19:04:22+00:00
978104,2,"""Product Information. Rexulti (brexpiprazole)."" Otsuka American Pharmaceuticals Inc, Rockville, MD.",https://ddinter.scbdd.com/ddinter/interact/978104/,2026-09-09T19:04:22+00:00
978104,3,"""Product Information. Clozaril (clozapine)."" Novartis Pharmaceuticals, East Hanover, NJ.",https://ddinter.scbdd.com/ddinter/interact/978104/,2026-09-09T19:04:22+00:00
978109,1,"""Product Information. Belsomra (suvorexant)."" Merck & Company Inc, Whitehouse Station, NJ.",https://ddinter.scbdd.com/ddinter/interact/978109/,2026-09-09T19:04:02+00:00
978109,2,"Divoll M, Greenblatt DJ, Lacasse Y, Shader RI ""Benzodiazepine overdosage: plasma concentrations and clinical outcome."" Psychopharmacology (Berl) 73 (1981): 381-3",https://ddinter.scbdd.com/ddinter/interact/978109/,2026-09-09T19:04:02+00:00
978109,3,"Grabowski BS, Cady WJ, Young WW, Emery JF ""Effects of acute alcohol administration on propranolol absorption."" Int J Clin Pharmacol Ther Toxicol 18 (1980): 317-9",https://ddinter.scbdd.com/ddinter/interact/978109/,2026-09-09T19:04:02+00:00
981125,1,"Keber I, Jerse M, Keber D, Stegnar M ""The influence of combined treatment with propranolol and acetylsalicylic acid on platelet aggregation in coronary heart disease."" Br J Clin Pharmacol 7 (1979): 287-91",https://ddinter.scbdd.com/ddinter/interact/981125,2026-09-09T18:42:08+00:00
981125,2,"Zanchetti A, Hansson L, Leonetti G, et al. ""Low-dose aspirin does not interfere with the blood pressure-lowering effects of antihypertensive therapy."" J Hypertens 20 (2002): 1015-1022",https://ddinter.scbdd.com/ddinter/interact/981125,2026-09-09T18:42:08+00:00
981125,3,"Sziegoleit W, Rausch J, Polak G, et al ""Influence of acetylsalicylic acid on acute circulatory effects of the beta-blocking agents pindolol and propranolol in humans."" Int J Clin Pharmacol Ther Toxicol 20 (1982): 423-30",https://ddinter.scbdd.com/ddinter/interact/981125,2026-09-09T18:42:08+00:00
981140,1,"Keber I, Jerse M, Keber D, Stegnar M ""The influence of combined treatment with propranolol and acetylsalicylic acid on platelet aggregation in coronary heart disease."" Br J Clin Pharmacol 7 (1979): 287-91",https://ddinter.scbdd.com/ddinter/interact/981140,2026-09-09T18:42:07+00:00
981140,2,"Zanchetti A, Hansson L, Leonetti G, et al. ""Low-dose aspirin does not interfere with the blood pressure-lowering effects of antihypertensive therapy."" J Hypertens 20 (2002): 1015-1022",https://ddinter.scbdd.com/ddinter/interact/981140,2026-09-09T18:42:07+00:00
981140,3,"Sziegoleit W, Rausch J, Polak G, et al ""Influence of acetylsalicylic acid on acute circulatory effects of the beta-blocking agents pindolol and propranolol in humans."" Int J Clin Pharmacol Ther Toxicol 20 (1982): 423-30",https://ddinter.scbdd.com/ddinter/interact/981140,2026-09-09T18:42:07+00:00
981147,1,"""Product Information. Factive (gemifloxacin)."" GeneSoft Inc, San Francisco, CA.",https://ddinter.scbdd.com/ddinter/interact/981147/,2026-09-09T19:04:13+00:00
981147,2,"""Product Information. Avelox (moxifloxacin)"" Bayer, West Haven, CT.",https://ddinter.scbdd.com/ddinter/interact/981147/,2026-09-09T19:04:13+00:00
981147,3,"Davey PG ""Overview of drug interactions with the quinolones."" J Antimicrob Chemother 22(suppl c) (1988): 97-107",https://ddinter.scbdd.com/ddinter/interact/981147/,2026-09-09T19:04:13+00:00
981151,1,"Klinkhardt U, Kirchmaier CM, Westrup D, Graff J, Mahnel R, Breddin HK, Harder S ""Ex vivo-in vitro interaction between aspirin, clopidogrel, and the glycoprotein IIb/IIIa inhibitors abciximab and SR121566A."" Clin Pharmacol Ther 67 (2000): 305-13",https://ddinter.scbdd.com/ddinter/interact/981151/,2026-09-09T19:04:16+00:00
981151,2,"""Product Information. Plavix (clopidogrel)."" Bristol-Myers Squibb, Princeton, NJ.",https://ddinter.scbdd.com/ddinter/interact/981151/,2026-09-09T19:04:16+00:00
981154,1,"Sesin GP, O'Keefe E, Roberto P ""Sulindac-induced elevation of serum cyclosporine concentration."" Clin Pharm 8 (1989): 445-6",https://ddinter.scbdd.com/ddinter/interact/981154/,2026-09-09T19:04:31+00:00
981154,2,"""Product Information. Arthrotec (diclofenac-misoprostol)."" Searle, Skokie, IL.",https://ddinter.scbdd.com/ddinter/interact/981154/,2026-09-09T19:04:31+00:00
981154,3,"Deray G, Le Hoang P, Aupetit B, Achour A, Rottembourg J, Baumelou A ""Enhancement of cyclosporine A nephrotoxicity by diclofenac."" Clin Nephrol 27 (1987): 213-4",https://ddinter.scbdd.com/ddinter/interact/981154/,2026-09-09T19:04:31+00:00
981166,1,"Piper JM, Ray WA, Daugherty JR, Griffin MR ""Corticosteroid use and peptic ulcer disease: role of nonsteroidal ani-inflammatory drugs."" Ann Intern Med 114 (1991): 735-40",https://ddinter.scbdd.com/ddinter/interact/981166/,2026-09-09T19:04:24+00:00
981166,2,"Hansen RA, Tu W, Wang J, Ambuehl R, McDonald CJ, Murray MD ""Risk of adverse gastrointestinal events from inhaled corticosteroids."" Pharmacotherapy 28 (2008): 1325-34",https://ddinter.scbdd.com/ddinter/interact/981166/,2026-09-09T19:04:24+00:00
981166,3,"Koren G, Roifman C, Gelfand E, Lavi S, Suria D, Stein L ""Corticosteroids-salicylate interaction in a case of juvenile rheumatoid arthritis."" Ther Drug Monit 9 (1987): 177-9",https://ddinter.scbdd.com/ddinter/interact/981166/,2026-09-09T19:04:24+00:00
981175,1,"Rodin SM, Johnson BF ""Pharmacokinetic interactions with digoxin."" Clin Pharmacokinet 15 (1988): 227-44",https://ddinter.scbdd.com/ddinter/interact/981175/,2026-09-09T19:04:28+00:00
981175,2,"Jorgensen HS, Christensen HR, Kampmann JP ""Interaction between digoxin and indomethacin or ibuprofen."" Br J Clin Pharmacol 31 (1991): 108-10",https://ddinter.scbdd.com/ddinter/interact/981175/,2026-09-09T19:04:28+00:00
981175,3,"Finch MB, Johnston GD, Kelly JG, McDevitt DG ""Pharmacokinetics of digoxin alone and in the presence of indomethacin therapy."" Br J Clin Pharmacol 17 (1984): 353-5",https://ddinter.scbdd.com/ddinter/interact/981175/,2026-09-09T19:04:28+00:00
981177,1,"Farrell K, Orr JM, Abbott FS, et al ""The effect of acetylsalicylic acid on serum free valproate concentrations and valproate clearance in children."" J Pediatr 101 (1982): 142-4",https://ddinter.scbdd.com/ddinter/interact/981177/,2026-09-09T19:04:33+00:00
981177,2,"Orr JM, Abbott FS, Farrell K, Ferguson S, Sheppard I, Godolphin W ""Interaction between valproic acid and aspirin in epileptic children: serum protein binding and metabolic effects."" Clin Pharmacol Ther 31 (1982): 642-9",https://ddinter.scbdd.com/ddinter/interact/981177/,2026-09-09T19:04:33+00:00
981177,3,"Dasgupta A, Jacques M ""Reduced in vitro displacement of valproic acid from protein binding by salicylate in uremic sera compared with normal sera - role of uremic compounds."" Am J Clin Pathol 101 (1994): 349-53",https://ddinter.scbdd.com/ddinter/interact/981177/,2026-09-09T19:04:33+00:00
981184,1,"Bannister SJ, Houser VP, Hulse JD, Kisicki JC, Rasmussen JG ""Evaluation of the potential for interactions of paroxetine with diazepam, cimetidine, warfarin, and digoxin."" Acta Psychiatr Scand Suppl 350 (1989): 102-6",https://ddinter.scbdd.com/ddinter/interact/981184/,2026-09-09T19:04:26+00:00
981184,2,"Skop BP, Brown TM ""Potential vascular and bleeding complications of treatment with selective serotonin reuptake inhibitors."" Psychosomatics 37 (1996): 12-6",https://ddinter.scbdd.com/ddinter/interact/981184/,2026-09-09T19:04:26+00:00
981184,3,"Settle EC ""Antidepressant drugs: disturbing and potentially dangerous adverse effects."" J Clin Psychiatry 59 Suppl 16 (1998): 25-30",https://ddinter.scbdd.com/ddinter/interact/981184/,2026-09-09T19:04:26+00:00
981187,1,"Silberbauer K, Stanek B, Templ H ""Acute hypotensive effect of captopril in man modified by prostaglandin synthesis inhibition."" Br J Clin Pharmacol 14 (1982): s87-93",https://ddinter.scbdd.com/ddinter/interact/981187/,2026-09-09T19:58:52+00:00
981187,2,"The Heart Outcomes Prevention Evaluation Study Investigators ""Effects of an angiotensin-converting-enzyme inhibitor, ramipril, on cardiovascular events in high-risk patients."" N Engl J Med 342 (2000): 145-53",https://ddinter.scbdd.com/ddinter/interact/981187/,2026-09-09T19:58:52+00:00
981187,3,"Nawarskas JJ, Spinler SA ""Update on the interaction between aspirin and angiotensin-converting enzyme inhibitors."" Pharmacotherapy 20 (2000): 698-710",https://ddinter.scbdd.com/ddinter/interact/981187/,2026-09-09T19:58:52+00:00
981194,1,"Bannister SJ, Houser VP, Hulse JD, Kisicki JC, Rasmussen JG ""Evaluation of the potential for interactions of paroxetine with diazepam, cimetidine, warfarin, and digoxin."" Acta Psychiatr Scand Suppl 350 (1989): 102-6",https://ddinter.scbdd.com/ddinter/interact/981194/,2026-09-09T17:08:47+00:00
981194,2,"Skop BP, Brown TM ""Potential vascular and bleeding complications of treatment with selective serotonin reuptake inhibitors."" Psychosomatics 37 (1996): 12-6",https://ddinter.scbdd.com/ddinter/interact/981194/,2026-09-09T17:08:47+00:00
981194,3,"Settle EC ""Antidepressant drugs: disturbing and potentially dangerous adverse effects."" J Clin Psychiatry 59 Suppl 16 (1998): 25-30",https://ddinter.scbdd.com/ddinter/interact/981194/,2026-09-09T17:08:47+00:00
981205,1,"Bannister SJ, Houser VP, Hulse JD, Kisicki JC, Rasmussen JG ""Evaluation of the potential for interactions of paroxetine with diazepam, cimetidine, warfarin, and digoxin."" Acta Psychiatr Scand Suppl 350 (1989): 102-6",https://ddinter.scbdd.com/ddinter/interact/981205/,2026-09-09T19:04:46+00:00
981205,2,"Skop BP, Brown TM ""Potential vascular and bleeding complications of treatment with selective serotonin reuptake inhibitors."" Psychosomatics 37 (1996): 12-6",https://ddinter.scbdd.com/ddinter/interact/981205/,2026-09-09T19:04:46+00:00
981205,3,"Settle EC ""Antidepressant drugs: disturbing and potentially dangerous adverse effects."" J Clin Psychiatry 59 Suppl 16 (1998): 25-30",https://ddinter.scbdd.com/ddinter/interact/981205/,2026-09-09T19:04:46+00:00
981214,1,"Christensen LK, Hansen JM, Kristensen M ""Sulphaphenazole-induced hypoglycemic attacks in tolbutamide-treated diabetics."" Lancet 2 (1963): 1298-301",https://ddinter.scbdd.com/ddinter/interact/981214/,2026-09-09T19:04:43+00:00
981214,2,"Turtle JR, Burgess JA ""Hypoglycemic action of fenfluramine in diabetes mellitus."" Diabetes 22 (1973): 858-67",https://ddinter.scbdd.com/ddinter/interact/981214/,2026-09-09T19:04:43+00:00
981214,3,"Field JB, Ohta M, Boyle C, Remer A ""Potentiation of acetohexamide hypoglycemia by phenylbutazone."" N Engl J Med 277 (1967): 889-94",https://ddinter.scbdd.com/ddinter/interact/981214/,2026-09-09T19:04:43+00:00
981220,1,"Weale AE, Warwick DJ, Durant N, Prothero D ""Is there a clinical interaction between low molecular weight heparin and non-steroidal analgesics after total hip replacement?"" Ann R Coll Surg Engl 77 (1995): 35-7",https://ddinter.scbdd.com/ddinter/interact/981220/,2026-09-09T19:04:36+00:00
981220,2,"Heiden D, Rodvien R, Mielke CH ""Heparin bleeding, platelet dysfunction, and aspirin."" JAMA 246 (1981): 330-1",https://ddinter.scbdd.com/ddinter/interact/981220/,2026-09-09T19:04:36+00:00
981220,3,"Theroux P, Ouimet H, McCans J, et al. ""Aspirin, heparin, or both to treat acute unstable angina."" N Engl J Med 319 (1988): 1105-6",https://ddinter.scbdd.com/ddinter/interact/981220/,2026-09-09T19:04:36+00:00
981256,1,"""Product Information. Factive (gemifloxacin)."" GeneSoft Inc, San Francisco, CA.",https://ddinter.scbdd.com/ddinter/interact/981256/,2026-09-09T17:08:42+00:00
981256,2,"""Product Information. Avelox (moxifloxacin)"" Bayer, West Haven, CT.",https://ddinter.scbdd.com/ddinter/interact/981256/,2026-09-09T17:08:42+00:00
981256,3,"Davey PG ""Overview of drug interactions with the quinolones."" J Antimicrob Chemother 22(suppl c) (1988): 97-107",https://ddinter.scbdd.com/ddinter/interact/981256/,2026-09-09T17:08:42+00:00
981261,1,"Radack KL, Deck CC, Bloomfield SS ""Ibuprofen interferes with the efficacy of antihypertensive drugs: a randomized, double-blind, placebo-controlled trial of ibuprofen compared with acetaminophen."" Ann Intern Med 107 (1987): 628-35",https://ddinter.scbdd.com/ddinter/interact/981261/,2026-09-09T19:04:47+00:00
981261,2,"""Multum Information Services, Inc. Expert Review Panel""",https://ddinter.scbdd.com/ddinter/interact/981261/,2026-09-09T19:04:47+00:00
981261,3,"""Product Information. Toradol (ketorolac)."" Roche Laboratories, Nutley, NJ.",https://ddinter.scbdd.com/ddinter/interact/981261/,2026-09-09T19:04:47+00:00
981271,1,"Dixon RL, Henderson ES, Rall DP ""Plasma protein binding of methotrexate and its displacement by various drugs."" Fed Proc 24 (1965): 454",https://ddinter.scbdd.com/ddinter/interact/981271/,2026-09-09T19:04:38+00:00
981271,2,"Taylor JR, Halprin KM ""Effect of sodium salicylate and indomethacin on methotrexate-serum albumin binding."" Arch Dermatol 113 (1977): 588-91",https://ddinter.scbdd.com/ddinter/interact/981271/,2026-09-09T19:04:38+00:00
981271,3,"Kraus A, Alarcon-Segovia D ""Low dose MTX and NSAID induced ""mild"" renal insufficiency and severe neutropenia."" J Rheumatol 18 (1991): 1274",https://ddinter.scbdd.com/ddinter/interact/981271/,2026-09-09T19:04:38+00:00
981298,1,"Anand BS, Sanduja SK, Lichetenberger LM ""Effect of omeprazole on the bioavailability of aspirin: a randomized controlled study on healthy volunteers."" Gastroenterology 116 (1999): A371",https://ddinter.scbdd.com/ddinter/interact/981298/,2026-09-09T19:04:52+00:00
981298,2,"Inarrea P, Esteva F, Cornudella R, Lanas A ""Omeprazole does not interfere with the antiplatelet effect of low-dose aspirin in man."" Scand J Gastroenterol 35 (2000): 242-6",https://ddinter.scbdd.com/ddinter/interact/981298/,2026-09-09T19:04:52+00:00
981298,3,"Nefesoglu FZ, Ayanoglu-Dulger G, Ulusoy NB, Imeryuz N ""Interaction of omeprazole with enteric-coated salicylate tablets."" Int J Clin Pharmacol Ther 36 (1998): 549-53",https://ddinter.scbdd.com/ddinter/interact/981298/,2026-09-09T19:04:52+00:00
981312,1,"Neuvonen PJ, Lehtovaara R, Bardy A, Elomaa E ""Antipyretic analgesics in patients on antiepileptic drug therapy."" Eur J Clin Pharmacol 15 (1979): 263-8",https://ddinter.scbdd.com/ddinter/interact/981312/,2026-09-09T19:04:34+00:00
981312,2,"Fraser DG, Ludden TM, Evens RP, Sutherland EW ""Displacement of phenytoin from plasma binding sites by salicylate."" Clin Pharmacol Ther 27 (1980): 165-9",https://ddinter.scbdd.com/ddinter/interact/981312/,2026-09-09T19:04:34+00:00
981312,3,"Leonard RF, Knott PJ, Rankin GO, et al ""Phenytoin-salicylate interaction."" Clin Pharmacol Ther 29 (1981): 56-60",https://ddinter.scbdd.com/ddinter/interact/981312/,2026-09-09T19:04:34+00:00
981329,1,"Silberbauer K, Stanek B, Templ H ""Acute hypotensive effect of captopril in man modified by prostaglandin synthesis inhibition."" Br J Clin Pharmacol 14 (1982): s87-93",https://ddinter.scbdd.com/ddinter/interact/981329/,2026-09-09T19:04:50+00:00
981329,2,"The Heart Outcomes Prevention Evaluation Study Investigators ""Effects of an angiotensin-converting-enzyme inhibitor, ramipril, on cardiovascular events in high-risk patients."" N Engl J Med 342 (2000): 145-53",https://ddinter.scbdd.com/ddinter/interact/981329/,2026-09-09T19:04:50+00:00
981329,3,"Nawarskas JJ, Spinler SA ""Update on the interaction between aspirin and angiotensin-converting enzyme inhibitors."" Pharmacotherapy 20 (2000): 698-710",https://ddinter.scbdd.com/ddinter/interact/981329/,2026-09-09T19:04:50+00:00
981337,1,"""Product Information. Xarelto (rivaroxaban)."" Bayer Inc, Toronto, IA.",https://ddinter.scbdd.com/ddinter/interact/981337/,2026-09-09T17:08:53+00:00
981350,1,"Tweeddale MG, Ogilvie RI ""Antagonism of spironolactone-induced natriuresis by aspirin in man."" N Engl J Med 289 (1973): 198-200",https://ddinter.scbdd.com/ddinter/interact/981350/,2026-09-09T19:04:41+00:00
981350,2,"Favre L, Glasson P, Riondel A, Vallotton MB ""Interaction of diuretics and non-steroidal anti-inflammatory drugs in man."" Clin Sci 64 (1983): 407-15",https://ddinter.scbdd.com/ddinter/interact/981350/,2026-09-09T19:04:41+00:00
981350,3,"Kramer HJ, Dusing R, Stinnesbeck B, et al. ""Interaction of conventional and antikaliuretic diuretics with the renal prostaglandin system."" Clin Sci 59 (1980): 67-70",https://ddinter.scbdd.com/ddinter/interact/981350/,2026-09-09T19:04:41+00:00
981383,1,"Radack KL, Deck CC, Bloomfield SS ""Ibuprofen interferes with the efficacy of antihypertensive drugs: a randomized, double-blind, placebo-controlled trial of ibuprofen compared with acetaminophen."" Ann Intern Med 107 (1987): 628-35",https://ddinter.scbdd.com/ddinter/interact/981383/,2026-09-09T19:04:53+00:00
981383,2,"""Multum Information Services, Inc. Expert Review Panel""",https://ddinter.scbdd.com/ddinter/interact/981383/,2026-09-09T19:04:53+00:00
981383,3,"""Product Information. Toradol (ketorolac)."" Roche Laboratories, Nutley, NJ.",https://ddinter.scbdd.com/ddinter/interact/981383/,2026-09-09T19:04:53+00:00
981385,1,"Bannister SJ, Houser VP, Hulse JD, Kisicki JC, Rasmussen JG ""Evaluation of the potential for interactions of paroxetine with diazepam, cimetidine, warfarin, and digoxin."" Acta Psychiatr Scand Suppl 350 (1989): 102-6",https://ddinter.scbdd.com/ddinter/interact/981385/,2026-09-09T19:04:55+00:00
981385,2,"Skop BP, Brown TM ""Potential vascular and bleeding complications of treatment with selective serotonin reuptake inhibitors."" Psychosomatics 37 (1996): 12-6",https://ddinter.scbdd.com/ddinter/interact/981385/,2026-09-09T19:04:55+00:00
981385,3,"Settle EC ""Antidepressant drugs: disturbing and potentially dangerous adverse effects."" J Clin Psychiatry 59 Suppl 16 (1998): 25-30",https://ddinter.scbdd.com/ddinter/interact/981385/,2026-09-09T19:04:55+00:00
981392,1,"Hirsch J, Dalen J, Guyatt G, American College of Chest Physicians ""The sixth (2000) ACCP guidelines for antithrombotic therapy for prevention and treatment of thrombosis. American College of Physicians."" Chest 119(1 Suppl) (2001): 1S-2S",https://ddinter.scbdd.com/ddinter/interact/981392/,2026-09-09T19:05:00+00:00
981392,2,"Barrow MV, Quick DT, Cunningham RW ""Salicylate hypoprothrombinemia in rheumatoid arthritis with liver disease. Report of two cases."" Arch Intern Med 120 (1967): 620-4",https://ddinter.scbdd.com/ddinter/interact/981392/,2026-09-09T19:05:00+00:00
981392,3,"Weiss HJ, Aledort LM, Kochwa S ""The effect of salicylates on the hemostatic properties of platelets in man."" J Clin Invest 47 (1968): 2169-80",https://ddinter.scbdd.com/ddinter/interact/981392/,2026-09-09T19:05:00+00:00
981401,1,"Sipe BE, Jones RJ, Bokhart GH ""Rhabdomyolysis Causing AV Blockade Due to Possible Atorvastatin, Esomeprazole, and Clarithromycin Interaction."" Ann Pharmacother 37 (2003): 808-11",https://ddinter.scbdd.com/ddinter/interact/981401/,2026-09-09T19:05:04+00:00
981401,2,"Pauli-Magnus C, Rekersbrink S, Klotz U, Fromm MF ""Interaction of omeprazole, lansoprazole and pantoprazole with P-glycoprotein."" Naunyn Schmiedebergs Arch Pharmacol 364 (2001): 551-7",https://ddinter.scbdd.com/ddinter/interact/981401/,2026-09-09T19:05:04+00:00
981401,3,"Bogman K, Peyer AK, Torok M, Kusters E, Drewe J ""HMG-CoA reductase inhibitors and P-glycoprotein modulation."" Br J Pharmacol 132 (2001): 1183-92",https://ddinter.scbdd.com/ddinter/interact/981401/,2026-09-09T19:05:04+00:00
981428,1,"Gustavson LE, Kaiser JF, Edmonds AL, Locke CS, DeBartolo ML, Schneck DW ""Effect of omeprazole on concentrations of clarithromycin in plasma and gastric tissue at steady state."" Antimicrob Agents Chemother 39 (1995): 2078-83",https://ddinter.scbdd.com/ddinter/interact/981428/,2026-09-09T19:04:57+00:00
981428,2,"Furuta T, Ohashi K, Kobayashi K, Iida I, Yoshida H, Shirai N, Takashima M, Kosuge K, Hanai H, Chiba K, Ishizaki T, Kaneko E ""Effects of clarithromycin on the metabolism of omeprazole in relation to CYP2C19 genotype status in humans."" Clin Pharmacol Ther 66 (1999): 265-74",https://ddinter.scbdd.com/ddinter/interact/981428/,2026-09-09T19:04:57+00:00
981428,3,"Zhou Q, Yamamoto I, Fukuda T, Ohno M, Sumida A, Azuma J ""CYP2C19 genotypes and omeprazole metabolism after single and repeated dosing when combined with clarithromycin."" Eur J Clin Pharmacol 55 (1999): 43-7",https://ddinter.scbdd.com/ddinter/interact/981428/,2026-09-09T19:04:57+00:00
981431,1,"Lau WC, Gurbel PA ""The drug-drug interaction between proton pump inhibitors and clopidogrel."" CMAJ 180 (2009): 699-700",https://ddinter.scbdd.com/ddinter/interact/981431/,2026-09-09T19:05:02+00:00
981431,2,"""Product Information. Prevacid (lansoprazole)."" TAP Pharmaceuticals Inc, Deerfield, IL.",https://ddinter.scbdd.com/ddinter/interact/981431/,2026-09-09T19:05:02+00:00
981431,3,"Pezalla E, Day D, Pulliadath I ""Initial assessment of clinical impact of a drug interaction between clopidogrel and proton pump inhibitors."" J Am Coll Cardiol 52 (2008): 1038-9",https://ddinter.scbdd.com/ddinter/interact/981431/,2026-09-09T19:05:02+00:00
981458,1,"""Product Information. Aciphex (rabeprazole)"" Janssen Pharmaceuticals, Titusville, NJ.",https://ddinter.scbdd.com/ddinter/interact/981458,2026-09-09T18:42:08+00:00
981458,2,"""Product Information. Protonix (pantoprazole)"" Wyeth-Ayerst Laboratories, Philadelphia, PA.",https://ddinter.scbdd.com/ddinter/interact/981458,2026-09-09T18:42:08+00:00
981458,3,"""Product Information. Dexilant (dexlansoprazole)."" Takeda Pharmaceuticals America, Lincolnshire, IL.",https://ddinter.scbdd.com/ddinter/interact/981458,2026-09-09T18:42:08+00:00
981465,1,"FDA. U.S. Food and Drug Administration ""FDA Drug Safety Communication: Low magnesium levels can be associated with long-term use of proton pump inhibitor drugs (PPIs). Available from: URL: http://www.fda.gov/Drugs/DrugSafety/ucm245011.htm."" ([2011 Mar 2]):",https://ddinter.scbdd.com/ddinter/interact/981465/,2026-09-09T19:05:06+00:00
981465,2,"""Product Information. Nexium (esomeprazole)"" Astra-Zeneca Pharmaceuticals, Wilmington, DE.",https://ddinter.scbdd.com/ddinter/interact/981465/,2026-09-09T19:05:06+00:00
981465,3,"Wohlt PD, Zheng L, Gunderson S, Balzar SA, Johnson BD, Fish JT ""Recommendations for the use of medications with continuous enteral nutrition."" Am J Health Syst Pharm 66 (2009): 1438-67",https://ddinter.scbdd.com/ddinter/interact/981465/,2026-09-09T19:05:06+00:00
981481,1,"""Product Information. Aciphex (rabeprazole)"" Janssen Pharmaceuticals, Titusville, NJ.",https://ddinter.scbdd.com/ddinter/interact/981481/,2026-09-09T19:05:08+00:00
981481,2,"Bottiger Y, Tybring G, Gotharson E, Bertilsson L ""Inhibition of the sulfoxidation of omeprazole by ketoconazole in poor and extensive metabolizers of S-mephenytoin."" Clin Pharmacol Ther 62 (1997): 384-91",https://ddinter.scbdd.com/ddinter/interact/981481/,2026-09-09T19:05:08+00:00
981481,3,"Van der Meer JW, Keuning JJ ""The influence of gastric acidity on the bio-availability of ketoconazole."" J Antimicrob Chemother 6 (1980): 552-4",https://ddinter.scbdd.com/ddinter/interact/981481/,2026-09-09T19:05:08+00:00
981518,1,"Prichard PJ, Walt RP, Kitchingman GK, et al. ""Oral phenytoin pharmacokinetics during omeprazole therapy."" Br J Clin Pharmacol 24 (1987): 543-5",https://ddinter.scbdd.com/ddinter/interact/981518/,2026-09-09T19:05:22+00:00
981518,2,"Gugler R, Jensen JC ""Omeprazole inhibits oxidative drug metabolism: studies with diazepam and phenytoin in vivo and 7-ethoxycoumarin in vitro."" Gastroenterology 89 (1985): 1235-41",https://ddinter.scbdd.com/ddinter/interact/981518/,2026-09-09T19:05:22+00:00
981518,3,"Cerner Multum, Inc. ""Australian Product Information."" O 0",https://ddinter.scbdd.com/ddinter/interact/981518/,2026-09-09T19:05:22+00:00
981525,1,"""Product Information. Prilosec (omeprazole)."" Merck & Co, Inc, West Point, PA.",https://ddinter.scbdd.com/ddinter/interact/981525/,2026-09-09T19:05:24+00:00
981525,2,"""Product Information. Nexium (esomeprazole)"" Astra-Zeneca Pharmaceuticals, Wilmington, DE.",https://ddinter.scbdd.com/ddinter/interact/981525/,2026-09-09T19:05:24+00:00
981525,3,"Cerner Multum, Inc. ""Australian Product Information."" O 0",https://ddinter.scbdd.com/ddinter/interact/981525/,2026-09-09T19:05:24+00:00
981534,1,"Sipe BE, Jones RJ, Bokhart GH ""Rhabdomyolysis Causing AV Blockade Due to Possible Atorvastatin, Esomeprazole, and Clarithromycin Interaction."" Ann Pharmacother 37 (2003): 808-11",https://ddinter.scbdd.com/ddinter/interact/981534/,2026-09-09T19:05:10+00:00
981534,2,"Pauli-Magnus C, Rekersbrink S, Klotz U, Fromm MF ""Interaction of omeprazole, lansoprazole and pantoprazole with P-glycoprotein."" Naunyn Schmiedebergs Arch Pharmacol 364 (2001): 551-7",https://ddinter.scbdd.com/ddinter/interact/981534/,2026-09-09T19:05:10+00:00
981534,3,"Bogman K, Peyer AK, Torok M, Kusters E, Drewe J ""HMG-CoA reductase inhibitors and P-glycoprotein modulation."" Br J Pharmacol 132 (2001): 1183-92",https://ddinter.scbdd.com/ddinter/interact/981534/,2026-09-09T19:05:10+00:00
981542,1,"Lorf T, Ramadori G, Ringe B, Schworer H ""The effect of pantoprazole on tacrolimus and cyclosporin A blood concentration in transplant recipients."" Eur J Clin Pharmacol 56 (2000): 439-40",https://ddinter.scbdd.com/ddinter/interact/981542/,2026-09-09T19:05:25+00:00
981542,2,"Miura M, Inoue K, Kagaya H, et al. ""Influence of rabeprazole and lansoprazole on the pharmacokinetics of tacrolimus in relation to CYP2C19, CYP3A5 and MDR1 polymorphisms in renal transplant recipients."" Biopharm Drug Dispos 28 (2007): 167-75",https://ddinter.scbdd.com/ddinter/interact/981542/,2026-09-09T19:05:25+00:00
981542,3,"Itagaki F, Homma M, Yuzawa K, et al ""Effect of lansoprazole and rabeprazole on tacrolimus pharmacokinetics in healthy volunteers with CYP2C19 mutations."" J Pharm Pharmacol 56 (2004): 1055-9",https://ddinter.scbdd.com/ddinter/interact/981542/,2026-09-09T19:05:25+00:00
981544,1,"Sommers DK, van Wyk M, Snyman JR, Moncrieff J ""The effects of omeprazole-induced hypochlorhydria on absorption of theophylline from a sustained-release formulation."" Eur J Clin Pharmacol 43 (1992): 141-3",https://ddinter.scbdd.com/ddinter/interact/981544/,2026-09-09T19:05:11+00:00
981544,2,"Sato J, Nakata H, Owada E, Kikuta T, Umetsu M, Ito K ""Influence of usual intake of dietary caffeine on single-dose kinetics of theophylline in healthy human subjects."" Eur J Clin Pharmacol 44 (1993): 295-8",https://ddinter.scbdd.com/ddinter/interact/981544/,2026-09-09T19:05:11+00:00
981544,3,"Jonkman JH, Sollie FA, Sauter R, Steinijans VW ""The influence of caffeine on the steady-state pharmacokinetics of theophylline."" Clin Pharmacol Ther 49 (1991): 248-55",https://ddinter.scbdd.com/ddinter/interact/981544/,2026-09-09T19:05:11+00:00
981546,1,"""Product Information. Brilinta (ticagrelor)."" Astra-Zeneca Pharmaceuticals, Wilmington, DE.",https://ddinter.scbdd.com/ddinter/interact/981546/,2026-09-09T17:09:16+00:00
981546,2,"Nefesoglu FZ, Ayanoglu-Dulger G, Ulusoy NB, Imeryuz N ""Interaction of omeprazole with enteric-coated salicylate tablets."" Int J Clin Pharmacol Ther 36 (1998): 549-53",https://ddinter.scbdd.com/ddinter/interact/981546/,2026-09-09T17:09:16+00:00
981546,3,"Anand BS, Sanduja SK, Lichetenberger LM ""Effect of omeprazole on the bioavailability of aspirin: a randomized controlled study on healthy volunteers."" Gastroenterology 116 (1999): A371",https://ddinter.scbdd.com/ddinter/interact/981546/,2026-09-09T17:09:16+00:00
983053,1,"""Product Information. Zocor (simvastatin)."" Merck & Co, Inc, West Point, PA.",https://ddinter.scbdd.com/ddinter/interact/983053/,2026-09-09T19:05:13+00:00
983053,2,"Westphal JF ""Macrolide - induced clinically relevant drug interactions with cytochrome P-450 (CYP) 3A4: an update focused on clarithromycin, azithromycin, and dirithromycin."" Br J Clin Pharmacol 50 (2000): 285-95",https://ddinter.scbdd.com/ddinter/interact/983053/,2026-09-09T19:05:13+00:00
983053,3,"Grunden JW, Fisher KA ""Lovastatin-induced rhabdomyolysis possibly associated with clarithromycin and azithromycin."" Ann Pharmacother 31 (1997): 859-63",https://ddinter.scbdd.com/ddinter/interact/983053/,2026-09-09T19:05:13+00:00
983070,1,"Murphy MJ, Dominiczak MH ""Efficacy of statin therapy: possible effect of phenytoin."" Postgrad Med J 75 (1999): 359-60",https://ddinter.scbdd.com/ddinter/interact/983070/,2026-09-09T19:05:17+00:00
983070,2,"Bullman J, Nicholls A, Van Landingham K, et al. ""Effects of lamotrigine and phenytoin on the pharmacokinetics of atorvastatin in healthy volunteers."" Epilepsia 52 (2011): 1351-8",https://ddinter.scbdd.com/ddinter/interact/983070/,2026-09-09T19:05:17+00:00
983070,3,"""Product Information. Lipitor (atorvastatin)."" Parke-Davis, Morris Plains, NJ.",https://ddinter.scbdd.com/ddinter/interact/983070/,2026-09-09T19:05:17+00:00
983080,1,"Yeo KR, Yeo WW, Wallis EJ, Ramsay LE ""Enhanced cholesterol reduction by simvastatin in diltiazem-treated patients."" Br J Clin Pharmacol 48 (1999): 610-5",https://ddinter.scbdd.com/ddinter/interact/983080/,2026-09-09T19:05:19+00:00
983080,2,"Andreou ER, Ledger S ""Potential drug interaction between simvastatin and danazol causing rhabdomyolysis."" Can J Clin Pharmacol 10 (2003): 172-4",https://ddinter.scbdd.com/ddinter/interact/983080/,2026-09-09T19:05:19+00:00
983080,3,"Ayanian JZ, Fuchs CS, Stone RM ""Lovastatin and rhabdomyolysis."" Ann Intern Med 109 (1988): 682-3",https://ddinter.scbdd.com/ddinter/interact/983080/,2026-09-09T19:05:19+00:00
983083,1,"Clarke TA, Waskell LA ""The metabolism of clopidogrel is catalyzed by human cytochrome P450 3A and is inhibited by atorvastatin."" Drug Metab Dispos 31 (2003): 53-9",https://ddinter.scbdd.com/ddinter/interact/983083/,2026-09-09T19:05:15+00:00
983083,2,"Lau WC, Waskell LA, Watkins PB, et al. ""Atorvastatin reduces the ability of clopidogrel to inhibit platelet aggregation: a new drug-drug interaction."" Circulation 107 (2003): 32-7",https://ddinter.scbdd.com/ddinter/interact/983083/,2026-09-09T19:05:15+00:00
983083,3,"Serebruany VL, Steinhubl SR, Hennekens CH ""Are antiplatelet effects of clopidogrel inhibited by atorvastatin? A research question formulated but not yet adequately tested."" Circulation 107 (2003): 1568-9",https://ddinter.scbdd.com/ddinter/interact/983083/,2026-09-09T19:05:15+00:00
983100,1,"Murphy MJ, Dominiczak MH ""Efficacy of statin therapy: possible effect of phenytoin."" Postgrad Med J 75 (1999): 359-60",https://ddinter.scbdd.com/ddinter/interact/983100/,2026-09-09T19:05:36+00:00
983100,2,"Bullman J, Nicholls A, Van Landingham K, et al. ""Effects of lamotrigine and phenytoin on the pharmacokinetics of atorvastatin in healthy volunteers."" Epilepsia 52 (2011): 1351-8",https://ddinter.scbdd.com/ddinter/interact/983100/,2026-09-09T19:05:36+00:00
983100,3,"""Product Information. Lipitor (atorvastatin)."" Parke-Davis, Morris Plains, NJ.",https://ddinter.scbdd.com/ddinter/interact/983100/,2026-09-09T19:05:36+00:00
983103,1,"""Product Information. Lipitor (atorvastatin)."" Parke-Davis, Morris Plains, NJ.",https://ddinter.scbdd.com/ddinter/interact/983103/,2026-09-09T19:05:27+00:00
983103,2,"Holtzman CW, Wiggins BS, Spinler SA ""Role of P-glycoprotein in statin drug interactions."" Pharmacotherapy 26 (2006): 1601-7",https://ddinter.scbdd.com/ddinter/interact/983103/,2026-09-09T19:05:27+00:00
983103,3,"Boyd RA, Stern RH, Stewart BH, et al. ""Atorvastatin coadministration may increase digoxin concentrations by inhibition of intestinal P-glycoprotein-mediated secretion."" J Clin Pharmacol 40 (2000): 91-8",https://ddinter.scbdd.com/ddinter/interact/983103/,2026-09-09T19:05:27+00:00
983165,1,"Neuvonen PJ, Kantola T, Kivisto KT ""Simvastatin but not pravastatin is very susceptible to interaction with the CYP3A4 inhibitor itraconazole."" Clin Pharmacol Ther 63 (1998): 332-41",https://ddinter.scbdd.com/ddinter/interact/983165/,2026-09-09T19:05:29+00:00
983165,2,"Horn M ""Coadministration of itraconazole with hypolipidemic agents may induce rhabdomyolysis in healthy individuals."" Arch Dermatol 132 (1996): 1254",https://ddinter.scbdd.com/ddinter/interact/983165/,2026-09-09T19:05:29+00:00
983165,3,"Kivisto KT, Kantola T, Neuvonen PJ ""Different effects of itraconazole on the pharmacokinetics of fluvastatin and lovastatin."" Br J Clin Pharmacol 46 (1998): 49-53",https://ddinter.scbdd.com/ddinter/interact/983165/,2026-09-09T19:05:29+00:00
983188,1,"Cerner Multum, Inc. ""UK Summary of Product Characteristics."" O 0",https://ddinter.scbdd.com/ddinter/interact/983188/,2026-09-09T19:05:31+00:00
983188,2,"""Product Information. Methotrexate (methotrexate)."" Lederle Laboratories, Wayne, NJ.",https://ddinter.scbdd.com/ddinter/interact/983188/,2026-09-09T19:05:31+00:00
983188,3,"Nesher G, Mates M, Zevin S ""Effect of caffeine consumption on efficacy of methotrexate in rheumatoid arthritis."" Arthritis Rheum 48 (2003): 571-572",https://ddinter.scbdd.com/ddinter/interact/983188/,2026-09-09T19:05:31+00:00
983189,1,"EMEA. European Medicines Agency ""EPARs. European Union Public Assessment Reports. Available from: URL: http://www.ema.europa.eu/ema/index.jsp?curl=pages/includes/medicines/medicines_landingpage.jsp&mid.""",https://ddinter.scbdd.com/ddinter/interact/983189/,2026-09-09T19:05:34+00:00
983189,2,"Pharmaceutical Society of Australia ""APPGuide online. Australian prescription products guide online. Available from: URL: http://www.appco.com.au/appguide/default.asp."" ([2006]):",https://ddinter.scbdd.com/ddinter/interact/983189/,2026-09-09T19:05:34+00:00
983189,3,"Carrion C, Espinosa E, Herrero A, Garcia B ""Possible vincristine-isoniazid interaction."" Ann Pharmacother 29 (1995): 201",https://ddinter.scbdd.com/ddinter/interact/983189/,2026-09-09T19:05:34+00:00
983220,1,"Murphy MJ, Dominiczak MH ""Efficacy of statin therapy: possible effect of phenytoin."" Postgrad Med J 75 (1999): 359-60",https://ddinter.scbdd.com/ddinter/interact/983220/,2026-09-09T19:05:50+00:00
983220,2,"Bullman J, Nicholls A, Van Landingham K, et al. ""Effects of lamotrigine and phenytoin on the pharmacokinetics of atorvastatin in healthy volunteers."" Epilepsia 52 (2011): 1351-8",https://ddinter.scbdd.com/ddinter/interact/983220/,2026-09-09T19:05:50+00:00
983220,3,"""Product Information. Lipitor (atorvastatin)."" Parke-Davis, Morris Plains, NJ.",https://ddinter.scbdd.com/ddinter/interact/983220/,2026-09-09T19:05:50+00:00
983234,1,"""Product Information. Lipitor (atorvastatin)."" Parke-Davis, Morris Plains, NJ.",https://ddinter.scbdd.com/ddinter/interact/983234/,2026-09-09T19:05:40+00:00
983234,2,"Pharmaceutical Society of Australia ""APPGuide online. Australian prescription products guide online. Available from: URL: http://www.appco.com.au/appguide/default.asp."" ([2006]):",https://ddinter.scbdd.com/ddinter/interact/983234/,2026-09-09T19:05:40+00:00
983234,3,"Cerner Multum, Inc. ""Australian Product Information."" O 0",https://ddinter.scbdd.com/ddinter/interact/983234/,2026-09-09T19:05:40+00:00
983237,1,"EMEA. European Medicines Agency ""EPARs. European Union Public Assessment Reports. Available from: URL: http://www.ema.europa.eu/ema/index.jsp?curl=pages/includes/medicines/medicines_landingpage.jsp&mid.""",https://ddinter.scbdd.com/ddinter/interact/983237/,2026-09-09T19:05:48+00:00
983237,2,"Pharmaceutical Society of Australia ""APPGuide online. Australian prescription products guide online. Available from: URL: http://www.appco.com.au/appguide/default.asp."" ([2006]):",https://ddinter.scbdd.com/ddinter/interact/983237/,2026-09-09T19:05:48+00:00
983237,3,"Carrion C, Espinosa E, Herrero A, Garcia B ""Possible vincristine-isoniazid interaction."" Ann Pharmacother 29 (1995): 201",https://ddinter.scbdd.com/ddinter/interact/983237/,2026-09-09T19:05:48+00:00
983248,1,"EMEA. European Medicines Agency ""EPARs. European Union Public Assessment Reports. Available from: URL: http://www.ema.europa.eu/ema/index.jsp?curl=pages/includes/medicines/medicines_landingpage.jsp&mid.""",https://ddinter.scbdd.com/ddinter/interact/983248/,2026-09-09T19:05:52+00:00
983248,2,"Pharmaceutical Society of Australia ""APPGuide online. Australian prescription products guide online. Available from: URL: http://www.appco.com.au/appguide/default.asp."" ([2006]):",https://ddinter.scbdd.com/ddinter/interact/983248/,2026-09-09T19:05:52+00:00
983248,3,"Carrion C, Espinosa E, Herrero A, Garcia B ""Possible vincristine-isoniazid interaction."" Ann Pharmacother 29 (1995): 201",https://ddinter.scbdd.com/ddinter/interact/983248/,2026-09-09T19:05:52+00:00
983258,1,"""Product Information. Prograf (tacrolimus)."" Fujisawa, Deerfield, IL.",https://ddinter.scbdd.com/ddinter/interact/983258/,2026-09-09T19:05:38+00:00
983258,2,"Kotanko P, Kirisits W, Skrabal F ""Rhabdomyolysis and acute renal graft impairment in a patient treated with simvastatin, tacrolimus, and fusidic Acid."" Nephron 90 (2002): 234-5",https://ddinter.scbdd.com/ddinter/interact/983258/,2026-09-09T19:05:38+00:00
983258,3,"Barshes NR, Goodpastor SE, Goss JA ""Sirolimus-atorvastatin drug interaction in the pancreatic islet transplant recipient."" Transplantation 76 (2003): 1649-50",https://ddinter.scbdd.com/ddinter/interact/983258/,2026-09-09T19:05:38+00:00
983267,1,"""Product Information. Brilinta (ticagrelor)."" Astra-Zeneca Pharmaceuticals, Wilmington, DE.",https://ddinter.scbdd.com/ddinter/interact/983267/,2026-09-09T17:09:44+00:00
983267,2,"Cerner Multum, Inc. ""UK Summary of Product Characteristics."" O 0",https://ddinter.scbdd.com/ddinter/interact/983267/,2026-09-09T17:09:44+00:00
983267,3,"Richter WO, Jacob BG, Schwandt P ""Interaction between fibre and lovastatin."" Lancet 338 (1991): 706",https://ddinter.scbdd.com/ddinter/interact/983267/,2026-09-09T17:09:44+00:00
983279,1,"""Product Information. Lipitor (atorvastatin)."" Parke-Davis, Morris Plains, NJ.",https://ddinter.scbdd.com/ddinter/interact/983279/,2026-09-09T19:05:56+00:00
983279,2,"Richter WO, Jacob BG, Schwandt P ""Interaction between fibre and lovastatin."" Lancet 338 (1991): 706",https://ddinter.scbdd.com/ddinter/interact/983279/,2026-09-09T19:05:56+00:00
985075,1,"EMA. European Medicines Agency. European Union ""EMA - List of medicines under additional monitoring. Available from: URL: http://www.ema.europa.eu/ema/index.jsp?curl=pages/regulation/document_listing/document_listing_000366.jsp&mid=WC0b01ac058067c852"" ([2013 - ]):",https://ddinter.scbdd.com/ddinter/interact/985075/,2026-09-09T19:05:55+00:00
985075,2,"Witchel HJ, Hancox JC, Nutt DJ ""Psychotropic drugs, cardiac arrhythmia, and sudden death."" J Clin Psychopharmacol 23 (2003): 58-77",https://ddinter.scbdd.com/ddinter/interact/985075/,2026-09-09T19:05:55+00:00
985075,3,"Iannini PB ""Cardiotoxicity of macrolides, ketolides and fluoroquinolones that prolong the QTc interval."" Expert Opin Drug Saf 1 (2002): 121-8",https://ddinter.scbdd.com/ddinter/interact/985075/,2026-09-09T19:05:55+00:00
985078,1,"EMA. European Medicines Agency. European Union ""EMA - List of medicines under additional monitoring. Available from: URL: http://www.ema.europa.eu/ema/index.jsp?curl=pages/regulation/document_listing/document_listing_000366.jsp&mid=WC0b01ac058067c852"" ([2013 - ]):",https://ddinter.scbdd.com/ddinter/interact/985078/,2026-09-09T19:05:44+00:00
985078,2,"Witchel HJ, Hancox JC, Nutt DJ ""Psychotropic drugs, cardiac arrhythmia, and sudden death."" J Clin Psychopharmacol 23 (2003): 58-77",https://ddinter.scbdd.com/ddinter/interact/985078/,2026-09-09T19:05:44+00:00
985078,3,"Iannini PB ""Cardiotoxicity of macrolides, ketolides and fluoroquinolones that prolong the QTc interval."" Expert Opin Drug Saf 1 (2002): 121-8",https://ddinter.scbdd.com/ddinter/interact/985078/,2026-09-09T19:05:44+00:00
985086,1,"Wadhwa NK, Schroeder TJ, O'Flaherty E, et al ""Interaction between erythromycin and cyclosporine in a kidney and pancreas allograft recipient."" Ther Drug Monit 9 (1987): 123-5",https://ddinter.scbdd.com/ddinter/interact/985086/,2026-09-09T19:05:58+00:00
985086,2,"""Product Information. Zithromax (azithromycin)."" Pfizer US Pharmaceuticals, New York, NY.",https://ddinter.scbdd.com/ddinter/interact/985086/,2026-09-09T19:05:58+00:00
985086,3,"Spicer ST, Liddle C, Chapman JR, Barclay P, Nankivell BJ, Thomas P, O'Connell PJ ""The mechanism of cyclosporine toxicity induced by clarithromycin."" Br J Clin Pharmacol 43 (1997): 194-6",https://ddinter.scbdd.com/ddinter/interact/985086/,2026-09-09T19:05:58+00:00
985096,1,"Lindenbaum J, Rund DG, Butler VP Jr, Tse-Eng D, Saha JR ""Inactivation of digoxin by the gut flora: reversal by antibiotic therapy."" N Engl J Med 305 (1981): 789-94",https://ddinter.scbdd.com/ddinter/interact/985096/,2026-09-09T19:05:42+00:00
985096,2,"Ten Eick AP, Sallee D, Preminger T, Weiss A, Reed MD ""Possible drug interaction between digoxin and azithromycin in a young child."" Clin Drug Investig 20 (2000): 61-4",https://ddinter.scbdd.com/ddinter/interact/985096/,2026-09-09T19:05:42+00:00
985096,3,"Lindenbaum J, Tse-Eng D, Butler VP, Rund DG ""Urinary excretion of reduced metabolites of digoxin."" Am J Med 71 (1981): 67-74",https://ddinter.scbdd.com/ddinter/interact/985096/,2026-09-09T19:05:42+00:00
985118,1,"Castro VM, Clements CC, Murphy SN, et al. ""QT interval and antidepressant use: a cross sectional study of electronic health records."" BMJ 346 (2013): f288",https://ddinter.scbdd.com/ddinter/interact/985118/,2026-09-09T17:09:56+00:00
985118,2,"""Product Information. Lexapro (escitalopram)."" Forest Pharmaceuticals, St. Louis, MO.",https://ddinter.scbdd.com/ddinter/interact/985118/,2026-09-09T17:09:56+00:00
985118,3,"Agencia Española de Medicamentos y Productos Sanitarios Healthcare ""Centro de información online de medicamentos de la AEMPS - CIMA. Available from: URL: https://cima.aemps.es/cima/publico/home.html."" ([2018]):",https://ddinter.scbdd.com/ddinter/interact/985118/,2026-09-09T17:09:56+00:00
985122,1,"EMA. European Medicines Agency. European Union ""EMA - List of medicines under additional monitoring. Available from: URL: http://www.ema.europa.eu/ema/index.jsp?curl=pages/regulation/document_listing/document_listing_000366.jsp&mid=WC0b01ac058067c852"" ([2013 - ]):",https://ddinter.scbdd.com/ddinter/interact/985122/,2026-09-09T19:05:46+00:00
985122,2,"Witchel HJ, Hancox JC, Nutt DJ ""Psychotropic drugs, cardiac arrhythmia, and sudden death."" J Clin Psychopharmacol 23 (2003): 58-77",https://ddinter.scbdd.com/ddinter/interact/985122/,2026-09-09T19:05:46+00:00
985122,3,"Iannini PB ""Cardiotoxicity of macrolides, ketolides and fluoroquinolones that prolong the QTc interval."" Expert Opin Drug Saf 1 (2002): 121-8",https://ddinter.scbdd.com/ddinter/interact/985122/,2026-09-09T19:05:46+00:00
985123,1,"EMA. European Medicines Agency. European Union ""EMA - List of medicines under additional monitoring. Available from: URL: http://www.ema.europa.eu/ema/index.jsp?curl=pages/regulation/document_listing/document_listing_000366.jsp&mid=WC0b01ac058067c852"" ([2013 - ]):",https://ddinter.scbdd.com/ddinter/interact/985123/,2026-09-09T19:06:07+00:00
985123,2,"Witchel HJ, Hancox JC, Nutt DJ ""Psychotropic drugs, cardiac arrhythmia, and sudden death."" J Clin Psychopharmacol 23 (2003): 58-77",https://ddinter.scbdd.com/ddinter/interact/985123/,2026-09-09T19:06:07+00:00
985123,3,"Iannini PB ""Cardiotoxicity of macrolides, ketolides and fluoroquinolones that prolong the QTc interval."" Expert Opin Drug Saf 1 (2002): 121-8",https://ddinter.scbdd.com/ddinter/interact/985123/,2026-09-09T19:06:07+00:00
985162,1,"Iannini PB ""Cardiotoxicity of macrolides, ketolides and fluoroquinolones that prolong the QTc interval."" Expert Opin Drug Saf 1 (2002): 121-8",https://ddinter.scbdd.com/ddinter/interact/985162/,2026-09-09T17:10:00+00:00
985162,2,"Cerner Multum, Inc. ""Australian Product Information."" O 0",https://ddinter.scbdd.com/ddinter/interact/985162/,2026-09-09T17:10:00+00:00
985162,3,"""Product Information. Levaquin (levofloxacin)."" Ortho Pharmaceutical Corporation, Raritan, NJ.",https://ddinter.scbdd.com/ddinter/interact/985162/,2026-09-09T17:10:00+00:00
985182,1,"Cerner Multum, Inc. ""UK Summary of Product Characteristics."" O 0",https://ddinter.scbdd.com/ddinter/interact/985182/,2026-09-09T19:06:00+00:00
985182,2,"""Product Information. Methotrexate (methotrexate)."" Lederle Laboratories, Wayne, NJ.",https://ddinter.scbdd.com/ddinter/interact/985182/,2026-09-09T19:06:00+00:00
985182,3,"Nesher G, Mates M, Zevin S ""Effect of caffeine consumption on efficacy of methotrexate in rheumatoid arthritis."" Arthritis Rheum 48 (2003): 571-572",https://ddinter.scbdd.com/ddinter/interact/985182/,2026-09-09T19:06:00+00:00
985186,1,"Kounas SP, Letsas KP, Sideris A, Efraimidis M, Kardaras F ""QT interval prolongation and torsades de pointes due to a coadministration of metronidazole and amiodarone."" Pacing Clin Electrophysiol 28 (2005): 472-3",https://ddinter.scbdd.com/ddinter/interact/985186/,2026-09-09T19:06:04+00:00
985186,2,"Giannini AJ, DeFrance DT ""Metronidazole and alcohol: potential for combinative abuse."" J Toxicol Clin Toxicol 20 (1983): 509-15",https://ddinter.scbdd.com/ddinter/interact/985186/,2026-09-09T19:06:04+00:00
985186,3,"""Product Information. Benznidazole (benznidazole)."" Everett Laboratories Inc, West Orange, NJ.",https://ddinter.scbdd.com/ddinter/interact/985186/,2026-09-09T19:06:04+00:00
985208,1,"Cerner Multum, Inc. ""Australian Product Information."" O 0",https://ddinter.scbdd.com/ddinter/interact/985208/,2026-09-09T19:06:09+00:00
985208,2,"Cerner Multum, Inc. ""UK Summary of Product Characteristics."" O 0",https://ddinter.scbdd.com/ddinter/interact/985208/,2026-09-09T19:06:09+00:00
985208,3,"""Product Information. Zyprexa (olanzapine)."" Lilly, Eli and Company, Indianapolis, IN.",https://ddinter.scbdd.com/ddinter/interact/985208/,2026-09-09T19:06:09+00:00
985254,1,"Glassman AH, Bigger JT Jr ""Antipsychotic drugs: prolonged QTc interval, torsade de pointes, and sudden death."" Am J Psychiatry 158 (2001): 1774-82",https://ddinter.scbdd.com/ddinter/interact/985254/,2026-09-09T19:06:02+00:00
985254,2,"EMA. European Medicines Agency. European Union ""EMA - List of medicines under additional monitoring. Available from: URL: http://www.ema.europa.eu/ema/index.jsp?curl=pages/regulation/document_listing/document_listing_000366.jsp&mid=WC0b01ac058067c852"" ([2013 - ]):",https://ddinter.scbdd.com/ddinter/interact/985254/,2026-09-09T19:06:02+00:00
985254,3,"Canadian Pharmacists Association ""e-CPS. Available from: URL: http://www.pharmacists.ca/function/Subscriptions/ecps.cfm?link=eCPS_quikLink.""",https://ddinter.scbdd.com/ddinter/interact/985254/,2026-09-09T19:06:02+00:00
985265,1,"EMA. European Medicines Agency. European Union ""EMA - List of medicines under additional monitoring. Available from: URL: http://www.ema.europa.eu/ema/index.jsp?curl=pages/regulation/document_listing/document_listing_000366.jsp&mid=WC0b01ac058067c852"" ([2013 - ]):",https://ddinter.scbdd.com/ddinter/interact/985265/,2026-09-09T19:06:37+00:00
985265,2,"Witchel HJ, Hancox JC, Nutt DJ ""Psychotropic drugs, cardiac arrhythmia, and sudden death."" J Clin Psychopharmacol 23 (2003): 58-77",https://ddinter.scbdd.com/ddinter/interact/985265/,2026-09-09T19:06:37+00:00
985265,3,"Iannini PB ""Cardiotoxicity of macrolides, ketolides and fluoroquinolones that prolong the QTc interval."" Expert Opin Drug Saf 1 (2002): 121-8",https://ddinter.scbdd.com/ddinter/interact/985265/,2026-09-09T19:06:37+00:00
985267,1,"""Product Information. Xarelto (rivaroxaban)."" Bayer Inc, Toronto, IA.",https://ddinter.scbdd.com/ddinter/interact/985267/,2026-09-09T17:10:06+00:00
985267,2,"Hooks MA ""Tacrolimus, a new immunosuppressant--a review of the literature."" Ann Pharmacother 28 (1994): 501-11",https://ddinter.scbdd.com/ddinter/interact/985267/,2026-09-09T17:10:06+00:00
985267,3,"""Product Information. Prograf (tacrolimus)."" Fujisawa, Deerfield, IL.",https://ddinter.scbdd.com/ddinter/interact/985267/,2026-09-09T17:10:06+00:00
985276,1,"""Product Information. Zocor (simvastatin)."" Merck & Co, Inc, West Point, PA.",https://ddinter.scbdd.com/ddinter/interact/985276/,2026-09-09T19:06:44+00:00
985276,2,"Westphal JF ""Macrolide - induced clinically relevant drug interactions with cytochrome P-450 (CYP) 3A4: an update focused on clarithromycin, azithromycin, and dirithromycin."" Br J Clin Pharmacol 50 (2000): 285-95",https://ddinter.scbdd.com/ddinter/interact/985276/,2026-09-09T19:06:44+00:00
985276,3,"Grunden JW, Fisher KA ""Lovastatin-induced rhabdomyolysis possibly associated with clarithromycin and azithromycin."" Ann Pharmacother 31 (1997): 859-63",https://ddinter.scbdd.com/ddinter/interact/985276/,2026-09-09T19:06:44+00:00
985285,1,"Ibrahim RB, Abella EM, Chandrasekar PH ""Tacrolimus-clarithromycin interaction in a patient receiving bone marrow transplantation."" Ann Pharmacother 36 (2002): 1971-1972",https://ddinter.scbdd.com/ddinter/interact/985285/,2026-09-09T19:06:16+00:00
985285,2,"Shullo MA, Schonder K, Teuteberg JJ ""Elevated tacrolimus levels associated with intravenous azithromycin and ceftriaxone: a case report."" Transplant Proc 42 (2010): 1870-2",https://ddinter.scbdd.com/ddinter/interact/985285/,2026-09-09T19:06:16+00:00
985285,3,"""Product Information. Zithromax (azithromycin)."" Pfizer US Pharmaceuticals, New York, NY.",https://ddinter.scbdd.com/ddinter/interact/985285/,2026-09-09T19:06:16+00:00
985295,1,"Upton RA ""Pharmacokinetic interactions between theophylline and other medication (Part I)."" Clin Pharmacokinet 20 (1991): 66-80",https://ddinter.scbdd.com/ddinter/interact/985295/,2026-09-09T19:06:19+00:00
985295,2,"Amsden GW ""Erythromycin, clarithromycin, and azithromycin: are the differences real?"" Clin Ther 18 (1996): 56-72",https://ddinter.scbdd.com/ddinter/interact/985295/,2026-09-09T19:06:19+00:00
985295,3,"Amsden GW ""Macrolides versus azalides: a drug interaction update."" Ann Pharmacother 29 (1995): 906-17",https://ddinter.scbdd.com/ddinter/interact/985295/,2026-09-09T19:06:19+00:00
985315,1,"EMA. European Medicines Agency. European Union ""EMA - List of medicines under additional monitoring. Available from: URL: http://www.ema.europa.eu/ema/index.jsp?curl=pages/regulation/document_listing/document_listing_000366.jsp&mid=WC0b01ac058067c852"" ([2013 - ]):",https://ddinter.scbdd.com/ddinter/interact/985315/,2026-09-09T19:06:15+00:00
985315,2,"Witchel HJ, Hancox JC, Nutt DJ ""Psychotropic drugs, cardiac arrhythmia, and sudden death."" J Clin Psychopharmacol 23 (2003): 58-77",https://ddinter.scbdd.com/ddinter/interact/985315/,2026-09-09T19:06:15+00:00
985315,3,"Iannini PB ""Cardiotoxicity of macrolides, ketolides and fluoroquinolones that prolong the QTc interval."" Expert Opin Drug Saf 1 (2002): 121-8",https://ddinter.scbdd.com/ddinter/interact/985315/,2026-09-09T19:06:15+00:00
985318,1,"Beckey NP, Parra D, Colon A ""Retrospective evaluation of a potential interaction between azithromycin and warfarin in patients stabilized on warfarin."" Pharmacotherapy 20 (2000): 1055-9",https://ddinter.scbdd.com/ddinter/interact/985318/,2026-09-09T19:06:21+00:00
985318,2,"""Product Information. Zithromax (azithromycin)."" Pfizer US Pharmaceuticals, New York, NY.",https://ddinter.scbdd.com/ddinter/interact/985318/,2026-09-09T19:06:21+00:00
985318,3,"Williams D, Ponte CD ""Warfarin-associated hypoprothrombinemia: an unusual presentation."" Am J Health Syst Pharm 60 (2003): 274-8",https://ddinter.scbdd.com/ddinter/interact/985318/,2026-09-09T19:06:21+00:00
986362,1,"""Multum Information Services, Inc. Expert Review Panel""",https://ddinter.scbdd.com/ddinter/interact/986362/,2026-09-09T19:06:11+00:00
986362,2,"Cerner Multum, Inc. ""UK Summary of Product Characteristics."" O 0",https://ddinter.scbdd.com/ddinter/interact/986362/,2026-09-09T19:06:11+00:00
986384,1,"Privitera MR, Greden JF, Gardner RW, Ritchie JC, Calrroll BJ ""Interference by carbamazepine with the dexamethasone suppresion test."" Biol Psychiatry 17 (1982): 611-20",https://ddinter.scbdd.com/ddinter/interact/986384/,2026-09-09T19:06:24+00:00
986384,2,"Levy RH ""Cytochrome P450 isozymes and antiepileptic drug interactions."" Epilepsia 36 Suppl 5 (1995): s8-13",https://ddinter.scbdd.com/ddinter/interact/986384/,2026-09-09T19:06:24+00:00
986384,3,"Keitner GI, Fruzzetti AE, Miller IW, Norman WH, Brown WA ""The effect of anticonvulsants on the dexamethasone suppression test."" Can J Psychiatry 34 (1989): 441-3",https://ddinter.scbdd.com/ddinter/interact/986384/,2026-09-09T19:06:24+00:00
986387,1,"""Multum Information Services, Inc. Expert Review Panel""",https://ddinter.scbdd.com/ddinter/interact/986387/,2026-09-09T19:06:27+00:00
986387,2,"Cerner Multum, Inc. ""UK Summary of Product Characteristics."" O 0",https://ddinter.scbdd.com/ddinter/interact/986387/,2026-09-09T19:06:27+00:00
986405,1,"Khaliq Y, Zhanel GG ""Fluoroquinolone-Associated Tendinopathy: A Critical Review of the Literature."" Clin Infect Dis 36 (2003): 1404-1410",https://ddinter.scbdd.com/ddinter/interact/986405/,2026-09-09T19:06:13+00:00
986405,2,"""Product Information. Cipro (ciprofloxacin)."" Bayer, West Haven, CT.",https://ddinter.scbdd.com/ddinter/interact/986405/,2026-09-09T19:06:13+00:00
986405,3,"van der Linden PD, Sturkenboom MC, Herings RM, Leufkens HM, Rowlands S, Stricker BH ""Increased risk of achilles tendon rupture with quinolone antibacterial use, especially in elderly patients taking oral corticosteroids."" Arch Intern Med 163 (2003): 1801-7",https://ddinter.scbdd.com/ddinter/interact/986405/,2026-09-09T19:06:13+00:00
986408,1,"Edsbacker S, Andersson T ""Pharmacokinetics of budesonide (Entocort EC) capsules for Crohn's disease."" Clin Pharmacokinet 43 (2004): 803-21",https://ddinter.scbdd.com/ddinter/interact/986408/,2026-09-09T19:06:40+00:00
986408,2,"Finkenbine RD, Frye MD ""Case of psychosis due to prednisone-clarithromycin interaction."" Gen Hosp Psychiat 20 (1998): 325-6",https://ddinter.scbdd.com/ddinter/interact/986408/,2026-09-09T19:06:40+00:00
986408,3,"Soldatos G, Sztal-Mazer S, Woolley I, Stockigt J ""Exogenous glucocorticoid excess as a result of ritonavir-fluticasone interaction."" Intern Med J 35 (2005): 67-8",https://ddinter.scbdd.com/ddinter/interact/986408/,2026-09-09T19:06:40+00:00
986421,1,"Klintmalm G, Sawe J ""High dose methylprednisolone increases plasma cyclosporin levels in renal transplant recipients."" Lancet 1 (1984): 731",https://ddinter.scbdd.com/ddinter/interact/986421/,2026-09-09T19:06:48+00:00
986421,2,"Durrant S, Chipping PM, Palmer S, Gordon-Smith EC ""Cyclosporin A, methylprednisolone, and convulsions."" Lancet 2 (1982): 829-30",https://ddinter.scbdd.com/ddinter/interact/986421/,2026-09-09T19:06:48+00:00
986421,3,"Ost L ""Effects of cyclosporin on prednisolone metabolism."" Lancet 1 (1984): 451",https://ddinter.scbdd.com/ddinter/interact/986421/,2026-09-09T19:06:48+00:00
986424,1,"Jori A, Carrara MC ""On the mechanism of the hyperglycaemic effect of chlorpromazine."" J Pharm Pharmacol 18 (1966): 623-4",https://ddinter.scbdd.com/ddinter/interact/986424,2026-09-09T18:42:08+00:00
986424,2,"""Product Information. Dymelor (acetohexamide)"" Lilly, Eli and Company, Indianapolis, IN.",https://ddinter.scbdd.com/ddinter/interact/986424,2026-09-09T18:42:08+00:00
986424,3,"""Product Information. Thorazine (chlorpromazine)."" SmithKline Beecham, Philadelphia, PA.",https://ddinter.scbdd.com/ddinter/interact/986424,2026-09-09T18:42:08+00:00
986447,1,"Hardman JG, Gilman AG, Limbird LE eds. ""Goodman and Gilman's the Pharmacological Basis of Therapeutics. 9th ed."" New York, NY: McGraw-Hill (1995):",https://ddinter.scbdd.com/ddinter/interact/986447/,2026-09-09T19:58:50+00:00
986447,2,"""Product Information. Hydeltrasol (prednisolone)."" Merck & Co, Inc, West Point, PA.",https://ddinter.scbdd.com/ddinter/interact/986447/,2026-09-09T19:58:50+00:00
986473,1,"Jori A, Carrara MC ""On the mechanism of the hyperglycaemic effect of chlorpromazine."" J Pharm Pharmacol 18 (1966): 623-4",https://ddinter.scbdd.com/ddinter/interact/986473,2026-09-09T18:42:08+00:00
986473,2,"""Product Information. Dymelor (acetohexamide)"" Lilly, Eli and Company, Indianapolis, IN.",https://ddinter.scbdd.com/ddinter/interact/986473,2026-09-09T18:42:08+00:00
986473,3,"""Product Information. Thorazine (chlorpromazine)."" SmithKline Beecham, Philadelphia, PA.",https://ddinter.scbdd.com/ddinter/interact/986473,2026-09-09T18:42:08+00:00
986474,1,"""Multum Information Services, Inc. Expert Review Panel""",https://ddinter.scbdd.com/ddinter/interact/986474/,2026-09-09T19:58:56+00:00
986474,2,"Cerner Multum, Inc. ""UK Summary of Product Characteristics."" O 0",https://ddinter.scbdd.com/ddinter/interact/986474/,2026-09-09T19:58:56+00:00
986510,1,"Sinofsky FE, Pasquale SA ""The effect of fluconazole on circulating ethinyl estradiol levels in women taking oral contraceptives."" Am J Obstet Gynecol 178 (1998): 300-4",https://ddinter.scbdd.com/ddinter/interact/986510/,2026-09-09T19:06:52+00:00
986510,2,"Assan R, Fredj G, Larger E, Feutren G, Bismuth H ""FK 506/fluconazole interaction enhances FK 506 nephrotoxicity."" Diabete Metab 20 (1994): 49-52",https://ddinter.scbdd.com/ddinter/interact/986510/,2026-09-09T19:06:52+00:00
986510,3,"Ulivelli M, Rubegni P, Nuti D, Bartalini S, Giannini F, Rossi S ""Clinical evidence of fluconazole-induced carbamazepine toxicity."" J Neurol 251 (2004): 622-3",https://ddinter.scbdd.com/ddinter/interact/986510/,2026-09-09T19:06:52+00:00
986522,1,"Morris GC, Egan JG, Jones MK ""Hypokalaemic paralysis induced by bolus prednisolone in Graves' disease."" Aust N Z J Med 22 (1992): 312",https://ddinter.scbdd.com/ddinter/interact/986522/,2026-09-09T19:06:46+00:00
986522,2,"Thomas TP ""The complications of systemic corticosteroid therapy in the elderly."" Gerontology 30 (1984): 60-5",https://ddinter.scbdd.com/ddinter/interact/986522/,2026-09-09T19:06:46+00:00
986522,3,"""Product Information. Hydeltrasol (prednisolone)."" Merck & Co, Inc, West Point, PA.",https://ddinter.scbdd.com/ddinter/interact/986522/,2026-09-09T19:06:46+00:00
986529,1,"Jori A, Carrara MC ""On the mechanism of the hyperglycaemic effect of chlorpromazine."" J Pharm Pharmacol 18 (1966): 623-4",https://ddinter.scbdd.com/ddinter/interact/986529,2026-09-09T18:42:08+00:00
986529,2,"""Product Information. Dymelor (acetohexamide)"" Lilly, Eli and Company, Indianapolis, IN.",https://ddinter.scbdd.com/ddinter/interact/986529,2026-09-09T18:42:08+00:00
986529,3,"""Product Information. Thorazine (chlorpromazine)."" SmithKline Beecham, Philadelphia, PA.",https://ddinter.scbdd.com/ddinter/interact/986529,2026-09-09T18:42:08+00:00
986583,1,"Edsbacker S, Andersson T ""Pharmacokinetics of budesonide (Entocort EC) capsules for Crohn's disease."" Clin Pharmacokinet 43 (2004): 803-21",https://ddinter.scbdd.com/ddinter/interact/986583/,2026-09-09T19:07:00+00:00
986583,2,"Finkenbine RD, Frye MD ""Case of psychosis due to prednisone-clarithromycin interaction."" Gen Hosp Psychiat 20 (1998): 325-6",https://ddinter.scbdd.com/ddinter/interact/986583/,2026-09-09T19:07:00+00:00
986583,3,"Soldatos G, Sztal-Mazer S, Woolley I, Stockigt J ""Exogenous glucocorticoid excess as a result of ritonavir-fluticasone interaction."" Intern Med J 35 (2005): 67-8",https://ddinter.scbdd.com/ddinter/interact/986583/,2026-09-09T19:07:00+00:00
986602,1,"Khaliq Y, Zhanel GG ""Fluoroquinolone-Associated Tendinopathy: A Critical Review of the Literature."" Clin Infect Dis 36 (2003): 1404-1410",https://ddinter.scbdd.com/ddinter/interact/986602/,2026-09-09T17:10:54+00:00
986602,2,"""Product Information. Cipro (ciprofloxacin)."" Bayer, West Haven, CT.",https://ddinter.scbdd.com/ddinter/interact/986602/,2026-09-09T17:10:54+00:00
986602,3,"van der Linden PD, Sturkenboom MC, Herings RM, Leufkens HM, Rowlands S, Stricker BH ""Increased risk of achilles tendon rupture with quinolone antibacterial use, especially in elderly patients taking oral corticosteroids."" Arch Intern Med 163 (2003): 1801-7",https://ddinter.scbdd.com/ddinter/interact/986602/,2026-09-09T17:10:54+00:00
986612,1,"""Multum Information Services, Inc. Expert Review Panel""",https://ddinter.scbdd.com/ddinter/interact/986612/,2026-09-09T19:06:58+00:00
986612,2,"Cerner Multum, Inc. ""UK Summary of Product Characteristics."" O 0",https://ddinter.scbdd.com/ddinter/interact/986612/,2026-09-09T19:06:58+00:00
986637,1,"Wolff JE, Hauch H, Kuhl J, Egeler RM, Jurgens H ""Dexamethasone increases hepatotoxicity of MTX in children with brain tumors."" Anticancer Res 18 (1998): 2895-900",https://ddinter.scbdd.com/ddinter/interact/986637/,2026-09-09T19:07:02+00:00
986637,2,"Roenigk HH, Fowler-Bergfeld W, Curtis GH ""Methotrexate for psoriasis in weekly oral doses."" Arch Dermatol 99 (1969): 86-93",https://ddinter.scbdd.com/ddinter/interact/986637/,2026-09-09T19:07:02+00:00
986637,3,"Lafforgue P, Monjanel-Mouterde S, Durand A, Catalin J, Acquaviva PC ""Is there an interaction between low doses of corticosteroids and methotrexate in patients with rheumatoid arthritis? A pharmacokinetic study in 33 patients."" J Rheumatol 20 (1993): 263-7",https://ddinter.scbdd.com/ddinter/interact/986637/,2026-09-09T19:07:02+00:00
986712,1,"Haque N, Thrasher K, Werk EE, Jr Knowles HC, Jr Sholiton LJ ""Studies on dexamethasone metabolism in man: effect of diphenylhydantoin."" J Clin Endocrinol Metab 34 (1972): 44-50",https://ddinter.scbdd.com/ddinter/interact/986712/,2026-09-09T19:06:55+00:00
986712,2,"Lawson LA, Blouin RA, Smith RB, Rapp RP, Young AB ""Phenytoin-dexamethasone interaction: a previously unreported observation."" Surg Neurol 16 (1981): 23-4",https://ddinter.scbdd.com/ddinter/interact/986712/,2026-09-09T19:06:55+00:00
986712,3,"Wong DD, Longenecker RG, Liepman M, Baker S, LaVergne M ""Phenytoin-dexamethasone: a possible drug-drug interaction."" JAMA 254 (1985): 2062-3",https://ddinter.scbdd.com/ddinter/interact/986712/,2026-09-09T19:06:55+00:00
986732,1,"""Quetiapine for schizophrenia."" Med Lett Drugs Ther 39 (1997): 117-8",https://ddinter.scbdd.com/ddinter/interact/986732/,2026-09-09T19:07:27+00:00
986732,2,"Cerner Multum, Inc. ""Australian Product Information."" O 0",https://ddinter.scbdd.com/ddinter/interact/986732/,2026-09-09T19:07:27+00:00
986732,3,"Wong YWJ, Yeh C, Thyrum PT ""The effects of concomitant phenytoin administration on the steady-state pharmacokinetics of quetiapine."" J Clin Psychopharmacol 21 (2001): 89-93",https://ddinter.scbdd.com/ddinter/interact/986732/,2026-09-09T19:07:27+00:00
986739,1,"""Multum Information Services, Inc. Expert Review Panel""",https://ddinter.scbdd.com/ddinter/interact/986739/,2026-09-09T19:07:05+00:00
986739,2,"Cerner Multum, Inc. ""UK Summary of Product Characteristics."" O 0",https://ddinter.scbdd.com/ddinter/interact/986739/,2026-09-09T19:07:05+00:00
986748,1,"Lee KH, Shin JG, Chong WS, Kim S, Lee JS, Jang IJ, Shin SG ""Time course of the changes in prednisolone pharmacokinetics after co-administration or discontinuation of rifampin."" Eur J Clin Pharmacol 45 (1993): 287-9",https://ddinter.scbdd.com/ddinter/interact/986748/,2026-09-09T19:07:07+00:00
986748,2,"Venkatesan K ""Pharmacokinetic drug interactions with rifampicin."" Clin Pharmacokinet 22 (1992): 47-65",https://ddinter.scbdd.com/ddinter/interact/986748/,2026-09-09T19:07:07+00:00
986748,3,"Kyriazopoulou V, Parparousi O, Vagenakis AG ""Rifampicin-induced adrenal crisis in Addisonian patients receiving corticosteroid replacement therapy."" J Clin Endocrinol Metab 59 (1984): 1204-6",https://ddinter.scbdd.com/ddinter/interact/986748/,2026-09-09T19:07:07+00:00
986756,1,"""Product Information. Norvir (ritonavir)."" Abbott Pharmaceutical, Abbott Park, IL.",https://ddinter.scbdd.com/ddinter/interact/986756/,2026-09-09T19:07:16+00:00
986756,2,"Cerner Multum, Inc. ""Australian Product Information."" O 0",https://ddinter.scbdd.com/ddinter/interact/986756/,2026-09-09T19:07:16+00:00
986756,3,"Cerner Multum, Inc. ""UK Summary of Product Characteristics."" O 0",https://ddinter.scbdd.com/ddinter/interact/986756/,2026-09-09T19:07:16+00:00
986757,1,"""Product Information. Xarelto (rivaroxaban)."" Bayer Inc, Toronto, IA.",https://ddinter.scbdd.com/ddinter/interact/986757/,2026-09-09T17:11:09+00:00
986799,1,"""Multum Information Services, Inc. Expert Review Panel""",https://ddinter.scbdd.com/ddinter/interact/986799/,2026-09-09T19:06:53+00:00
986799,2,"Cerner Multum, Inc. ""UK Summary of Product Characteristics."" O 0",https://ddinter.scbdd.com/ddinter/interact/986799/,2026-09-09T19:06:53+00:00
986805,1,"""Product Information. Prograf (tacrolimus)."" Fujisawa, Deerfield, IL.",https://ddinter.scbdd.com/ddinter/interact/986805/,2026-09-09T19:07:14+00:00
986805,2,"Cerner Multum, Inc. ""Australian Product Information."" O 0",https://ddinter.scbdd.com/ddinter/interact/986805/,2026-09-09T19:07:14+00:00
986805,3,"Cerner Multum, Inc. ""UK Summary of Product Characteristics."" O 0",https://ddinter.scbdd.com/ddinter/interact/986805/,2026-09-09T19:07:14+00:00
986823,1,"Fergusson RJ, Scott CM, Rafferty P, Gaddie J ""Effect of prednisolone on theophylline pharmacokinetics in patients with chronic airflow obstruction."" Thorax 42 (1987): 195-8",https://ddinter.scbdd.com/ddinter/interact/986823/,2026-09-09T19:07:20+00:00
986823,2,"Buchanan N, Hurwitz S, Butler P ""Asthma - a possible interaction between hydrocortisone and theophylline."" S Afr Med J 56 (1979): 1147-8",https://ddinter.scbdd.com/ddinter/interact/986823/,2026-09-09T19:07:20+00:00
986823,3,"Leavengood DC, Bunker-Soler AL, Nelson HS ""The effect of corticosteroids on theophylline metabolism."" Ann Allergy 50 (1983): 249-51",https://ddinter.scbdd.com/ddinter/interact/986823/,2026-09-09T19:07:20+00:00
986824,1,"""Product Information. Brilinta (ticagrelor)."" Astra-Zeneca Pharmaceuticals, Wilmington, DE.",https://ddinter.scbdd.com/ddinter/interact/986824/,2026-09-09T17:11:51+00:00
986824,2,"Weeks P, Sieg A, Vahdat K, Raissi F, Nathan S ""Improved ticagrelor antiplatelet effect on discontinuation of phenytoin."" Ann Pharmacother 48 (2014): 644-7",https://ddinter.scbdd.com/ddinter/interact/986824/,2026-09-09T17:11:51+00:00
986824,3,"Cerner Multum, Inc. ""UK Summary of Product Characteristics."" O 0",https://ddinter.scbdd.com/ddinter/interact/986824/,2026-09-09T17:11:51+00:00
986854,1,"""Multum Information Services, Inc. Expert Review Panel""",https://ddinter.scbdd.com/ddinter/interact/986854/,2026-09-09T19:07:41+00:00
986854,2,"Cerner Multum, Inc. ""UK Summary of Product Characteristics."" O 0",https://ddinter.scbdd.com/ddinter/interact/986854/,2026-09-09T19:07:41+00:00
986871,1,"Ku LL, Ward CO, Durgin SJ ""A clinical study of drug interaction and anticoagulant therapy."" Drug Intell Clin Pharm 4 (1970): 300-6",https://ddinter.scbdd.com/ddinter/interact/986871/,2026-09-09T19:07:30+00:00
986871,2,"Stading JA ""Effects of prednisone on the International Normalized Ratio."" Am J Health Syst Pharm 63 (2006): 2354-2356",https://ddinter.scbdd.com/ddinter/interact/986871/,2026-09-09T19:07:30+00:00
986871,3,"Brozovic M, Gurd LJ ""Prothrombin during warfarin treatment."" Br J Haematol 24 (1973): 579-88",https://ddinter.scbdd.com/ddinter/interact/986871/,2026-09-09T19:07:30+00:00
987953,1,"Murphy BF, Whitworth JA, Kincaid-Smith P ""Renal insufficiency with combinations of angiotensin converting enzyme inhibitors and diuretics."" Br Med J 288 (1984): 844-5",https://ddinter.scbdd.com/ddinter/interact/987953/,2026-09-09T19:07:34+00:00
987953,2,"Sudoh T, Fujimura A, Shiga T, et al. ""Influence of lisinopril on urinary electrolytes excretion after furosemide in healthy subjects."" J Clin Pharmacol 33 (1993): 640-3",https://ddinter.scbdd.com/ddinter/interact/987953/,2026-09-09T19:07:34+00:00
987953,3,"""Product Information. Lexxel (enalapril-felodipine)."" Astra Pharmaceuticals, Wayne, PA.",https://ddinter.scbdd.com/ddinter/interact/987953/,2026-09-09T19:07:34+00:00
987956,1,"Murphy BF, Whitworth JA, Kincaid-Smith P ""Renal insufficiency with combinations of angiotensin converting enzyme inhibitors and diuretics."" Br Med J 288 (1984): 844-5",https://ddinter.scbdd.com/ddinter/interact/987956/,2026-09-09T19:07:32+00:00
987956,2,"Sudoh T, Fujimura A, Shiga T, et al. ""Influence of lisinopril on urinary electrolytes excretion after furosemide in healthy subjects."" J Clin Pharmacol 33 (1993): 640-3",https://ddinter.scbdd.com/ddinter/interact/987956/,2026-09-09T19:07:32+00:00
987956,3,"""Product Information. Lexxel (enalapril-felodipine)."" Astra Pharmaceuticals, Wayne, PA.",https://ddinter.scbdd.com/ddinter/interact/987956/,2026-09-09T19:07:32+00:00
992036,1,"Patterson BD ""Possible interaction between metronidazole and carbamazepine."" Ann Pharmacother 28 (1994): 1303-4",https://ddinter.scbdd.com/ddinter/interact/992036/,2026-09-09T19:07:38+00:00
992036,2,"Albert KS, Welch RD, DeSante KA, DiSanto AR ""Decreased tetracycline bioavailability caused by a bismuth subsalicylate antidiarrheal mixture."" J Pharm Sci 68 (1979): 586-8",https://ddinter.scbdd.com/ddinter/interact/992036/,2026-09-09T19:07:38+00:00
992036,3,"Ericsson CD, Feldman S, Pickering LK, Cleary TG ""Influence of subsalicylate bismuth on absorption of doxycycline."" JAMA 247 (1982): 2266-7",https://ddinter.scbdd.com/ddinter/interact/992036/,2026-09-09T19:07:38+00:00
992051,1,"Zylber-Katz E, Rubinger D, Berlatzky Y ""Cyclosporine interactions with metronidazole and cimetidine."" Drug Intell Clin Pharm 22 (1988): 504-5",https://ddinter.scbdd.com/ddinter/interact/992051/,2026-09-09T19:07:52+00:00
992051,2,"""Product Information. Flagyl (metronidazole)."" Searle, Skokie, IL.",https://ddinter.scbdd.com/ddinter/interact/992051/,2026-09-09T19:07:52+00:00
992051,3,"""Product Information. Tindamax (tinidazole)."" Presutti Laboratories Inc, Arlington Heights, IL.",https://ddinter.scbdd.com/ddinter/interact/992051/,2026-09-09T19:07:52+00:00
992139,1,"""Product Information. Flagyl (metronidazole)."" Searle, Skokie, IL.",https://ddinter.scbdd.com/ddinter/interact/992139/,2026-09-09T19:08:04+00:00
992139,2,"""Product Information. Tindamax (tinidazole)."" Presutti Laboratories Inc, Arlington Heights, IL.",https://ddinter.scbdd.com/ddinter/interact/992139/,2026-09-09T19:08:04+00:00
992139,3,"Jensen JC, Gugler R ""Interaction between metronidazole and drugs eliminated by oxidative metabolism."" Clin Pharmacol Ther 37 (1985): 407-10",https://ddinter.scbdd.com/ddinter/interact/992139/,2026-09-09T19:08:04+00:00
992148,1,"""Product Information. Tindamax (tinidazole)."" Presutti Laboratories Inc, Arlington Heights, IL.",https://ddinter.scbdd.com/ddinter/interact/992148/,2026-09-09T19:07:55+00:00
992148,2,"Visapaa JP, Tillonen JS, Kaihovaara PS, Salaspuro MP ""Lack of disulfiram-like reaction with metronidazole and ethanol."" Ann Pharmacother 36 (2002): 971-4",https://ddinter.scbdd.com/ddinter/interact/992148/,2026-09-09T19:07:55+00:00
992148,3,"Giannini AJ, DeFrance DT ""Metronidazole and alcohol: potential for combinative abuse."" J Toxicol Clin Toxicol 20 (1983): 509-15",https://ddinter.scbdd.com/ddinter/interact/992148/,2026-09-09T19:07:55+00:00
992150,1,"""Product Information. Norvir (ritonavir)."" Abbott Pharmaceutical, Abbott Park, IL.",https://ddinter.scbdd.com/ddinter/interact/992150/,2026-09-09T19:07:50+00:00
992150,2,"Williams CS, Woodcock KR ""Do ethanol and metronidazole interact to produce a disulfiram-like reaction?."" Ann Pharmacother 34 (2000): 255-7",https://ddinter.scbdd.com/ddinter/interact/992150/,2026-09-09T19:07:50+00:00
992150,3,"Uri JV, Parks DB ""Disulfiram-like reaction to certain cephalosporins."" Ther Drug Monit 5 (1983): 219-24",https://ddinter.scbdd.com/ddinter/interact/992150/,2026-09-09T19:07:50+00:00
992153,1,"EMEA. European Medicines Agency ""EPARs. European Union Public Assessment Reports. Available from: URL: http://www.ema.europa.eu/ema/index.jsp?curl=pages/includes/medicines/medicines_landingpage.jsp&mid.""",https://ddinter.scbdd.com/ddinter/interact/992153/,2026-09-09T19:08:11+00:00
992153,2,"Pharmaceutical Society of Australia ""APPGuide online. Australian prescription products guide online. Available from: URL: http://www.appco.com.au/appguide/default.asp."" ([2006]):",https://ddinter.scbdd.com/ddinter/interact/992153/,2026-09-09T19:08:11+00:00
992153,3,"Carrion C, Espinosa E, Herrero A, Garcia B ""Possible vincristine-isoniazid interaction."" Ann Pharmacother 29 (1995): 201",https://ddinter.scbdd.com/ddinter/interact/992153/,2026-09-09T19:08:11+00:00
992155,1,"EMEA. European Medicines Agency ""EPARs. European Union Public Assessment Reports. Available from: URL: http://www.ema.europa.eu/ema/index.jsp?curl=pages/includes/medicines/medicines_landingpage.jsp&mid.""",https://ddinter.scbdd.com/ddinter/interact/992155/,2026-09-09T19:08:00+00:00
992155,2,"Pharmaceutical Society of Australia ""APPGuide online. Australian prescription products guide online. Available from: URL: http://www.appco.com.au/appguide/default.asp."" ([2006]):",https://ddinter.scbdd.com/ddinter/interact/992155/,2026-09-09T19:08:00+00:00
992155,3,"Carrion C, Espinosa E, Herrero A, Garcia B ""Possible vincristine-isoniazid interaction."" Ann Pharmacother 29 (1995): 201",https://ddinter.scbdd.com/ddinter/interact/992155/,2026-09-09T19:08:00+00:00
992164,1,"Page RL, Klem PM, Rogers C ""Potential elevation of tacrolimus trough concentrations with concomitant metronidazole therapy."" Ann Pharmacother 39 (2005): 1109-13",https://ddinter.scbdd.com/ddinter/interact/992164/,2026-09-09T19:07:47+00:00
992164,2,"""Product Information. Tindamax (tinidazole)."" Presutti Laboratories Inc, Arlington Heights, IL.",https://ddinter.scbdd.com/ddinter/interact/992164/,2026-09-09T19:07:47+00:00
992164,3,"""Product Information. Flagyl (metronidazole)."" Searle, Skokie, IL.",https://ddinter.scbdd.com/ddinter/interact/992164/,2026-09-09T19:07:47+00:00
992181,1,"Hermida J, Zarza J, Alberca I, et al. ""Differential effects of 2C9*3 and 2C9*2 variants of cytochrome P-450 CYP2C9 on sensitivity to acenocoumarol."" Blood 99 (2002): 4237-9",https://ddinter.scbdd.com/ddinter/interact/992181/,2026-09-09T19:08:07+00:00
992181,2,"Venkatakrishnan K, vonMoltke LL, Greenblatt DJ ""Effects of the antifungal agents on oxidative drug metabolism - Clinical relevance."" Clin Pharmacokinet 38 (2000): 111-80",https://ddinter.scbdd.com/ddinter/interact/992181/,2026-09-09T19:08:07+00:00
992181,3,"Serlin MJ, Breckenridge AM ""Drug interactions with warfarin."" Drugs 25 (1983): 610-20",https://ddinter.scbdd.com/ddinter/interact/992181/,2026-09-09T19:08:07+00:00
992252,1,"""Product Information. Jardiance (empagliflozin)."" Boehringer Ingelheim, Ridgefield, CT.",https://ddinter.scbdd.com/ddinter/interact/992252/,2026-09-09T17:11:59+00:00
992252,2,"Cerner Multum, Inc. ""Australian Product Information."" O 0",https://ddinter.scbdd.com/ddinter/interact/992252/,2026-09-09T17:11:59+00:00
992252,3,"Cerner Multum, Inc. ""UK Summary of Product Characteristics."" O 0",https://ddinter.scbdd.com/ddinter/interact/992252/,2026-09-09T17:11:59+00:00
992262,1,"Lowenthal DT, Porter RS, Saris SD, Bies CM, Slegowski MB, Staudacher A ""Clinical pharmacology, pharmacodynamics and interactions with esmolol."" Am J Cardiol 56 (1985): f14-8",https://ddinter.scbdd.com/ddinter/interact/992262/,2026-09-09T19:07:43+00:00
992262,2,"""Product Information. Zebeta (bisoprolol)."" Lederle Laboratories, Wayne, NJ.",https://ddinter.scbdd.com/ddinter/interact/992262/,2026-09-09T19:07:43+00:00
992262,3,"Watt DA ""Sensitivity to propranolol after digoxin intoxication."" Br Med J 2 (1968): 413-4",https://ddinter.scbdd.com/ddinter/interact/992262/,2026-09-09T19:07:43+00:00
992279,1,"""Product Information. Jardiance (empagliflozin)."" Boehringer Ingelheim, Ridgefield, CT.",https://ddinter.scbdd.com/ddinter/interact/992279/,2026-09-09T17:12:15+00:00
992279,2,"Cerner Multum, Inc. ""Australian Product Information."" O 0",https://ddinter.scbdd.com/ddinter/interact/992279/,2026-09-09T17:12:15+00:00
992279,3,"Cerner Multum, Inc. ""UK Summary of Product Characteristics."" O 0",https://ddinter.scbdd.com/ddinter/interact/992279/,2026-09-09T17:12:15+00:00
992305,1,"Zaman R, Kendall MJ, Biggs PI ""The effect of acebutolol and propranolol on the hypoglycaemic action of glibenclamide."" Br J Clin Pharmacol 13 (1982): 507-12",https://ddinter.scbdd.com/ddinter/interact/992305,2026-09-09T18:42:08+00:00
992305,2,"Shepherd AM, Lin M-S, Keeton TK ""Hypoglycemia-induced hypertension in a diabetic patient on metoprolol."" Ann Intern Med 94 (1981): 357-8",https://ddinter.scbdd.com/ddinter/interact/992305,2026-09-09T18:42:08+00:00
992305,3,"Viberti GC, Keen H, Bloom SR ""Beta blockade and diabetes mellitus: effect of oxprenolol and metoprolol on the metabolic, cardiovascular, and hormonal response to insulin-induced hypoglycemia in normal subjects."" Metabolism 29 (1980): 866-72",https://ddinter.scbdd.com/ddinter/interact/992305,2026-09-09T18:42:08+00:00
992426,1,"""Product Information. Seroquel (quetiapine)."" Zeneca Pharmaceuticals, Wilmington, DE.",https://ddinter.scbdd.com/ddinter/interact/992426/,2026-09-09T19:08:09+00:00
992426,2,"""Product Information. Rexulti (brexpiprazole)."" Otsuka American Pharmaceuticals Inc, Rockville, MD.",https://ddinter.scbdd.com/ddinter/interact/992426/,2026-09-09T19:08:09+00:00
992426,3,"""Product Information. Clozaril (clozapine)."" Novartis Pharmaceuticals, East Hanover, NJ.",https://ddinter.scbdd.com/ddinter/interact/992426/,2026-09-09T19:08:09+00:00
992469,1,"""Product Information. Seroquel (quetiapine)."" Zeneca Pharmaceuticals, Wilmington, DE.",https://ddinter.scbdd.com/ddinter/interact/992469/,2026-09-09T19:07:57+00:00
992469,2,"""Product Information. Rexulti (brexpiprazole)."" Otsuka American Pharmaceuticals Inc, Rockville, MD.",https://ddinter.scbdd.com/ddinter/interact/992469/,2026-09-09T19:07:57+00:00
992469,3,"""Product Information. Clozaril (clozapine)."" Novartis Pharmaceuticals, East Hanover, NJ.",https://ddinter.scbdd.com/ddinter/interact/992469/,2026-09-09T19:07:57+00:00
992477,1,"Kirch W, Rose I, Klingmann I, Pabst J, Ohnhaus EE ""Interaction of bisoprolol with cimetidine and rifampicin."" Eur J Clin Pharmacol 31 (1986): 59-62",https://ddinter.scbdd.com/ddinter/interact/992477/,2026-09-09T17:12:10+00:00
992477,2,"Le Coz F, Sauleman P, Poirier JM, Cuche JL, Midavaine M, Rames A, Lecocq B, Jaillon P ""Oral pharmacokinetics of bisoprolol in resting and exercising healthy volunteers."" J Cardiovasc Pharmacol 18 (1991): 28-34",https://ddinter.scbdd.com/ddinter/interact/992477/,2026-09-09T17:12:10+00:00
992477,3,"""Product Information. Tenormin (atenolol)."" ICN Pharmaceuticals Inc, Cost Mesa, CA.",https://ddinter.scbdd.com/ddinter/interact/992477/,2026-09-09T17:12:10+00:00
992479,1,"""Product Information. Seroquel (quetiapine)."" Zeneca Pharmaceuticals, Wilmington, DE.",https://ddinter.scbdd.com/ddinter/interact/992479/,2026-09-09T19:08:17+00:00
992479,2,"""Product Information. Rexulti (brexpiprazole)."" Otsuka American Pharmaceuticals Inc, Rockville, MD.",https://ddinter.scbdd.com/ddinter/interact/992479/,2026-09-09T19:08:17+00:00
992479,3,"""Product Information. Clozaril (clozapine)."" Novartis Pharmaceuticals, East Hanover, NJ.",https://ddinter.scbdd.com/ddinter/interact/992479/,2026-09-09T19:08:17+00:00
992497,1,"Dean S, Kendall MJ, Potter S, Thompson MH, Jackson DA ""Nadolol in combination with indapamide and xipamide in resistant hypertensives."" Eur J Clin Pharmacol 28 (1985): 29-33",https://ddinter.scbdd.com/ddinter/interact/992497/,2026-09-09T19:08:21+00:00
992497,2,"Dornhorst A, Powell SH, Pensky J ""Aggravation by propranolol of hyperglycaemic effect of hydrochlorothiazide in type II diabetics without alteration of insulin secretion."" Lancet 1 (1985): 123-6",https://ddinter.scbdd.com/ddinter/interact/992497/,2026-09-09T19:08:21+00:00
992497,3,"""Product Information. Lozol (indapamide)."" Rhone-Poulenc Rorer, Collegeville, PA.",https://ddinter.scbdd.com/ddinter/interact/992497/,2026-09-09T19:08:21+00:00
992513,1,"Upton RA ""Pharmacokinetic interactions between theophylline and other medication (Part II)."" Clin Pharmacokinet 20 (1991): 135-50",https://ddinter.scbdd.com/ddinter/interact/992513/,2026-09-09T19:08:13+00:00
992513,2,"Mue S, Sasaki T, Shibahara S, et alT ""Influence of metoprolol on hemodynamics and respiratory function in asthmatic patients."" Int J Clin Pharmacol Biopharm 17 (1979): 346-50",https://ddinter.scbdd.com/ddinter/interact/992513/,2026-09-09T19:08:13+00:00
992513,3,"Lombardi TP, Bertino JS, Goldberg A, Middleton E, Slaughter RL ""The effects of a beta-2 selective adrenergic agonist and a beta- nonselective antagonist on theophylline clearance."" J Clin Pharmacol 27 (1987): 523-9",https://ddinter.scbdd.com/ddinter/interact/992513/,2026-09-09T19:08:13+00:00
992518,1,"Cerner Multum, Inc. ""UK Summary of Product Characteristics."" O 0",https://ddinter.scbdd.com/ddinter/interact/992518,2026-09-09T18:42:09+00:00
992518,2,"""Product Information. Brilinta (ticagrelor)."" Astra-Zeneca Pharmaceuticals, Wilmington, DE.",https://ddinter.scbdd.com/ddinter/interact/992518,2026-09-09T18:42:09+00:00
992542,1,"Cerner Multum, Inc. ""UK Summary of Product Characteristics."" O 0",https://ddinter.scbdd.com/ddinter/interact/992542/,2026-09-09T19:08:15+00:00
992542,2,"Cerner Multum, Inc. ""Australian Product Information."" O 0",https://ddinter.scbdd.com/ddinter/interact/992542/,2026-09-09T19:08:15+00:00
1002067,1,"""Product Information. Diflucan (fluconazole)."" Roerig Division, New York, NY.",https://ddinter.scbdd.com/ddinter/interact/1002067/,2026-09-09T19:08:19+00:00
1002067,2,"Cerner Multum, Inc. ""UK Summary of Product Characteristics."" O 0",https://ddinter.scbdd.com/ddinter/interact/1002067/,2026-09-09T19:08:19+00:00
1002067,3,"Cerner Multum, Inc. ""Australian Product Information."" O 0",https://ddinter.scbdd.com/ddinter/interact/1002067/,2026-09-09T19:08:19+00:00
1003583,1,"Dammann HG ""Therapy with omeprazole and clarithromycin increases serum carbamazepine levels in patients with h-pylori gastritis."" Dig Dis Sci 41 (1996): 519",https://ddinter.scbdd.com/ddinter/interact/1003583/,2026-09-09T19:08:24+00:00
1003583,2,"Cerner Multum, Inc. ""UK Summary of Product Characteristics."" O 0",https://ddinter.scbdd.com/ddinter/interact/1003583/,2026-09-09T19:08:24+00:00
1003583,3,"Cerner Multum, Inc. ""Australian Product Information."" O 0",https://ddinter.scbdd.com/ddinter/interact/1003583/,2026-09-09T19:08:24+00:00
1003604,1,"Yee GC, McGuire TR ""Pharmacokinetic drug interactions with cyclosporin (Part I)."" Clin Pharmacokinet 19 (1990): 319-32",https://ddinter.scbdd.com/ddinter/interact/1003604/,2026-09-09T19:08:38+00:00
1003604,2,"Lele P, Peterson P, Yang S, Jarrell B, Burke JF ""Cyclosporine and tegretol--another drug interaction."" Kidney Int 27 (1985): 344",https://ddinter.scbdd.com/ddinter/interact/1003604/,2026-09-09T19:08:38+00:00
1003604,3,"""Product Information. Sandimmune (cyclosporine)."" Sandoz Pharmaceuticals Corporation, East Hanover, NJ.",https://ddinter.scbdd.com/ddinter/interact/1003604/,2026-09-09T19:08:38+00:00
1003634,1,"Kondo T, Otani K, Hirano T, et al ""The effects of phenytoin and carbamazepine on serum concentrations of mono-unsaturated metabolites of valproic acid."" Br J Clin Pharmacol 29 (1990): 116-9",https://ddinter.scbdd.com/ddinter/interact/1003634/,2026-09-09T19:08:31+00:00
1003634,2,"Sackellares JC, Sato S, Dreifuss FE, Penry JK ""Reduction of steady-state valproate levels by other antiepileptic drugs."" Epilepsia 22 (1981): 437-41",https://ddinter.scbdd.com/ddinter/interact/1003634/,2026-09-09T19:08:31+00:00
1003634,3,"Jann MW, Fidone GS, Israel MK, Bonadero P ""Increased valproate serum concentrations upon carbamazepine cessation."" Epilepsia 29 (1988): 578-81",https://ddinter.scbdd.com/ddinter/interact/1003634/,2026-09-09T19:08:31+00:00
1003650,1,"""Product Information. Belsomra (suvorexant)."" Merck & Company Inc, Whitehouse Station, NJ.",https://ddinter.scbdd.com/ddinter/interact/1003650/,2026-09-09T19:08:23+00:00
1003650,2,"Divoll M, Greenblatt DJ, Lacasse Y, Shader RI ""Benzodiazepine overdosage: plasma concentrations and clinical outcome."" Psychopharmacology (Berl) 73 (1981): 381-3",https://ddinter.scbdd.com/ddinter/interact/1003650/,2026-09-09T19:08:23+00:00
1003650,3,"Grabowski BS, Cady WJ, Young WW, Emery JF ""Effects of acute alcohol administration on propranolol absorption."" Int J Clin Pharmacol Ther Toxicol 18 (1980): 317-9",https://ddinter.scbdd.com/ddinter/interact/1003650/,2026-09-09T19:08:23+00:00
1003659,1,"Cerner Multum, Inc. ""UK Summary of Product Characteristics."" O 0",https://ddinter.scbdd.com/ddinter/interact/1003659/,2026-09-09T17:13:14+00:00
1003659,2,"""Product Information. Glyxambi (empagliflozin-linagliptin)."" Boehringer Ingelheim, Ridgefield, CT.",https://ddinter.scbdd.com/ddinter/interact/1003659/,2026-09-09T17:13:14+00:00
1003659,3,"Cerner Multum, Inc. ""Australian Product Information."" O 0",https://ddinter.scbdd.com/ddinter/interact/1003659/,2026-09-09T17:13:14+00:00
1003674,1,"""Product Information. Lexapro (escitalopram)."" Forest Pharmaceuticals, St. Louis, MO.",https://ddinter.scbdd.com/ddinter/interact/1003674/,2026-09-09T17:12:59+00:00
1003674,2,"Moller SE, Larsen F, Khant AZ, Rolan PE ""Lack of effect of citalopram on the steady-state pharmacokinetics of carbamazepine in healthy male subjects."" J Clin Psychopharmacol 21 (2001): 493-9",https://ddinter.scbdd.com/ddinter/interact/1003674/,2026-09-09T17:12:59+00:00
1003674,3,"""Product Information. Celexa (citalopram)."" Forest Pharmaceuticals, St. Louis, MO.",https://ddinter.scbdd.com/ddinter/interact/1003674/,2026-09-09T17:12:59+00:00
1003701,1,"Sinofsky FE, Pasquale SA ""The effect of fluconazole on circulating ethinyl estradiol levels in women taking oral contraceptives."" Am J Obstet Gynecol 178 (1998): 300-4",https://ddinter.scbdd.com/ddinter/interact/1003701/,2026-09-09T19:08:27+00:00
1003701,2,"Assan R, Fredj G, Larger E, Feutren G, Bismuth H ""FK 506/fluconazole interaction enhances FK 506 nephrotoxicity."" Diabete Metab 20 (1994): 49-52",https://ddinter.scbdd.com/ddinter/interact/1003701/,2026-09-09T19:08:27+00:00
1003701,3,"Ulivelli M, Rubegni P, Nuti D, Bartalini S, Giannini F, Rossi S ""Clinical evidence of fluconazole-induced carbamazepine toxicity."" J Neurol 251 (2004): 622-3",https://ddinter.scbdd.com/ddinter/interact/1003701/,2026-09-09T19:08:27+00:00
1003703,1,"Dursun SM, Mathew VM, Reveley MA ""Toxic serotonin syndrome after fluoxetine plus carbamazepine."" Lancet 342 (1993): 442-3",https://ddinter.scbdd.com/ddinter/interact/1003703/,2026-09-09T19:08:41+00:00
1003703,2,"Gidal BE, Anderson GD, Seaton TL, Miyoshi HR, Wilenksy AJ ""Evaluation of the effect of fluoxetine on the formation of carbamazepine epoxide."" Ther Drug Monit 15 (1993): 405-9",https://ddinter.scbdd.com/ddinter/interact/1003703/,2026-09-09T19:08:41+00:00
1003703,3,"Grimsley SR, Jann MW, Carter JG, et al ""Increased carbamazepine plasma concentrations after fluoxetine coadministration."" Clin Pharmacol Ther 50 (1991): 10-5",https://ddinter.scbdd.com/ddinter/interact/1003703/,2026-09-09T19:08:41+00:00
1003739,1,"Spina E, Arena D, Scordo MG, Fazio A, Pisani F, Perucca E ""Elevation of plasma carbamazepine concentrations by ketoconazole in patients with epilepsy."" Ther Drug Monit 19 (1997): 535-8",https://ddinter.scbdd.com/ddinter/interact/1003739/,2026-09-09T19:08:35+00:00
1003739,2,"Schaferkorting M ""Pharmacokinetic optimisation of oral antifungal therapy."" Clin Pharmacokinet 25 (1993): 329-41",https://ddinter.scbdd.com/ddinter/interact/1003739/,2026-09-09T19:08:35+00:00
1003739,3,"Cerner Multum, Inc. ""Australian Product Information."" O 0",https://ddinter.scbdd.com/ddinter/interact/1003739/,2026-09-09T19:08:35+00:00
1003750,1,"Bottiger Y, Svensson JO, Stahle L ""Lamotrigine drug interactions in a TDM material."" Ther Drug Monit 21 (1999): 171-4",https://ddinter.scbdd.com/ddinter/interact/1003750/,2026-09-09T19:08:40+00:00
1003750,2,"Jawad S, Richens A, Goodwin G, Yuen WC ""Controlled trial of lamotrigine (Lamictal) for refractory partial seizures."" Epilepsia 30 (1989): 356-63",https://ddinter.scbdd.com/ddinter/interact/1003750/,2026-09-09T19:08:40+00:00
1003750,3,"Patsalos PN, Perucca E ""Clinically important drug interactions in epilepsy: interactions between antiepileptic drugs and other drugs."" Lancet Neurol 2 (2003): 473-81",https://ddinter.scbdd.com/ddinter/interact/1003750/,2026-09-09T19:08:40+00:00
1003805,1,"Cerner Multum, Inc. ""UK Summary of Product Characteristics."" O 0",https://ddinter.scbdd.com/ddinter/interact/1003805/,2026-09-09T19:08:33+00:00
1003805,2,"""Product Information. Methotrexate (methotrexate)."" Lederle Laboratories, Wayne, NJ.",https://ddinter.scbdd.com/ddinter/interact/1003805/,2026-09-09T19:08:33+00:00
1003805,3,"Nesher G, Mates M, Zevin S ""Effect of caffeine consumption on efficacy of methotrexate in rheumatoid arthritis."" Arthritis Rheum 48 (2003): 571-572",https://ddinter.scbdd.com/ddinter/interact/1003805/,2026-09-09T19:08:33+00:00
1003848,1,"""Product Information. Tegretol (carbamazepine)."" Novartis Pharmaceuticals, East Hanover, NJ.",https://ddinter.scbdd.com/ddinter/interact/1003848/,2026-09-09T19:08:29+00:00
1003848,2,"Garg SK, Kumar N, Bhargava VK, Prabhakar SK ""Effect of grapefruit juice on carbamazepine bioavailability in patients with epilepsy."" Clin Pharmacol Ther 64 (1998): 286-8",https://ddinter.scbdd.com/ddinter/interact/1003848/,2026-09-09T19:08:29+00:00
1003892,1,"Perucca E, Richens A ""Reversal by phenytoin of carbamazepine-induced water intoxication: a pharmacokinetic interaction."" J Neurol Neurosurg Psychiatry 43 (1980): 540-5",https://ddinter.scbdd.com/ddinter/interact/1003892/,2026-09-09T19:08:44+00:00
1003892,2,"Gratz ES, Theodore WH, Newmark ME, Kupferberg HJ, Porter RJ, Qu Z ""Effect of carbamazepine on phenytoin clearance in patients with complex partial seizures."" Neurology 32 (1982): a223",https://ddinter.scbdd.com/ddinter/interact/1003892/,2026-09-09T19:08:44+00:00
1003892,3,"Zielinski JJ, Haidukewych D, Leheta BJ ""Carbamazepine-phenytoin interaction: elevation of plasma phenytoin concentrations due to carbamazepine comedication."" Ther Drug Monit 7 (1985): 51-3",https://ddinter.scbdd.com/ddinter/interact/1003892/,2026-09-09T19:08:44+00:00
1003926,1,"Grimm SW, Richtand NM, Winter HR, Stams KR, Reele SB ""Effects of cytochrome P450 3A modulators ketoconazole and carbamazepine on quetiapine pharmacokinetics."" Br J Clin Pharmacol 61 (2006): 58-69",https://ddinter.scbdd.com/ddinter/interact/1003926/,2026-09-09T19:08:51+00:00
1003926,2,"""Product Information. Tegretol (carbamazepine)."" Novartis Pharmaceuticals, East Hanover, NJ.",https://ddinter.scbdd.com/ddinter/interact/1003926/,2026-09-09T19:08:51+00:00
1003926,3,"""Product Information. Seroquel (quetiapine)."" Zeneca Pharmaceuticals, Wilmington, DE.",https://ddinter.scbdd.com/ddinter/interact/1003926/,2026-09-09T19:08:51+00:00
1003942,1,"Tomson T, Spina E, Wedlund JE ""Minor additive inducing effects of phenobarbital on carbamazepine clearance in patients on combined carbamazepine-phenytoin therapy."" Ther Drug Monit 9 (1987): 117-9",https://ddinter.scbdd.com/ddinter/interact/1003942/,2026-09-09T19:08:45+00:00
1003942,2,"Spina E, Martines C, Fazio A, Trio R, Pisani F, Tomson T ""Effect of phenobarbital on the pharmacokinetics of carbamazepine-10, 11-epoxide, an active metabolite of carbamazepine."" Ther Drug Monit 13 (1991): 109-12",https://ddinter.scbdd.com/ddinter/interact/1003942/,2026-09-09T19:08:45+00:00
1003942,3,"Ramsay RE, McManus DQ, Guterman A, et al ""Carbamazepine metabolism in humans: effect of concurrent anticonvulsant therapy."" Ther Drug Monit 12 (1990): 235-41",https://ddinter.scbdd.com/ddinter/interact/1003942/,2026-09-09T19:08:45+00:00
1003949,1,"Spina E, Avenoso A, Facciola G, Salemi M, Scordo MG, Giacobello T, Madia AG, Perucca E ""Plasma concentrations of risperidone and 9-hydroxyrisperidone: Effect of comedication with carbamazepine or valproate."" Ther Drug Monit 22 (2000): 481-5",https://ddinter.scbdd.com/ddinter/interact/1003949/,2026-09-09T19:08:53+00:00
1003949,2,"""Product Information. Risperdal (risperidone)."" Janssen Pharmaceutica, Titusville, NJ.",https://ddinter.scbdd.com/ddinter/interact/1003949/,2026-09-09T19:08:53+00:00
1003949,3,"Spina E, Scordo MG, Avenoso A, Perucca E ""Adverse drug interaction between risperidone and carbamazepine in a patient with chronic schizophrenia and deficient CYP2D6 activity."" J Clin Psychopharmacol 21 (2001): 108-9",https://ddinter.scbdd.com/ddinter/interact/1003949/,2026-09-09T19:08:53+00:00
1003950,1,"Barry M, Gibbons S, Back D, Mulcahy F ""Protease inhibitors in patients with HIV disease. Clinically important pharmacokinetic considerations."" Clin Pharmacokinet 32 (1997): 194-209",https://ddinter.scbdd.com/ddinter/interact/1003950/,2026-09-09T19:08:47+00:00
1003950,2,"Bates DE, Herman RJ ""Carbamazepine toxicity induced by lopinavir/ritonavir and nelfinavir."" Ann Pharmacother 40 (2006): 1190-5",https://ddinter.scbdd.com/ddinter/interact/1003950/,2026-09-09T19:08:47+00:00
1003950,3,"Brooks J, Daily J, Schwamm L ""Protease inhibitors and anticonvulsants."" AIDS Clin Care 9 (1997): 87,90",https://ddinter.scbdd.com/ddinter/interact/1003950/,2026-09-09T19:08:47+00:00
1003951,1,"Canadian Pharmacists Association ""e-CPS. Available from: URL: http://www.pharmacists.ca/function/Subscriptions/ecps.cfm?link=eCPS_quikLink.""",https://ddinter.scbdd.com/ddinter/interact/1003951/,2026-09-09T17:13:48+00:00
1003951,2,"Cerner Multum, Inc. ""Australian Product Information."" O 0",https://ddinter.scbdd.com/ddinter/interact/1003951/,2026-09-09T17:13:48+00:00
1003951,3,"Cerner Multum, Inc. ""UK Summary of Product Characteristics."" O 0",https://ddinter.scbdd.com/ddinter/interact/1003951/,2026-09-09T17:13:48+00:00
1003978,1,"""Product Information. Zocor (simvastatin)."" Merck & Co, Inc, West Point, PA.",https://ddinter.scbdd.com/ddinter/interact/1003978/,2026-09-09T19:08:49+00:00
1003978,2,"""Product Information. Crestor (rosuvastatin)."" AstraZeneca Pharma Inc, Mississauga, ON.",https://ddinter.scbdd.com/ddinter/interact/1003978/,2026-09-09T19:08:49+00:00
1003978,3,"""Product Information. Pravachol (pravastatin)."" Bristol-Myers Squibb, Princeton, NJ.",https://ddinter.scbdd.com/ddinter/interact/1003978/,2026-09-09T19:08:49+00:00
1003990,1,"""Product Information. Carbatrol (carbamazepine)."" Athena Neurosciences Inc, South San Francisco, CA.",https://ddinter.scbdd.com/ddinter/interact/1003990/,2026-09-09T19:08:56+00:00
1003990,2,"Yassa R, Nastase C, Camille Y, Henderson M, Belzile L, Beland F ""Carbamazepine, diuretics, and hyponatremia: a possible interaction."" J Clin Psychiatry 48 (1987): 281-3",https://ddinter.scbdd.com/ddinter/interact/1003990/,2026-09-09T19:08:56+00:00
1003990,3,"Garg SK, Kumar N, Bhargava VK, Prabhakar SK ""Effect of grapefruit juice on carbamazepine bioavailability in patients with epilepsy."" Clin Pharmacol Ther 64 (1998): 286-8",https://ddinter.scbdd.com/ddinter/interact/1003990/,2026-09-09T19:08:56+00:00
1003999,1,"Iwasaki K, Matsuda H, Nagase K, Shiraga T, Tokuma Y, Uchida K ""Effects of twenty-three drugs on the metabolism of FK506 by human liver microsomes."" Res Commun Chem Pathol Pharmacol 82 (1993): 209-16",https://ddinter.scbdd.com/ddinter/interact/1003999/,2026-09-09T19:08:59+00:00
1003999,2,"Bhaloo S, Prasad GV ""Severe reduction in tacrolimus levels with rifampin despite multiple cytochrome P450 inhibitors: a case report."" Transplant Proc 35 (2003): 2449-51",https://ddinter.scbdd.com/ddinter/interact/1003999/,2026-09-09T19:08:59+00:00
1003999,3,"Furlan V, Perello L, Jacquemin E, Debray D, Taburet AM ""Interactions between FK506 and rifampin or erythromycin in pediatric liver recipients."" Transplantation 59 (1995): 1217-8",https://ddinter.scbdd.com/ddinter/interact/1003999/,2026-09-09T19:08:59+00:00
1004015,1,"Upton RA ""Pharmacokinetic interactions between theophylline and other medication (Part I)."" Clin Pharmacokinet 20 (1991): 66-80",https://ddinter.scbdd.com/ddinter/interact/1004015/,2026-09-09T19:09:03+00:00
1004015,2,"Rosenberry KR, Defusco CJ, Mansmann HC, McGeady SJ ""Reduced theophylline half-life induced by carbamazepine therapy."" J Pediatr 102 (1983): 472-4",https://ddinter.scbdd.com/ddinter/interact/1004015/,2026-09-09T19:09:03+00:00
1004015,3,"Mitchell EA ""Interaction between carbamazinepine and theophylline."" N Z Med J 1 (1986): 69-70",https://ddinter.scbdd.com/ddinter/interact/1004015/,2026-09-09T19:09:03+00:00
1004024,1,"""Product Information. Brilinta (ticagrelor)."" Astra-Zeneca Pharmaceuticals, Wilmington, DE.",https://ddinter.scbdd.com/ddinter/interact/1004024/,2026-09-09T17:15:30+00:00
1004024,2,"Teng R, Mitchell P, Butler K ""Effect of rifampicin on the pharmacokinetics and pharmacodynamics of ticagrelor in healthy subjects."" Eur J Clin Pharmacol 69 (2013): 877-83",https://ddinter.scbdd.com/ddinter/interact/1004024/,2026-09-09T17:15:30+00:00
1004024,3,"Patel S, Robinson R, Burk M ""Hypertensive crisis associated with St. John's Wort."" Am J Med 112 (2002): 507-8",https://ddinter.scbdd.com/ddinter/interact/1004024/,2026-09-09T17:15:30+00:00
1004069,1,"""Product Information. Belsomra (suvorexant)."" Merck & Company Inc, Whitehouse Station, NJ.",https://ddinter.scbdd.com/ddinter/interact/1004069/,2026-09-09T19:09:05+00:00
1004069,2,"Divoll M, Greenblatt DJ, Lacasse Y, Shader RI ""Benzodiazepine overdosage: plasma concentrations and clinical outcome."" Psychopharmacology (Berl) 73 (1981): 381-3",https://ddinter.scbdd.com/ddinter/interact/1004069/,2026-09-09T19:09:05+00:00
1004069,3,"Grabowski BS, Cady WJ, Young WW, Emery JF ""Effects of acute alcohol administration on propranolol absorption."" Int J Clin Pharmacol Ther Toxicol 18 (1980): 317-9",https://ddinter.scbdd.com/ddinter/interact/1004069/,2026-09-09T19:09:05+00:00
1004081,1,"Kendall AG, Boivin M ""Warfarin-carbamazepine interaction."" Ann Intern Med 94 (1981): 280",https://ddinter.scbdd.com/ddinter/interact/1004081/,2026-09-09T19:09:07+00:00
1004081,2,"Ross JR, Beeley L ""Interaction between carbamazepine and warfarin."" Br Med J 280 (1980): 1415-6",https://ddinter.scbdd.com/ddinter/interact/1004081/,2026-09-09T19:09:07+00:00
1004081,3,"Denbow CE, Frazer HS ""Clinically significant hemorrhage due to warfarin-carbamazepine interaction."" South Med J 83 (1990): 981",https://ddinter.scbdd.com/ddinter/interact/1004081/,2026-09-09T19:09:07+00:00
1006541,1,"Dean S, Kendall MJ, Potter S, Thompson MH, Jackson DA ""Nadolol in combination with indapamide and xipamide in resistant hypertensives."" Eur J Clin Pharmacol 28 (1985): 29-33",https://ddinter.scbdd.com/ddinter/interact/1006541/,2026-09-09T19:08:58+00:00
1006541,2,"Dornhorst A, Powell SH, Pensky J ""Aggravation by propranolol of hyperglycaemic effect of hydrochlorothiazide in type II diabetics without alteration of insulin secretion."" Lancet 1 (1985): 123-6",https://ddinter.scbdd.com/ddinter/interact/1006541/,2026-09-09T19:08:58+00:00
1006541,3,"""Product Information. Lozol (indapamide)."" Rhone-Poulenc Rorer, Collegeville, PA.",https://ddinter.scbdd.com/ddinter/interact/1006541/,2026-09-09T19:08:58+00:00
1006559,1,"""Product Information. Neoral Oral Solution (cyclosporine)."" Sandoz Pharmaceuticals Corporation, East Hanover, NJ.",https://ddinter.scbdd.com/ddinter/interact/1006559/,2026-09-09T19:58:58+00:00
1006559,2,"Perazella MA ""Drug-induced hyperkalemia: old culprits and new offenders."" Am J Med 109 (2000): 307-14",https://ddinter.scbdd.com/ddinter/interact/1006559/,2026-09-09T19:58:58+00:00
1006559,3,"Marcy TR, Ripley TL ""Aldosterone antagonists in the treatment of heart failure."" Am J Health Syst Pharm 63 (2006): 49-58",https://ddinter.scbdd.com/ddinter/interact/1006559/,2026-09-09T19:58:58+00:00
1006562,1,"""Product Information. Jardiance (empagliflozin)."" Boehringer Ingelheim, Ridgefield, CT.",https://ddinter.scbdd.com/ddinter/interact/1006562/,2026-09-09T17:14:16+00:00
1006562,2,"Cerner Multum, Inc. ""Australian Product Information."" O 0",https://ddinter.scbdd.com/ddinter/interact/1006562/,2026-09-09T17:14:16+00:00
1006562,3,"Cerner Multum, Inc. ""UK Summary of Product Characteristics."" O 0",https://ddinter.scbdd.com/ddinter/interact/1006562/,2026-09-09T17:14:16+00:00
1006574,1,"Marcus FI ""Pharmacokinetic interactions between digoxin and other drugs."" J Am Coll Cardiol 5 (1985): a82-90",https://ddinter.scbdd.com/ddinter/interact/1006574/,2026-09-09T19:09:11+00:00
1006574,2,"Drescher S, Glaeser H, Murdter T, Hitzl M, Eichelbaum M, Fromm MF ""P-glycoprotein-mediated intestinal and biliary digoxin transport in humans."" Clin Pharmacol Ther 73 (2003): 223-31",https://ddinter.scbdd.com/ddinter/interact/1006574/,2026-09-09T19:09:11+00:00
1006574,3,"Fenster PE, Hager WD, Goodman MM ""Digoxin-quinidine-spironolactone interaction."" Clin Pharmacol Ther 36 (1984): 70-3",https://ddinter.scbdd.com/ddinter/interact/1006574/,2026-09-09T19:09:11+00:00
1006582,1,"""Product Information. Savella (milnacipran)."" Forest Pharmaceuticals, St. Louis, MO.",https://ddinter.scbdd.com/ddinter/interact/1006582/,2026-09-09T19:09:01+00:00
1006582,2,"Jackson C, Carson W, Markowitz J, Mintzer J ""SIADH associated with fluoxetine and sertraline therapy."" Am J Psychiatry 152 (1995): 809-10",https://ddinter.scbdd.com/ddinter/interact/1006582/,2026-09-09T19:09:01+00:00
1006582,3,"Robinson D, Brooks J, Mahler E, Sheikh JI ""SIADH--compulsive drinking or SSRI influence?"" Ann Pharmacother 30 (1996): 885",https://ddinter.scbdd.com/ddinter/interact/1006582/,2026-09-09T19:09:01+00:00
1006584,1,"""Product Information. Jardiance (empagliflozin)."" Boehringer Ingelheim, Ridgefield, CT.",https://ddinter.scbdd.com/ddinter/interact/1006584/,2026-09-09T17:15:02+00:00
1006584,2,"Cerner Multum, Inc. ""Australian Product Information."" O 0",https://ddinter.scbdd.com/ddinter/interact/1006584/,2026-09-09T17:15:02+00:00
1006584,3,"Cerner Multum, Inc. ""UK Summary of Product Characteristics."" O 0",https://ddinter.scbdd.com/ddinter/interact/1006584/,2026-09-09T17:15:02+00:00
1006585,1,"Jarman PR, Mather HM ""Diabetes may be independent risk factor for hyperkalaemia."" BMJ 327 (2003): 812",https://ddinter.scbdd.com/ddinter/interact/1006585/,2026-09-09T19:08:54+00:00
1006585,2,"Bennett WM ""Drug interactions and consequences of sodium restriction."" Am J Clin Nutr 65 (1997): S678-81",https://ddinter.scbdd.com/ddinter/interact/1006585/,2026-09-09T19:08:54+00:00
1006585,3,"Schepkens H ""Life-threatening hyperkalemia during combined therapy with angiotensin-converting enzyme inhibitors and spironolactone."" Am J Med 111 (2001): 587",https://ddinter.scbdd.com/ddinter/interact/1006585/,2026-09-09T19:08:54+00:00
1006591,1,"""Product Information. Savella (milnacipran)."" Forest Pharmaceuticals, St. Louis, MO.",https://ddinter.scbdd.com/ddinter/interact/1006591/,2026-09-09T17:16:33+00:00
1006591,2,"Jackson C, Carson W, Markowitz J, Mintzer J ""SIADH associated with fluoxetine and sertraline therapy."" Am J Psychiatry 152 (1995): 809-10",https://ddinter.scbdd.com/ddinter/interact/1006591/,2026-09-09T17:16:33+00:00
1006591,3,"Robinson D, Brooks J, Mahler E, Sheikh JI ""SIADH--compulsive drinking or SSRI influence?"" Ann Pharmacother 30 (1996): 885",https://ddinter.scbdd.com/ddinter/interact/1006591/,2026-09-09T17:16:33+00:00
1006599,1,"""Product Information. Savella (milnacipran)."" Forest Pharmaceuticals, St. Louis, MO.",https://ddinter.scbdd.com/ddinter/interact/1006599/,2026-09-09T19:09:09+00:00
1006599,2,"Jackson C, Carson W, Markowitz J, Mintzer J ""SIADH associated with fluoxetine and sertraline therapy."" Am J Psychiatry 152 (1995): 809-10",https://ddinter.scbdd.com/ddinter/interact/1006599/,2026-09-09T19:09:09+00:00
1006599,3,"Robinson D, Brooks J, Mahler E, Sheikh JI ""SIADH--compulsive drinking or SSRI influence?"" Ann Pharmacother 30 (1996): 885",https://ddinter.scbdd.com/ddinter/interact/1006599/,2026-09-09T19:09:09+00:00
1006607,1,"Cerner Multum, Inc. ""UK Summary of Product Characteristics."" O 0",https://ddinter.scbdd.com/ddinter/interact/1006607/,2026-09-09T19:09:16+00:00
1006607,2,"Cerner Multum, Inc. ""Australian Product Information."" O 0",https://ddinter.scbdd.com/ddinter/interact/1006607/,2026-09-09T19:09:16+00:00
1006607,3,"Agencia Española de Medicamentos y Productos Sanitarios Healthcare ""Centro de información online de medicamentos de la AEMPS - CIMA. Available from: URL: https://cima.aemps.es/cima/publico/home.html."" ([2018]):",https://ddinter.scbdd.com/ddinter/interact/1006607/,2026-09-09T19:09:16+00:00
1006642,1,"Jarman PR, Kehely AM, Mather HM ""Hyperkalaemia in diabetes: prevalence and associations."" Postgrad Med J 71 (1995): 551-2",https://ddinter.scbdd.com/ddinter/interact/1006642/,2026-09-09T19:09:19+00:00
1006642,2,"""Product Information. Midamor (amiloride)."" Merck & Co, Inc, West Point, PA.",https://ddinter.scbdd.com/ddinter/interact/1006642/,2026-09-09T19:09:19+00:00
1006642,3,"Wrenger E, Muller R, Moesenthin M, Welte T, Frolich JC, Neumann KH ""Interaction of spironolactone with ACE inhibitors or angiotensin receptor blockers: analysis of 44 cases."" BMJ 327 (2003): 147-9",https://ddinter.scbdd.com/ddinter/interact/1006642/,2026-09-09T19:09:19+00:00
1006683,1,"""Product Information. Seroquel (quetiapine)."" Zeneca Pharmaceuticals, Wilmington, DE.",https://ddinter.scbdd.com/ddinter/interact/1006683/,2026-09-09T19:09:18+00:00
1006683,2,"""Product Information. Rexulti (brexpiprazole)."" Otsuka American Pharmaceuticals Inc, Rockville, MD.",https://ddinter.scbdd.com/ddinter/interact/1006683/,2026-09-09T19:09:18+00:00
1006683,3,"""Product Information. Clozaril (clozapine)."" Novartis Pharmaceuticals, East Hanover, NJ.",https://ddinter.scbdd.com/ddinter/interact/1006683/,2026-09-09T19:09:18+00:00
1006729,1,"""Product Information. Seroquel (quetiapine)."" Zeneca Pharmaceuticals, Wilmington, DE.",https://ddinter.scbdd.com/ddinter/interact/1006729/,2026-09-09T19:09:14+00:00
1006729,2,"""Product Information. Rexulti (brexpiprazole)."" Otsuka American Pharmaceuticals Inc, Rockville, MD.",https://ddinter.scbdd.com/ddinter/interact/1006729/,2026-09-09T19:09:14+00:00
1006729,3,"""Product Information. Clozaril (clozapine)."" Novartis Pharmaceuticals, East Hanover, NJ.",https://ddinter.scbdd.com/ddinter/interact/1006729/,2026-09-09T19:09:14+00:00
1006731,1,"Jarman PR, Mather HM ""Diabetes may be independent risk factor for hyperkalaemia."" BMJ 327 (2003): 812",https://ddinter.scbdd.com/ddinter/interact/1006731/,2026-09-09T19:09:12+00:00
1006731,2,"Bennett WM ""Drug interactions and consequences of sodium restriction."" Am J Clin Nutr 65 (1997): S678-81",https://ddinter.scbdd.com/ddinter/interact/1006731/,2026-09-09T19:09:12+00:00
1006731,3,"Schepkens H ""Life-threatening hyperkalemia during combined therapy with angiotensin-converting enzyme inhibitors and spironolactone."" Am J Med 111 (2001): 587",https://ddinter.scbdd.com/ddinter/interact/1006731/,2026-09-09T19:09:12+00:00
1006738,1,"""Product Information. Seroquel (quetiapine)."" Zeneca Pharmaceuticals, Wilmington, DE.",https://ddinter.scbdd.com/ddinter/interact/1006738/,2026-09-09T19:09:29+00:00
1006738,2,"""Product Information. Rexulti (brexpiprazole)."" Otsuka American Pharmaceuticals Inc, Rockville, MD.",https://ddinter.scbdd.com/ddinter/interact/1006738/,2026-09-09T19:09:29+00:00
1006738,3,"""Product Information. Clozaril (clozapine)."" Novartis Pharmaceuticals, East Hanover, NJ.",https://ddinter.scbdd.com/ddinter/interact/1006738/,2026-09-09T19:09:29+00:00
1006756,1,"""Product Information. Midamor (amiloride)."" Merck & Co, Inc, West Point, PA.",https://ddinter.scbdd.com/ddinter/interact/1006756/,2026-09-09T19:09:34+00:00
1006756,2,"""Product Information. Prograf (tacrolimus)."" Fujisawa, Deerfield, IL.",https://ddinter.scbdd.com/ddinter/interact/1006756/,2026-09-09T19:09:34+00:00
1006756,3,"Marcy TR, Ripley TL ""Aldosterone antagonists in the treatment of heart failure."" Am J Health Syst Pharm 63 (2006): 49-58",https://ddinter.scbdd.com/ddinter/interact/1006756/,2026-09-09T19:09:34+00:00
1006766,1,"Cerner Multum, Inc. ""UK Summary of Product Characteristics."" O 0",https://ddinter.scbdd.com/ddinter/interact/1006766/,2026-09-09T17:16:13+00:00
1006766,2,"Ace LN, Jaffe JM, Kunka RL ""Effect of food and an antacid on quinidine bioavailability."" Biopharm Drug Dispos 4 (1983): 183-90",https://ddinter.scbdd.com/ddinter/interact/1006766/,2026-09-09T17:16:13+00:00
1006766,3,"Min DI, Ku YM, Geraets DR, Lee HC ""Effect of grapefruit juice on the pharmacokinetics and pharmacodynamics of quinidine in healthy volunteers."" J Clin Pharmacol 36 (1996): 469-76",https://ddinter.scbdd.com/ddinter/interact/1006766/,2026-09-09T17:16:13+00:00
1006787,1,"""Product Information. Savella (milnacipran)."" Forest Pharmaceuticals, St. Louis, MO.",https://ddinter.scbdd.com/ddinter/interact/1006787/,2026-09-09T19:09:31+00:00
1006787,2,"Jackson C, Carson W, Markowitz J, Mintzer J ""SIADH associated with fluoxetine and sertraline therapy."" Am J Psychiatry 152 (1995): 809-10",https://ddinter.scbdd.com/ddinter/interact/1006787/,2026-09-09T19:09:31+00:00
1006787,3,"Robinson D, Brooks J, Mahler E, Sheikh JI ""SIADH--compulsive drinking or SSRI influence?"" Ann Pharmacother 30 (1996): 885",https://ddinter.scbdd.com/ddinter/interact/1006787/,2026-09-09T19:09:31+00:00
1006791,1,"O'Reilly RA ""Spironolactone and warfarin interaction."" Clin Pharmacol Ther 27 (1980): 198-201",https://ddinter.scbdd.com/ddinter/interact/1006791/,2026-09-09T19:09:23+00:00
1006791,2,"Bodiford AB, Kessler FO, Fermo JD, Ragucci KR ""Elevated international normalized ratio with the consumption of grapefruit and use of warfarin."" SAGE Open Med Case Rep 0 (2013): 1-3",https://ddinter.scbdd.com/ddinter/interact/1006791/,2026-09-09T19:09:23+00:00
1006791,3,"Guo LQ, Yamazoe Y ""Inhibition of cytochrome P450 by furanocoumarins in grapefruit juice and herbal medicines."" Acta Pharmacol Sin 25 (2004): 129-36",https://ddinter.scbdd.com/ddinter/interact/1006791/,2026-09-09T19:09:23+00:00
1007009,1,"Johnsson KM, Backman U, Fellstrom B ""Elevation of cyclosporin A blood levels during carvedilol treatment in renal transplant patients."" Clin Transplant 11 (1997): 577-81",https://ddinter.scbdd.com/ddinter/interact/1007009/,2026-09-09T19:09:38+00:00
1007009,2,"""Product Information. Coreg (carvedilol)."" SmithKline Beecham, Philadelphia, PA.",https://ddinter.scbdd.com/ddinter/interact/1007009/,2026-09-09T19:09:38+00:00
1007009,3,"Ducharme MP, Warbasse LH, Edwards DJ ""Disposition of intravenous and oral cyclosporine after administration with grapefruit juice."" Clin Pharmacol Ther 57 (1995): 485-91",https://ddinter.scbdd.com/ddinter/interact/1007009/,2026-09-09T19:09:38+00:00
1007012,1,"""Product Information. Jardiance (empagliflozin)."" Boehringer Ingelheim, Ridgefield, CT.",https://ddinter.scbdd.com/ddinter/interact/1007012/,2026-09-09T17:16:06+00:00
1007012,2,"Cerner Multum, Inc. ""Australian Product Information."" O 0",https://ddinter.scbdd.com/ddinter/interact/1007012/,2026-09-09T17:16:06+00:00
1007012,3,"Cerner Multum, Inc. ""UK Summary of Product Characteristics."" O 0",https://ddinter.scbdd.com/ddinter/interact/1007012/,2026-09-09T17:16:06+00:00
1007023,1,"De Mey C, Brendel E, Enterling D ""Carvedilol increases the systemic bioavailability of oral digoxin."" Br J Clin Pharmacol 29 (1990): 486-90",https://ddinter.scbdd.com/ddinter/interact/1007023/,2026-09-09T19:09:25+00:00
1007023,2,"Takara K, Kakumoto M, Tanigawara Y, Funakoshi J, Sakaeda T, Okumura K ""Interaction of digoxin with antihypertensive drugs via MDR 1."" Life Sci 70 (2002): 1491-1500",https://ddinter.scbdd.com/ddinter/interact/1007023/,2026-09-09T19:09:25+00:00
1007023,3,"""Product Information. Coreg (carvedilol)."" SmithKline Beecham, Philadelphia, PA.",https://ddinter.scbdd.com/ddinter/interact/1007023/,2026-09-09T19:09:25+00:00
1007039,1,"""Product Information. Cymbalta (duloxetine)."" Lilly, Eli and Company, Indianapolis, IN.",https://ddinter.scbdd.com/ddinter/interact/1007039/,2026-09-09T19:09:27+00:00
1007039,2,"Skinner MH, Kuan HY, Pan A, et al. ""Duloxetine is both an inhibitor and a substrate of cytochrome P4502D6 in healthy volunteers."" Clin Pharmacol Ther 73 (2003): 170-7",https://ddinter.scbdd.com/ddinter/interact/1007039/,2026-09-09T19:09:27+00:00
1007044,1,"""Product Information. Jardiance (empagliflozin)."" Boehringer Ingelheim, Ridgefield, CT.",https://ddinter.scbdd.com/ddinter/interact/1007044/,2026-09-09T17:16:56+00:00
1007044,2,"Cerner Multum, Inc. ""Australian Product Information."" O 0",https://ddinter.scbdd.com/ddinter/interact/1007044/,2026-09-09T17:16:56+00:00
1007044,3,"Cerner Multum, Inc. ""UK Summary of Product Characteristics."" O 0",https://ddinter.scbdd.com/ddinter/interact/1007044/,2026-09-09T17:16:56+00:00
1007061,1,"""Product Information. Coreg (carvedilol)."" SmithKline Beecham, Philadelphia, PA.",https://ddinter.scbdd.com/ddinter/interact/1007061/,2026-09-09T19:09:21+00:00
1007064,1,"Walley T, Pirmohamed M, Proudlove C, Maxwell D ""Interaction of metoprolol and fluoxetine."" Lancet 341 (1993): 967-8",https://ddinter.scbdd.com/ddinter/interact/1007064/,2026-09-09T19:09:36+00:00
1007064,2,"Crewe HK, Lennard MS, Tucker GT, Woods FR, Haddock RE ""The effect of selective serotonin re-uptake inhibitors on cytochrome P4502D6 (CYP2D6) activity in human liver microsomes."" Br J Clin Pharmacol 34 (1992): 262-5",https://ddinter.scbdd.com/ddinter/interact/1007064/,2026-09-09T19:09:36+00:00
1007064,3,"Kashuba ADM, Nafziger AN, Kearns GL, Leeder JS, Gotschall R, Rocci ML, Kulawy RW, Beck DJ, Bertino JS ""Effect of fluvoxamine therapy on the activities of CYP1A2, CYP2D6, and CYP3A as determined by phenotyping."" Clin Pharmacol Ther 64 (1998): 257-68",https://ddinter.scbdd.com/ddinter/interact/1007064/,2026-09-09T19:09:36+00:00
1007075,1,"Zaman R, Kendall MJ, Biggs PI ""The effect of acebutolol and propranolol on the hypoglycaemic action of glibenclamide."" Br J Clin Pharmacol 13 (1982): 507-12",https://ddinter.scbdd.com/ddinter/interact/1007075,2026-09-09T18:42:09+00:00
1007075,2,"Shepherd AM, Lin M-S, Keeton TK ""Hypoglycemia-induced hypertension in a diabetic patient on metoprolol."" Ann Intern Med 94 (1981): 357-8",https://ddinter.scbdd.com/ddinter/interact/1007075,2026-09-09T18:42:09+00:00
1007075,3,"Viberti GC, Keen H, Bloom SR ""Beta blockade and diabetes mellitus: effect of oxprenolol and metoprolol on the metabolic, cardiovascular, and hormonal response to insulin-induced hypoglycemia in normal subjects."" Metabolism 29 (1980): 866-72",https://ddinter.scbdd.com/ddinter/interact/1007075,2026-09-09T18:42:09+00:00
1007210,1,"""Product Information. Seroquel (quetiapine)."" Zeneca Pharmaceuticals, Wilmington, DE.",https://ddinter.scbdd.com/ddinter/interact/1007210/,2026-09-09T19:09:40+00:00
1007210,2,"""Product Information. Rexulti (brexpiprazole)."" Otsuka American Pharmaceuticals Inc, Rockville, MD.",https://ddinter.scbdd.com/ddinter/interact/1007210/,2026-09-09T19:09:40+00:00
1007210,3,"""Product Information. Clozaril (clozapine)."" Novartis Pharmaceuticals, East Hanover, NJ.",https://ddinter.scbdd.com/ddinter/interact/1007210/,2026-09-09T19:09:40+00:00
1007264,1,"""Product Information. Seroquel (quetiapine)."" Zeneca Pharmaceuticals, Wilmington, DE.",https://ddinter.scbdd.com/ddinter/interact/1007264/,2026-09-09T19:09:33+00:00
1007264,2,"""Product Information. Rexulti (brexpiprazole)."" Otsuka American Pharmaceuticals Inc, Rockville, MD.",https://ddinter.scbdd.com/ddinter/interact/1007264/,2026-09-09T19:09:33+00:00
1007264,3,"""Product Information. Clozaril (clozapine)."" Novartis Pharmaceuticals, East Hanover, NJ.",https://ddinter.scbdd.com/ddinter/interact/1007264/,2026-09-09T19:09:33+00:00
1007274,1,"Kirch W, Rose I, Klingmann I, Pabst J, Ohnhaus EE ""Interaction of bisoprolol with cimetidine and rifampicin."" Eur J Clin Pharmacol 31 (1986): 59-62",https://ddinter.scbdd.com/ddinter/interact/1007274/,2026-09-09T19:09:41+00:00
1007274,2,"Le Coz F, Sauleman P, Poirier JM, Cuche JL, Midavaine M, Rames A, Lecocq B, Jaillon P ""Oral pharmacokinetics of bisoprolol in resting and exercising healthy volunteers."" J Cardiovasc Pharmacol 18 (1991): 28-34",https://ddinter.scbdd.com/ddinter/interact/1007274/,2026-09-09T19:09:41+00:00
1007274,3,"""Product Information. Tenormin (atenolol)."" ICN Pharmaceuticals Inc, Cost Mesa, CA.",https://ddinter.scbdd.com/ddinter/interact/1007274/,2026-09-09T19:09:41+00:00
1007277,1,"""Product Information. Seroquel (quetiapine)."" Zeneca Pharmaceuticals, Wilmington, DE.",https://ddinter.scbdd.com/ddinter/interact/1007277/,2026-09-09T19:09:47+00:00
1007277,2,"""Product Information. Rexulti (brexpiprazole)."" Otsuka American Pharmaceuticals Inc, Rockville, MD.",https://ddinter.scbdd.com/ddinter/interact/1007277/,2026-09-09T19:09:47+00:00
1007277,3,"""Product Information. Clozaril (clozapine)."" Novartis Pharmaceuticals, East Hanover, NJ.",https://ddinter.scbdd.com/ddinter/interact/1007277/,2026-09-09T19:09:47+00:00
1007279,1,"""Product Information. Norvir (ritonavir)."" Abbott Pharmaceutical, Abbott Park, IL.",https://ddinter.scbdd.com/ddinter/interact/1007279/,2026-09-09T19:09:45+00:00
1007279,2,"""Product Information. Viekira Pak (dasabuvir/ombitasvir/paritaprevir/ritonavir)."" AbbVie US LLC, North Chicago, IL.",https://ddinter.scbdd.com/ddinter/interact/1007279/,2026-09-09T19:09:45+00:00
1007316,1,"Upton RA ""Pharmacokinetic interactions between theophylline and other medication (Part II)."" Clin Pharmacokinet 20 (1991): 135-50",https://ddinter.scbdd.com/ddinter/interact/1007316/,2026-09-09T19:09:49+00:00
1007316,2,"Mue S, Sasaki T, Shibahara S, et alT ""Influence of metoprolol on hemodynamics and respiratory function in asthmatic patients."" Int J Clin Pharmacol Biopharm 17 (1979): 346-50",https://ddinter.scbdd.com/ddinter/interact/1007316/,2026-09-09T19:09:49+00:00
1007316,3,"Lombardi TP, Bertino JS, Goldberg A, Middleton E, Slaughter RL ""The effects of a beta-2 selective adrenergic agonist and a beta- nonselective antagonist on theophylline clearance."" J Clin Pharmacol 27 (1987): 523-9",https://ddinter.scbdd.com/ddinter/interact/1007316/,2026-09-09T19:09:49+00:00
1007321,1,"Cerner Multum, Inc. ""UK Summary of Product Characteristics."" O 0",https://ddinter.scbdd.com/ddinter/interact/1007321,2026-09-09T18:42:09+00:00
1007321,2,"""Product Information. Brilinta (ticagrelor)."" Astra-Zeneca Pharmaceuticals, Wilmington, DE.",https://ddinter.scbdd.com/ddinter/interact/1007321,2026-09-09T18:42:09+00:00
1007346,1,"Cerner Multum, Inc. ""UK Summary of Product Characteristics."" O 0",https://ddinter.scbdd.com/ddinter/interact/1007346/,2026-09-09T19:09:43+00:00
1007346,2,"Cerner Multum, Inc. ""Australian Product Information."" O 0",https://ddinter.scbdd.com/ddinter/interact/1007346/,2026-09-09T19:09:43+00:00
1007796,1,"Alvarez JS, del Castillo JA, Ortiz MJ ""Interaction between ciclosporin and ceftriaxone."" Nephron 59 (1991): 681-2",https://ddinter.scbdd.com/ddinter/interact/1007796/,2026-09-09T19:10:01+00:00
1007796,2,"Ducharme MP, Warbasse LH, Edwards DJ ""Disposition of intravenous and oral cyclosporine after administration with grapefruit juice."" Clin Pharmacol Ther 57 (1995): 485-91",https://ddinter.scbdd.com/ddinter/interact/1007796/,2026-09-09T19:10:01+00:00
1007796,3,"Min DI, Ku YM, Perry PJ, Ukah FO, Ashton K, Martin MF, Hunsicker LG ""Effect of grapefruit juice on cyclosporine pharmacokinetics in renal transplant patients."" Transplantation 62 (1996): 123-5",https://ddinter.scbdd.com/ddinter/interact/1007796/,2026-09-09T19:10:01+00:00
1007801,1,"Haubenstock A, Schmidt P, Zazgornik J, et al ""Hypoprothrombinaemic bleeding associated with ceftriaxone."" Lancet 1 (1983): 1215-6",https://ddinter.scbdd.com/ddinter/interact/1007801/,2026-09-09T19:10:06+00:00
1007801,2,"Angaran DM, Dias VC, Arom KV, et al ""The comparative influence of prophylactic antibiotics on the prothrombin response to warfarin in the postoperative prosthetic cardiac valve patient."" Ann Surg 206 (1987): 155-61",https://ddinter.scbdd.com/ddinter/interact/1007801/,2026-09-09T19:10:06+00:00
1007811,1,"Dasgupta A, Dennen DA, Dean R, McLawhon RW ""Displacement of phenytoin from serum protein carriers by antibiotics: studies with ceftriaxone, nafcillin, and sulfamethoxazole."" Clin Chem 37 (1991): 98-100",https://ddinter.scbdd.com/ddinter/interact/1007811/,2026-09-09T19:09:53+00:00
1007811,2,"Cerner Multum, Inc. ""Australian Product Information."" O 0",https://ddinter.scbdd.com/ddinter/interact/1007811/,2026-09-09T19:09:53+00:00
1007811,3,"Ozuna J, Friel P ""Effect of enteral tube feeding on serum phenytoin levels."" J Neurosurg Nurs 16 (1984): 289-91",https://ddinter.scbdd.com/ddinter/interact/1007811/,2026-09-09T19:09:53+00:00
1007818,1,"""Product Information. Suprax (cefixime)."" Lupin Pharmaceuticals Inc, Baltimore, MD.",https://ddinter.scbdd.com/ddinter/interact/1007818/,2026-09-09T19:10:08+00:00
1007818,2,"Wood T, Johnson K, Naylor S, Weinshilboum R ""Cefazolin administration and 2-methyl-1,3,4-thiadiazole-5-thiol in humantissue: possible relationship to hypoprothrombinemia."" Drug Metab Dispos 30 (2002): 1123-1128",https://ddinter.scbdd.com/ddinter/interact/1007818/,2026-09-09T19:10:08+00:00
1007818,3,"Natelson EA, Brown CH, 3d Bradshaw MW, Alfrey CP, Jr Williams TW, Jr ""Influence of cephalosporin antibiotics on blood coagulation and platelet function."" Antimicrob Agents Chemother 9 (1976): 91-3",https://ddinter.scbdd.com/ddinter/interact/1007818/,2026-09-09T19:10:08+00:00
1013297,1,"EMA. European Medicines Agency. European Union ""EMA - List of medicines under additional monitoring. Available from: URL: http://www.ema.europa.eu/ema/index.jsp?curl=pages/regulation/document_listing/document_listing_000366.jsp&mid=WC0b01ac058067c852"" ([2013 - ]):",https://ddinter.scbdd.com/ddinter/interact/1013297/,2026-09-09T19:09:51+00:00
1013297,2,"Witchel HJ, Hancox JC, Nutt DJ ""Psychotropic drugs, cardiac arrhythmia, and sudden death."" J Clin Psychopharmacol 23 (2003): 58-77",https://ddinter.scbdd.com/ddinter/interact/1013297/,2026-09-09T19:09:51+00:00
1013297,3,"Iannini PB ""Cardiotoxicity of macrolides, ketolides and fluoroquinolones that prolong the QTc interval."" Expert Opin Drug Saf 1 (2002): 121-8",https://ddinter.scbdd.com/ddinter/interact/1013297/,2026-09-09T19:09:51+00:00
1013308,1,"Nasir M, Rotellar C, Hand M, et al ""Interaction between ciclosporin and ciprofloxacin."" Nephron 57 (1991): 245-6",https://ddinter.scbdd.com/ddinter/interact/1013308/,2026-09-09T19:09:59+00:00
1013308,2,"Van Burne DH, Koestner J, Adedoyin A, et al ""Effect of ciprofloxacin on cyclosporine pharmacokinetics."" Transplantation 50 (1990): 888-9",https://ddinter.scbdd.com/ddinter/interact/1013308/,2026-09-09T19:09:59+00:00
1013308,3,"Kruger HU, Schuler U, Proksch B, et al ""Investigation of potential interaction of ciprofloxacin with cyclosporine in bone marrow transplant recipients."" Antimicrob Agents Chemother 34 (1990): 1048-52",https://ddinter.scbdd.com/ddinter/interact/1013308/,2026-09-09T19:09:59+00:00
1013313,1,"Gavin JR 3rd, Kubin R, Choudhri S, et al ""Moxifloxacin and glucose homeostasis: a pooled-analysis of the evidence from clinical and postmarketing studies."" Drug Saf 27 (2004): 671-86",https://ddinter.scbdd.com/ddinter/interact/1013313/,2026-09-09T17:18:17+00:00
1013313,2,"Yip C, Lee AJ ""Gatifloxacin-induced hyperglycemia: a case report and summary of the current literature."" Clin Ther 28 (2006): 1857-66",https://ddinter.scbdd.com/ddinter/interact/1013313/,2026-09-09T17:18:17+00:00
1013313,3,"Kelesidis T, Canseco E ""Quinolone-induced hypoglycemia: a life-threatening but potentially reversible side effect."" Am J Med 123 (2010): e5-6",https://ddinter.scbdd.com/ddinter/interact/1013313/,2026-09-09T17:18:17+00:00
1013341,1,"Uwe F, Strobl G, Manaut F, et al ""Quinolone antibacterial agents: relationship between structure and in vitro inhibition of the human cytochrome P450 isofaorm CYP1A2."" Mol Pharmacol 43 (1993): 191-9",https://ddinter.scbdd.com/ddinter/interact/1013341/,2026-09-09T19:09:55+00:00
1013341,2,"""Product Information. Cymbalta (duloxetine)."" Lilly, Eli and Company, Indianapolis, IN.",https://ddinter.scbdd.com/ddinter/interact/1013341/,2026-09-09T19:09:55+00:00
1013349,1,"Gavin JR 3rd, Kubin R, Choudhri S, et al ""Moxifloxacin and glucose homeostasis: a pooled-analysis of the evidence from clinical and postmarketing studies."" Drug Saf 27 (2004): 671-86",https://ddinter.scbdd.com/ddinter/interact/1013349/,2026-09-09T17:18:13+00:00
1013349,2,"Yip C, Lee AJ ""Gatifloxacin-induced hyperglycemia: a case report and summary of the current literature."" Clin Ther 28 (2006): 1857-66",https://ddinter.scbdd.com/ddinter/interact/1013349/,2026-09-09T17:18:13+00:00
1013349,3,"Kelesidis T, Canseco E ""Quinolone-induced hypoglycemia: a life-threatening but potentially reversible side effect."" Am J Med 123 (2010): e5-6",https://ddinter.scbdd.com/ddinter/interact/1013349/,2026-09-09T17:18:13+00:00
1013362,1,"Castro VM, Clements CC, Murphy SN, et al. ""QT interval and antidepressant use: a cross sectional study of electronic health records."" BMJ 346 (2013): f288",https://ddinter.scbdd.com/ddinter/interact/1013362/,2026-09-09T17:19:45+00:00
1013362,2,"""Product Information. Lexapro (escitalopram)."" Forest Pharmaceuticals, St. Louis, MO.",https://ddinter.scbdd.com/ddinter/interact/1013362/,2026-09-09T17:19:45+00:00
1013362,3,"Agencia Española de Medicamentos y Productos Sanitarios Healthcare ""Centro de información online de medicamentos de la AEMPS - CIMA. Available from: URL: https://cima.aemps.es/cima/publico/home.html."" ([2018]):",https://ddinter.scbdd.com/ddinter/interact/1013362/,2026-09-09T17:19:45+00:00
1013381,1,"EMA. European Medicines Agency. European Union ""EMA - List of medicines under additional monitoring. Available from: URL: http://www.ema.europa.eu/ema/index.jsp?curl=pages/regulation/document_listing/document_listing_000366.jsp&mid=WC0b01ac058067c852"" ([2013 - ]):",https://ddinter.scbdd.com/ddinter/interact/1013381/,2026-09-09T19:10:03+00:00
1013381,2,"Witchel HJ, Hancox JC, Nutt DJ ""Psychotropic drugs, cardiac arrhythmia, and sudden death."" J Clin Psychopharmacol 23 (2003): 58-77",https://ddinter.scbdd.com/ddinter/interact/1013381/,2026-09-09T19:10:03+00:00
1013381,3,"Iannini PB ""Cardiotoxicity of macrolides, ketolides and fluoroquinolones that prolong the QTc interval."" Expert Opin Drug Saf 1 (2002): 121-8",https://ddinter.scbdd.com/ddinter/interact/1013381/,2026-09-09T19:10:03+00:00
1013385,1,"EMA. European Medicines Agency. European Union ""EMA - List of medicines under additional monitoring. Available from: URL: http://www.ema.europa.eu/ema/index.jsp?curl=pages/regulation/document_listing/document_listing_000366.jsp&mid=WC0b01ac058067c852"" ([2013 - ]):",https://ddinter.scbdd.com/ddinter/interact/1013385/,2026-09-09T19:09:57+00:00
1013385,2,"Witchel HJ, Hancox JC, Nutt DJ ""Psychotropic drugs, cardiac arrhythmia, and sudden death."" J Clin Psychopharmacol 23 (2003): 58-77",https://ddinter.scbdd.com/ddinter/interact/1013385/,2026-09-09T19:09:57+00:00
1013385,3,"Iannini PB ""Cardiotoxicity of macrolides, ketolides and fluoroquinolones that prolong the QTc interval."" Expert Opin Drug Saf 1 (2002): 121-8",https://ddinter.scbdd.com/ddinter/interact/1013385/,2026-09-09T19:09:57+00:00
1013393,1,"""Product Information. Cipro (ciprofloxacin)."" Bayer, West Haven, CT.",https://ddinter.scbdd.com/ddinter/interact/1013393/,2026-09-09T19:59:00+00:00
1013393,2,"Park-Wyllie LY, Juurlink DN, Kopp A, et al. ""Outpatient gatifloxacin therapy and dysglycemia in older adults."" N Engl J Med 354 (2006): 1352-61",https://ddinter.scbdd.com/ddinter/interact/1013393/,2026-09-09T19:59:00+00:00
1013393,3,"Saraya A, Yokokura M, Gonoi T, Seino S ""Effects of fluoroquinolones on insulin secretion and beta-cell ATP-sensitive K(+) channels."" Eur J Pharmacol 497 (2004): 111-7",https://ddinter.scbdd.com/ddinter/interact/1013393/,2026-09-09T19:59:00+00:00
1013441,1,"""Product Information. Sporonox (itraconazole)."" Janssen Pharmaceutica, Titusville, NJ.",https://ddinter.scbdd.com/ddinter/interact/1013441/,2026-09-09T19:10:04+00:00
1013441,2,"Sriwiriyajan S, Samaeng M, Ridtitid W, Mahatthanatrakul W, Wongnawa M ""Pharmacokinetic interactions between ciprofloxacin and itraconazole in healthy male volunteers."" Biopharm Drug Dispos 32 (2011): 168-74",https://ddinter.scbdd.com/ddinter/interact/1013441/,2026-09-09T19:10:04+00:00
1013441,3,"Yuk JH, Nightingale CH, Sweeney KR, Quintiliani R, Lettieri JT, Forst RW ""Relative bioavailability in healthy volunteers of ciprofloxacin administered through a nasogastric tube with and without enteral feeding."" Antimicrob Agents Chemother 33 (1989): 1118-20",https://ddinter.scbdd.com/ddinter/interact/1013441/,2026-09-09T19:10:04+00:00
1013503,1,"Dalle JH, Auvrignon A, Vassal G, Leverger G ""Interaction Between Methotrexate and Ciprofloxacin."" J Pediatr Hematol Oncol 24 (2002): 321-322",https://ddinter.scbdd.com/ddinter/interact/1013503/,2026-09-09T19:10:15+00:00
1013503,2,"Johnson EJ, MacGowan AP, Potter MN, et al ""Reduced absorption of oral ciprofloxacin after chemotherapy for haematological malignancy."" J Antimicrob Chemother 25 (1990): 837-42",https://ddinter.scbdd.com/ddinter/interact/1013503/,2026-09-09T19:10:15+00:00
1013503,3,"Nesher G, Mates M, Zevin S ""Effect of caffeine consumption on efficacy of methotrexate in rheumatoid arthritis."" Arthritis Rheum 48 (2003): 571-572",https://ddinter.scbdd.com/ddinter/interact/1013503/,2026-09-09T19:10:15+00:00
1013512,1,"Kounas SP, Letsas KP, Sideris A, Efraimidis M, Kardaras F ""QT interval prolongation and torsades de pointes due to a coadministration of metronidazole and amiodarone."" Pacing Clin Electrophysiol 28 (2005): 472-3",https://ddinter.scbdd.com/ddinter/interact/1013512/,2026-09-09T19:10:16+00:00
1013512,2,"Giannini AJ, DeFrance DT ""Metronidazole and alcohol: potential for combinative abuse."" J Toxicol Clin Toxicol 20 (1983): 509-15",https://ddinter.scbdd.com/ddinter/interact/1013512/,2026-09-09T19:10:16+00:00
1013512,3,"""Product Information. Benznidazole (benznidazole)."" Everett Laboratories Inc, West Orange, NJ.",https://ddinter.scbdd.com/ddinter/interact/1013512/,2026-09-09T19:10:16+00:00
1013535,1,"Markowitz JS, DeVane CL ""Suspected ciprofloxacin inhibition of olanzapine resulting in increased plasma concentration."" J Clin Psychopharmacol 19 (1999): 289-91",https://ddinter.scbdd.com/ddinter/interact/1013535/,2026-09-09T19:10:10+00:00
1013535,2,"Warrington SJ, Ankier SI, Turner P ""Evaluation of possible interactions between ethanol and trazodone or amitriptyline."" Neuropsychobiology 15 (1986): 31-7",https://ddinter.scbdd.com/ddinter/interact/1013535/,2026-09-09T19:10:10+00:00
1013535,3,"""Product Information. Fycompa (perampanel)."" Eisai Inc, Teaneck, NJ.",https://ddinter.scbdd.com/ddinter/interact/1013535/,2026-09-09T19:10:10+00:00
1013539,1,"""Product Information. Cipro XR (ciprofloxacin)."" Bayer Pharmaceutical Inc, West Haven, CT.",https://ddinter.scbdd.com/ddinter/interact/1013539/,2026-09-09T19:10:12+00:00
1013539,2,"Yuk JH, Nightingale CH, Sweeney KR, Quintiliani R, Lettieri JT, Forst RW ""Relative bioavailability in healthy volunteers of ciprofloxacin administered through a nasogastric tube with and without enteral feeding."" Antimicrob Agents Chemother 33 (1989): 1118-20",https://ddinter.scbdd.com/ddinter/interact/1013539/,2026-09-09T19:10:12+00:00
1013539,3,"Wohlt PD, Zheng L, Gunderson S, Balzar SA, Johnson BD, Fish JT ""Recommendations for the use of medications with continuous enteral nutrition."" Am J Health Syst Pharm 66 (2009): 1438-67",https://ddinter.scbdd.com/ddinter/interact/1013539/,2026-09-09T19:10:12+00:00
1013568,1,"McLeod R, Trinkle R ""Comment: unexpectedly low phenytoin concentration in a patient receiving ciprofloxacin."" Ann Pharmacother 32 (1998): 1110-1",https://ddinter.scbdd.com/ddinter/interact/1013568,2026-09-09T18:42:09+00:00
1013568,2,"Hull RL ""Possible phenytoin-ciprofloxacin interaction."" Ann Pharmacother 27 (1993): 1283",https://ddinter.scbdd.com/ddinter/interact/1013568,2026-09-09T18:42:09+00:00
1013568,3,"Otero MJ, Moran D, Valverde MP, DominguezGil A ""Interaction between phenytoin and ciprofloxacin."" Ann Pharmacother 33 (1999): 251-2",https://ddinter.scbdd.com/ddinter/interact/1013568,2026-09-09T18:42:09+00:00
1013601,1,"Glassman AH, Bigger JT Jr ""Antipsychotic drugs: prolonged QTc interval, torsade de pointes, and sudden death."" Am J Psychiatry 158 (2001): 1774-82",https://ddinter.scbdd.com/ddinter/interact/1013601/,2026-09-09T19:10:18+00:00
1013601,2,"EMA. European Medicines Agency. European Union ""EMA - List of medicines under additional monitoring. Available from: URL: http://www.ema.europa.eu/ema/index.jsp?curl=pages/regulation/document_listing/document_listing_000366.jsp&mid=WC0b01ac058067c852"" ([2013 - ]):",https://ddinter.scbdd.com/ddinter/interact/1013601/,2026-09-09T19:10:18+00:00
1013601,3,"Canadian Pharmacists Association ""e-CPS. Available from: URL: http://www.pharmacists.ca/function/Subscriptions/ecps.cfm?link=eCPS_quikLink.""",https://ddinter.scbdd.com/ddinter/interact/1013601/,2026-09-09T19:10:18+00:00
1013616,1,"EMA. European Medicines Agency. European Union ""EMA - List of medicines under additional monitoring. Available from: URL: http://www.ema.europa.eu/ema/index.jsp?curl=pages/regulation/document_listing/document_listing_000366.jsp&mid=WC0b01ac058067c852"" ([2013 - ]):",https://ddinter.scbdd.com/ddinter/interact/1013616/,2026-09-09T19:10:27+00:00
1013616,2,"Witchel HJ, Hancox JC, Nutt DJ ""Psychotropic drugs, cardiac arrhythmia, and sudden death."" J Clin Psychopharmacol 23 (2003): 58-77",https://ddinter.scbdd.com/ddinter/interact/1013616/,2026-09-09T19:10:27+00:00
1013616,3,"Iannini PB ""Cardiotoxicity of macrolides, ketolides and fluoroquinolones that prolong the QTc interval."" Expert Opin Drug Saf 1 (2002): 121-8",https://ddinter.scbdd.com/ddinter/interact/1013616/,2026-09-09T19:10:27+00:00
1013641,1,"Yeo KR, Yeo WW, Wallis EJ, Ramsay LE ""Enhanced cholesterol reduction by simvastatin in diltiazem-treated patients."" Br J Clin Pharmacol 48 (1999): 610-5",https://ddinter.scbdd.com/ddinter/interact/1013641/,2026-09-09T19:10:20+00:00
1013641,2,"Andreou ER, Ledger S ""Potential drug interaction between simvastatin and danazol causing rhabdomyolysis."" Can J Clin Pharmacol 10 (2003): 172-4",https://ddinter.scbdd.com/ddinter/interact/1013641/,2026-09-09T19:10:20+00:00
1013641,3,"Ayanian JZ, Fuchs CS, Stone RM ""Lovastatin and rhabdomyolysis."" Ann Intern Med 109 (1988): 682-3",https://ddinter.scbdd.com/ddinter/interact/1013641/,2026-09-09T19:10:20+00:00
1013658,1,"Cerner Multum, Inc. ""Australian Product Information."" O 0",https://ddinter.scbdd.com/ddinter/interact/1013658/,2026-09-09T19:10:32+00:00
1013658,2,"Cerner Multum, Inc. ""UK Summary of Product Characteristics."" O 0",https://ddinter.scbdd.com/ddinter/interact/1013658/,2026-09-09T19:10:32+00:00
1013673,1,"Wijnands WJ, Vree TB ""Interaction between the fluoroquinolones and the bronchodilator theophylline."" J Antimicrob Chemother 22 (1988): 109-14",https://ddinter.scbdd.com/ddinter/interact/1013673/,2026-09-09T19:10:22+00:00
1013673,2,"Davis RL, Quenzer RW, Kelly HW, Powell JR ""Effect of the addition of ciprofloxacin on theophylline pharmacokinetics in subjects inhibited by cimetidine."" Ann Pharmacother 26 (1992): 11-3",https://ddinter.scbdd.com/ddinter/interact/1013673/,2026-09-09T19:10:22+00:00
1013673,3,"Bader MB ""Role of ciprofloxacin in fatal seizures."" Chest 101 (1992): 883-4",https://ddinter.scbdd.com/ddinter/interact/1013673/,2026-09-09T19:10:22+00:00
1013708,1,"EMA. European Medicines Agency. European Union ""EMA - List of medicines under additional monitoring. Available from: URL: http://www.ema.europa.eu/ema/index.jsp?curl=pages/regulation/document_listing/document_listing_000366.jsp&mid=WC0b01ac058067c852"" ([2013 - ]):",https://ddinter.scbdd.com/ddinter/interact/1013708/,2026-09-09T19:10:29+00:00
1013708,2,"Witchel HJ, Hancox JC, Nutt DJ ""Psychotropic drugs, cardiac arrhythmia, and sudden death."" J Clin Psychopharmacol 23 (2003): 58-77",https://ddinter.scbdd.com/ddinter/interact/1013708/,2026-09-09T19:10:29+00:00
1013708,3,"Iannini PB ""Cardiotoxicity of macrolides, ketolides and fluoroquinolones that prolong the QTc interval."" Expert Opin Drug Saf 1 (2002): 121-8",https://ddinter.scbdd.com/ddinter/interact/1013708/,2026-09-09T19:10:29+00:00
1013717,1,"Arnold LM, Nissen LR, Ng TM ""Moxifloxacin and warfarin: additional evidence for a clinically relevant interaction."" Pharmacotherapy 25 (2005): 904-7",https://ddinter.scbdd.com/ddinter/interact/1013717/,2026-09-09T19:10:23+00:00
1013717,2,"Bianco TM, Bussey HI, Farnett LE, Linn WD, Roush MK, Wong YW ""Potential warfarin-ciprofloxacin interaction in patients receiving long-term anticoagulation."" Pharmacotherapy 12 (1992): 435-9",https://ddinter.scbdd.com/ddinter/interact/1013717/,2026-09-09T19:10:23+00:00
1013717,3,"Glasheen JJ, Fugit RV, Prochazka AV ""Effect of levofloxacin coadministration on the international normalized ratios during warfarin therapy--a comment."" Pharmacotherapy 23 (2003): 1079-80; discussion 1080",https://ddinter.scbdd.com/ddinter/interact/1013717/,2026-09-09T19:10:23+00:00
1015044,1,"Lau WC, Waskell LA, Watkins PB, et al. ""Atorvastatin reduces the ability of clopidogrel to inhibit platelet aggregation: a new drug-drug interaction."" Circulation 107 (2003): 32-7",https://ddinter.scbdd.com/ddinter/interact/1015044/,2026-09-09T19:10:34+00:00
1015044,2,"Clarke TA, Waskell LA ""The metabolism of clopidogrel is catalyzed by human cytochrome P450 3A and is inhibited by atorvastatin."" Drug Metab Dispos 31 (2003): 53-9",https://ddinter.scbdd.com/ddinter/interact/1015044/,2026-09-09T19:10:34+00:00
1015055,1,"Ptachcinski RJ, Carpenter BJ, Burckart GJ, Venkataramanan R, Rosenthal J ""Effect of erythromycin on cyclosporine levels."" N Engl J Med 313 (1985): 1416-7",https://ddinter.scbdd.com/ddinter/interact/1015055/,2026-09-09T19:10:38+00:00
1015055,2,"Cockburn IT, Krupp P ""An appraisal of drug interactions with sandimmun."" Transplant Proc 21 (1989): 3845-50",https://ddinter.scbdd.com/ddinter/interact/1015055/,2026-09-09T19:10:38+00:00
1015055,3,"Gomez E, Sanchez JE, Aguado S, Grande JA ""Interaction between azithromycin and cyclosporin?"" Nephron 73 (1996): 724",https://ddinter.scbdd.com/ddinter/interact/1015055/,2026-09-09T19:10:38+00:00
1015058,1,"Otsuka SH ""Severe hypoglycemia from helicobacter pylori triple-drug therapy and insulin detemir drug interaction."" Pharmacotherapy 33 (2013): e45-9",https://ddinter.scbdd.com/ddinter/interact/1015058/,2026-09-09T17:21:09+00:00
1015058,2,"Niemi M, Neuvonen PJ, Kivisto KT ""The cytochrome P4503A4 inhibitor clarithromycin increases the plasma concentrations and effects of repaglinide."" Clin Pharmacol Ther 70 (2001): 58-65",https://ddinter.scbdd.com/ddinter/interact/1015058/,2026-09-09T17:21:09+00:00
1015058,3,"Schelleman H, Bilker WB, Brensinger CM, Wan F, Hennessy S ""Anti-infectives and the risk of severe hypoglycemia in users of glipizide or glyburide."" Clin Pharmacol Ther 88 (2010): 214-22",https://ddinter.scbdd.com/ddinter/interact/1015058/,2026-09-09T17:21:09+00:00
1015080,1,"Chan AL, Wang MT, Su CY, Tsai FH ""Risk of digoxin intoxication caused by clarithromycin-digoxin interactions in heart failure patients: a population-based study."" Eur J Clin Pharmacol 65 (2009): 1237-43",https://ddinter.scbdd.com/ddinter/interact/1015080/,2026-09-09T19:10:31+00:00
1015080,2,"Nawarskas JJ, McCarthy DM, Spinler SA ""Digoxin toxicity secondary to clarithromycin therapy."" Ann Pharmacother 31 (1997): 864-6",https://ddinter.scbdd.com/ddinter/interact/1015080/,2026-09-09T19:10:31+00:00
1015080,3,"Lindenbaum J, Tse-Eng D, Butler VP, Rund DG ""Urinary excretion of reduced metabolites of digoxin."" Am J Med 71 (1981): 67-74",https://ddinter.scbdd.com/ddinter/interact/1015080/,2026-09-09T19:10:31+00:00
1015083,1,"Redington K, Wells C, Petito F ""Erythromycin and valproate interaction."" Ann Intern Med 116 (1992): 877-8",https://ddinter.scbdd.com/ddinter/interact/1015083/,2026-09-09T19:10:25+00:00
1015083,2,"""Product Information. Fycompa (perampanel)."" Eisai Inc, Teaneck, NJ.",https://ddinter.scbdd.com/ddinter/interact/1015083/,2026-09-09T19:10:25+00:00
1015083,3,"Gilman AG, Rall TW, Nies AS, Taylor P, eds. ""Goodman and Gilman's the Pharmacological Basis of Therapeutics. 8th ed."" New York, NY: Pergamon Press Inc. (1990):",https://ddinter.scbdd.com/ddinter/interact/1015083/,2026-09-09T19:10:25+00:00
1015106,1,"Otsuka SH ""Severe hypoglycemia from helicobacter pylori triple-drug therapy and insulin detemir drug interaction."" Pharmacotherapy 33 (2013): e45-9",https://ddinter.scbdd.com/ddinter/interact/1015106/,2026-09-09T17:20:53+00:00
1015106,2,"Niemi M, Neuvonen PJ, Kivisto KT ""The cytochrome P4503A4 inhibitor clarithromycin increases the plasma concentrations and effects of repaglinide."" Clin Pharmacol Ther 70 (2001): 58-65",https://ddinter.scbdd.com/ddinter/interact/1015106/,2026-09-09T17:20:53+00:00
1015106,3,"Schelleman H, Bilker WB, Brensinger CM, Wan F, Hennessy S ""Anti-infectives and the risk of severe hypoglycemia in users of glipizide or glyburide."" Clin Pharmacol Ther 88 (2010): 214-22",https://ddinter.scbdd.com/ddinter/interact/1015106/,2026-09-09T17:20:53+00:00
1015121,1,"Castro VM, Clements CC, Murphy SN, et al. ""QT interval and antidepressant use: a cross sectional study of electronic health records."" BMJ 346 (2013): f288",https://ddinter.scbdd.com/ddinter/interact/1015121/,2026-09-09T17:21:19+00:00
1015121,2,"""Product Information. Lexapro (escitalopram)."" Forest Pharmaceuticals, St. Louis, MO.",https://ddinter.scbdd.com/ddinter/interact/1015121/,2026-09-09T17:21:19+00:00
1015121,3,"Agencia Española de Medicamentos y Productos Sanitarios Healthcare ""Centro de información online de medicamentos de la AEMPS - CIMA. Available from: URL: https://cima.aemps.es/cima/publico/home.html."" ([2018]):",https://ddinter.scbdd.com/ddinter/interact/1015121/,2026-09-09T17:21:19+00:00
1015144,1,"Gustavson LE, Shi H, Palmer RN, Siepman NC, Craft JC ""Drug interactions between claarithromycin and fluconazole in healthy subjects."" Clin Pharmacol Ther 59 (1996): 185",https://ddinter.scbdd.com/ddinter/interact/1015144/,2026-09-09T19:10:36+00:00
1015144,2,"Cheng KL, Nafziger AN, Peloquin CA, Amsden GW ""Effect of grapefruit juice on clarithromycin pharmacokinetics."" Antimicrob Agents Chemother 42 (1998): 927-9",https://ddinter.scbdd.com/ddinter/interact/1015144/,2026-09-09T19:10:36+00:00
1015148,1,"Martin TG ""Serotonin syndrome."" Ann Emerg Med 28 (1996): 520-6",https://ddinter.scbdd.com/ddinter/interact/1015148/,2026-09-09T19:10:45+00:00
1015148,2,"Pollak PT, Slayter KL ""Delirium probably induced by clarithromycin in a patient receiving fluoxetine - reply."" Ann Pharmacother 30 (1996): 1200",https://ddinter.scbdd.com/ddinter/interact/1015148/,2026-09-09T19:10:45+00:00
1015148,3,"Timothy P, Sketris IS, Mackenzie SL, Hewlett TJ ""Delirium probably induced by clarithromycin in a patient receiving fluoxetine."" Ann Pharmacother 29 (1995): 486-8",https://ddinter.scbdd.com/ddinter/interact/1015148/,2026-09-09T19:10:45+00:00
1015155,1,"Bussing R, Gende A ""Severe hypoglycemia from clarithromycin-sulfonylurea drug interaction."" Diabetes Care 25 (2002): 1659-61",https://ddinter.scbdd.com/ddinter/interact/1015155/,2026-09-09T19:10:40+00:00
1015155,2,"Skillman TG, Feldman JM ""The pharmacology of sulfonylureas."" Am J Med 70 (1981): 361-72",https://ddinter.scbdd.com/ddinter/interact/1015155/,2026-09-09T19:10:40+00:00
1015155,3,"Jerntorp P, Almer LO ""Chlorpropamide-alcohol flushing in relation to macroangiopathy and peripheral neuropathy in non-insulin dependent diabetes."" Acta Med Scand 656 (1981): 33-6",https://ddinter.scbdd.com/ddinter/interact/1015155/,2026-09-09T19:10:40+00:00
1015204,1,"Auclair B, Berning SE, Huitt GA, Peloquin CP ""Potential interaction between itraconazole and clarithromycin."" Pharmacotherapy 19 (1999): 1439-44",https://ddinter.scbdd.com/ddinter/interact/1015204/,2026-09-09T19:10:43+00:00
1015204,2,"""Product Information. Sporanox (itraconazole)."" Janssen Pharmaceutica, Titusville, NJ.",https://ddinter.scbdd.com/ddinter/interact/1015204/,2026-09-09T19:10:43+00:00
1015204,3,"""Product Information. Sporanox oral solution (itraconazole)."" Janssen Pharmaceutica, Titusville, NJ.",https://ddinter.scbdd.com/ddinter/interact/1015204/,2026-09-09T19:10:43+00:00
1015226,1,"Iannini PB ""Cardiotoxicity of macrolides, ketolides and fluoroquinolones that prolong the QTc interval."" Expert Opin Drug Saf 1 (2002): 121-8",https://ddinter.scbdd.com/ddinter/interact/1015226/,2026-09-09T17:22:48+00:00
1015226,2,"Cerner Multum, Inc. ""Australian Product Information."" O 0",https://ddinter.scbdd.com/ddinter/interact/1015226/,2026-09-09T17:22:48+00:00
1015226,3,"""Product Information. Levaquin (levofloxacin)."" Ortho Pharmaceutical Corporation, Raritan, NJ.",https://ddinter.scbdd.com/ddinter/interact/1015226/,2026-09-09T17:22:48+00:00
1015260,1,"Cerner Multum, Inc. ""UK Summary of Product Characteristics."" O 0",https://ddinter.scbdd.com/ddinter/interact/1015260/,2026-09-09T19:10:42+00:00
1015260,2,"""Product Information. Methotrexate (methotrexate)."" Lederle Laboratories, Wayne, NJ.",https://ddinter.scbdd.com/ddinter/interact/1015260/,2026-09-09T19:10:42+00:00
1015260,3,"Nesher G, Mates M, Zevin S ""Effect of caffeine consumption on efficacy of methotrexate in rheumatoid arthritis."" Arthritis Rheum 48 (2003): 571-572",https://ddinter.scbdd.com/ddinter/interact/1015260/,2026-09-09T19:10:42+00:00
1015265,1,"Kounas SP, Letsas KP, Sideris A, Efraimidis M, Kardaras F ""QT interval prolongation and torsades de pointes due to a coadministration of metronidazole and amiodarone."" Pacing Clin Electrophysiol 28 (2005): 472-3",https://ddinter.scbdd.com/ddinter/interact/1015265/,2026-09-09T19:10:46+00:00
1015265,2,"Giannini AJ, DeFrance DT ""Metronidazole and alcohol: potential for combinative abuse."" J Toxicol Clin Toxicol 20 (1983): 509-15",https://ddinter.scbdd.com/ddinter/interact/1015265/,2026-09-09T19:10:46+00:00
1015265,3,"""Product Information. Benznidazole (benznidazole)."" Everett Laboratories Inc, West Orange, NJ.",https://ddinter.scbdd.com/ddinter/interact/1015265/,2026-09-09T19:10:46+00:00
1015299,1,"Cerner Multum, Inc. ""Australian Product Information."" O 0",https://ddinter.scbdd.com/ddinter/interact/1015299/,2026-09-09T19:10:52+00:00
1015299,2,"Cerner Multum, Inc. ""UK Summary of Product Characteristics."" O 0",https://ddinter.scbdd.com/ddinter/interact/1015299/,2026-09-09T19:10:52+00:00
1015299,3,"""Product Information. Zyprexa (olanzapine)."" Lilly, Eli and Company, Indianapolis, IN.",https://ddinter.scbdd.com/ddinter/interact/1015299/,2026-09-09T19:10:52+00:00
1015337,1,"Cerner Multum, Inc. ""UK Summary of Product Characteristics."" O 0",https://ddinter.scbdd.com/ddinter/interact/1015337/,2026-09-09T19:10:50+00:00
1015337,2,"Cerner Multum, Inc. ""Australian Product Information."" O 0",https://ddinter.scbdd.com/ddinter/interact/1015337/,2026-09-09T19:10:50+00:00
1015337,3,"Milne RW, Coulthard K, Nation RL, et al ""Lack of effect of erythromycin on the pharmacokinetics of single oral doses of phenytoin."" Br J Clin Pharmacol 26 (1988): 330-3",https://ddinter.scbdd.com/ddinter/interact/1015337/,2026-09-09T19:10:50+00:00
1015368,1,"Urichuk L, Prior TI, Dursun S, Baker G ""Metabolism of atypical antipsychotics: involvement of cytochrome p450 enzymes and relevance for drug-drug interactions."" Curr Drug Metab 9 (2008): 410-8",https://ddinter.scbdd.com/ddinter/interact/1015368/,2026-09-09T19:11:05+00:00
1015368,2,"Schulz-Du Bois C, Schulz-Du Bois AC, Bewig B, et al. ""Major increase of quetiapine steady-state plasma concentration following co-administration of clarithromycin: confirmation of the pharmacokinetic interaction potential of quetiapine."" Pharmacopsychiatry 41 (2008): 258-9",https://ddinter.scbdd.com/ddinter/interact/1015368/,2026-09-09T19:11:05+00:00
1015368,3,"Grimm SW, Richtand NM, Winter HR, Stams KR, Reele SB ""Effects of cytochrome P450 3A modulators ketoconazole and carbamazepine on quetiapine pharmacokinetics."" Br J Clin Pharmacol 61 (2006): 58-69",https://ddinter.scbdd.com/ddinter/interact/1015368/,2026-09-09T19:11:05+00:00
1015381,1,"Wallace RJ, Brown BA, Griffith DE, Girard W, Tanaka K ""Reduced serum levels of clarithromycin in patients treated with multidrug regimens including rifampin or rifabutin for Mycobacterium avium -M.intracellulare infection."" J Infect Dis 171 (1995): 747-50",https://ddinter.scbdd.com/ddinter/interact/1015381/,2026-09-09T19:11:07+00:00
1015381,2,"Griffith DE, Brown BA, Girard WM, Wallace RJ Jr ""Adverse events associated with high-dose rifabutin in macrolide-containing regimens for the treatment of Mycobacterium avium complex lung disease."" Clin Infect Dis 21 (1995): 594-8",https://ddinter.scbdd.com/ddinter/interact/1015381/,2026-09-09T19:11:07+00:00
1015381,3,"Apseloff G, Foulds G, LaBoy-Goral L, Willavize S, Vincent J ""Comparison of azithromycin and clarithromycin in their interactions with rifabutin in healthy volunteers."" J Clin Pharmacol 38 (1998): 830-5",https://ddinter.scbdd.com/ddinter/interact/1015381/,2026-09-09T19:11:07+00:00
1015387,1,"EMA. European Medicines Agency. European Union ""EMA - List of medicines under additional monitoring. Available from: URL: http://www.ema.europa.eu/ema/index.jsp?curl=pages/regulation/document_listing/document_listing_000366.jsp&mid=WC0b01ac058067c852"" ([2013 - ]):",https://ddinter.scbdd.com/ddinter/interact/1015387/,2026-09-09T19:11:09+00:00
1015387,2,"Witchel HJ, Hancox JC, Nutt DJ ""Psychotropic drugs, cardiac arrhythmia, and sudden death."" J Clin Psychopharmacol 23 (2003): 58-77",https://ddinter.scbdd.com/ddinter/interact/1015387/,2026-09-09T19:11:09+00:00
1015387,3,"Iannini PB ""Cardiotoxicity of macrolides, ketolides and fluoroquinolones that prolong the QTc interval."" Expert Opin Drug Saf 1 (2002): 121-8",https://ddinter.scbdd.com/ddinter/interact/1015387/,2026-09-09T19:11:09+00:00
1015389,1,"Ouellet D, Hsu A, Granneman GR, et al. ""Assessment of the pharmacokinetic interaction between ritonavir and clarithromycin."" Clin Pharmacol Ther 59 (1996): 143",https://ddinter.scbdd.com/ddinter/interact/1015389/,2026-09-09T19:10:48+00:00
1015389,2,"""Product Information. Norvir (ritonavir)."" Abbott Pharmaceutical, Abbott Park, IL.",https://ddinter.scbdd.com/ddinter/interact/1015389/,2026-09-09T19:10:48+00:00
1015389,3,"Ouellet D, Hsu A, Granneman GR, Carlson G, Cavanaugh J, Guenther H, Leonard JM ""Pharmacokinetic interaction between ritonavir and clarithromycin."" Clin Pharmacol Ther 64 (1998): 355-62",https://ddinter.scbdd.com/ddinter/interact/1015389/,2026-09-09T19:10:48+00:00
1015390,1,"""Product Information. Xarelto (rivaroxaban)."" Bayer Inc, Toronto, IA.",https://ddinter.scbdd.com/ddinter/interact/1015390/,2026-09-09T17:22:32+00:00
1015390,2,"Hooks MA ""Tacrolimus, a new immunosuppressant--a review of the literature."" Ann Pharmacother 28 (1994): 501-11",https://ddinter.scbdd.com/ddinter/interact/1015390/,2026-09-09T17:22:32+00:00
1015390,3,"""Product Information. Prograf (tacrolimus)."" Fujisawa, Deerfield, IL.",https://ddinter.scbdd.com/ddinter/interact/1015390/,2026-09-09T17:22:32+00:00
1015409,1,"Williams D, Feely J ""Pharmacokinetic-Pharmacodynamic Drug Interactions with HMG-CoA Reductase Inhibitors."" Clin Pharmacokinet 41 (2002): 343-70",https://ddinter.scbdd.com/ddinter/interact/1015409/,2026-09-09T19:10:58+00:00
1015409,2,"Spach DH, Bauwens JE, Clark CD, Burke WG ""Rhabdomyolysis associated with lovastatin and erythromycin use."" West J Med 154 (1991): 213-5",https://ddinter.scbdd.com/ddinter/interact/1015409/,2026-09-09T19:10:58+00:00
1015409,3,"Watkins JL, Atkinson BJ, Pagliaro LC ""Rhabdomyolysis in a prostate cancer patient taking ketoconazole and simvastatin: case report and review of the literature."" Ann Pharmacother 45 (2011): e9",https://ddinter.scbdd.com/ddinter/interact/1015409/,2026-09-09T19:10:58+00:00
1015428,1,"Katari SR, Magnone M, Shapiro R, et al ""Clinical features of acute reversible tacrolimus (FK 506) nephrotoxicity in kidney transplant recipients."" Clin Transplant 11 (1997): 237-42",https://ddinter.scbdd.com/ddinter/interact/1015428/,2026-09-09T19:11:02+00:00
1015428,2,"Jensen C, Jordan M, Shapiro R, et al. ""Interaction between tacrolimus and erythromycin."" Lancet 344 (1994): 825",https://ddinter.scbdd.com/ddinter/interact/1015428/,2026-09-09T19:11:02+00:00
1015428,3,"Furlan V, Perello L, Jacquemin E, Debray D, Taburet AM ""Interactions between FK506 and rifampin or erythromycin in pediatric liver recipients."" Transplantation 59 (1995): 1217-8",https://ddinter.scbdd.com/ddinter/interact/1015428/,2026-09-09T19:11:02+00:00
1015445,1,"Upton RA ""Pharmacokinetic interactions between theophylline and other medication (Part I)."" Clin Pharmacokinet 20 (1991): 66-80",https://ddinter.scbdd.com/ddinter/interact/1015445/,2026-09-09T19:11:10+00:00
1015445,2,"Amsden GW ""Erythromycin, clarithromycin, and azithromycin: are the differences real?"" Clin Ther 18 (1996): 56-72",https://ddinter.scbdd.com/ddinter/interact/1015445/,2026-09-09T19:11:10+00:00
1015445,3,"Amsden GW ""Macrolides versus azalides: a drug interaction update."" Ann Pharmacother 29 (1995): 906-17",https://ddinter.scbdd.com/ddinter/interact/1015445/,2026-09-09T19:11:10+00:00
1015448,1,"Cerner Multum, Inc. ""UK Summary of Product Characteristics."" O 0",https://ddinter.scbdd.com/ddinter/interact/1015448/,2026-09-09T17:23:01+00:00
1015448,2,"Cerner Multum, Inc. ""Australian Product Information."" O 0",https://ddinter.scbdd.com/ddinter/interact/1015448/,2026-09-09T17:23:01+00:00
1015448,3,"""Product Information. Brilinta (ticagrelor)."" Astra-Zeneca Pharmaceuticals, Wilmington, DE.",https://ddinter.scbdd.com/ddinter/interact/1015448/,2026-09-09T17:23:01+00:00
1015483,1,"""Product Information. Effexor (venlafaxine)."" Wyeth-Ayerst Laboratories, Philadelphia, PA.",https://ddinter.scbdd.com/ddinter/interact/1015483/,2026-09-09T19:11:01+00:00
1015483,2,"Cerner Multum, Inc. ""Australian Product Information."" O 0",https://ddinter.scbdd.com/ddinter/interact/1015483/,2026-09-09T19:11:01+00:00
1015483,3,"Cerner Multum, Inc. ""UK Summary of Product Characteristics."" O 0",https://ddinter.scbdd.com/ddinter/interact/1015483/,2026-09-09T19:11:01+00:00
1015494,1,"O'Donnell D ""Antibiotic-induced potentiation of oral anticoagulant agents."" Med J Aust 150 (1989): 163-4",https://ddinter.scbdd.com/ddinter/interact/1015494/,2026-09-09T19:11:12+00:00
1015494,2,"Hassell D, Utt JK ""Suspected interaction: warfarin and erythromycin."" South Med J 78 (1985): 1015-6",https://ddinter.scbdd.com/ddinter/interact/1015494/,2026-09-09T19:11:12+00:00
1015494,3,"Cerner Multum, Inc. ""UK Summary of Product Characteristics."" O 0",https://ddinter.scbdd.com/ddinter/interact/1015494/,2026-09-09T19:11:12+00:00
1018974,1,"Bannister SJ, Houser VP, Hulse JD, Kisicki JC, Rasmussen JG ""Evaluation of the potential for interactions of paroxetine with diazepam, cimetidine, warfarin, and digoxin."" Acta Psychiatr Scand Suppl 350 (1989): 102-6",https://ddinter.scbdd.com/ddinter/interact/1018974/,2026-09-09T19:11:14+00:00
1018974,2,"Skop BP, Brown TM ""Potential vascular and bleeding complications of treatment with selective serotonin reuptake inhibitors."" Psychosomatics 37 (1996): 12-6",https://ddinter.scbdd.com/ddinter/interact/1018974/,2026-09-09T19:11:14+00:00
1018974,3,"Settle EC ""Antidepressant drugs: disturbing and potentially dangerous adverse effects."" J Clin Psychiatry 59 Suppl 16 (1998): 25-30",https://ddinter.scbdd.com/ddinter/interact/1018974/,2026-09-09T19:11:14+00:00
1018984,1,"Bannister SJ, Houser VP, Hulse JD, Kisicki JC, Rasmussen JG ""Evaluation of the potential for interactions of paroxetine with diazepam, cimetidine, warfarin, and digoxin."" Acta Psychiatr Scand Suppl 350 (1989): 102-6",https://ddinter.scbdd.com/ddinter/interact/1018984/,2026-09-09T17:24:35+00:00
1018984,2,"Skop BP, Brown TM ""Potential vascular and bleeding complications of treatment with selective serotonin reuptake inhibitors."" Psychosomatics 37 (1996): 12-6",https://ddinter.scbdd.com/ddinter/interact/1018984/,2026-09-09T17:24:35+00:00
1018984,3,"Settle EC ""Antidepressant drugs: disturbing and potentially dangerous adverse effects."" J Clin Psychiatry 59 Suppl 16 (1998): 25-30",https://ddinter.scbdd.com/ddinter/interact/1018984/,2026-09-09T17:24:35+00:00
1018993,1,"Small DS, Farid NA, Payne CD, et al. ""Effects of the proton pump inhibitor lansoprazole on the pharmacokinetics and pharmacodynamics of prasugrel and clopidogrel."" J Clin Pharmacol 48 (2008): 475-84",https://ddinter.scbdd.com/ddinter/interact/1018993/,2026-09-09T19:11:16+00:00
1018993,2,"Pezalla E, Day D, Pulliadath I ""Initial assessment of clinical impact of a drug interaction between clopidogrel and proton pump inhibitors."" J Am Coll Cardiol 52 (2008): 1038-9",https://ddinter.scbdd.com/ddinter/interact/1018993/,2026-09-09T19:11:16+00:00
1018993,3,"Gilard M, Arnaud B, Le Gal G, Abgrall JF, Boschat J ""Influence of omeprazol on the antiplatelet action of clopidogrel associated to aspirin."" J Thromb Haemost 4 (2006): 2508-9",https://ddinter.scbdd.com/ddinter/interact/1018993/,2026-09-09T19:11:16+00:00
1018994,1,"Small DS, Farid NA, Payne CD, et al. ""Effects of the proton pump inhibitor lansoprazole on the pharmacokinetics and pharmacodynamics of prasugrel and clopidogrel."" J Clin Pharmacol 48 (2008): 475-84",https://ddinter.scbdd.com/ddinter/interact/1018994/,2026-09-09T19:11:19+00:00
1018994,2,"Pezalla E, Day D, Pulliadath I ""Initial assessment of clinical impact of a drug interaction between clopidogrel and proton pump inhibitors."" J Am Coll Cardiol 52 (2008): 1038-9",https://ddinter.scbdd.com/ddinter/interact/1018994/,2026-09-09T19:11:19+00:00
1018994,3,"Gilard M, Arnaud B, Le Gal G, Abgrall JF, Boschat J ""Influence of omeprazol on the antiplatelet action of clopidogrel associated to aspirin."" J Thromb Haemost 4 (2006): 2508-9",https://ddinter.scbdd.com/ddinter/interact/1018994/,2026-09-09T19:11:19+00:00
1019001,1,"""Product Information. Plavix (clopidogrel)."" Bristol-Myers Squibb, Princeton, NJ.",https://ddinter.scbdd.com/ddinter/interact/1019001/,2026-09-09T19:11:21+00:00
1019001,2,"""Product Information. Accolate (zafirlukast)."" Zeneca Pharmaceuticals, Wilmington, DE.",https://ddinter.scbdd.com/ddinter/interact/1019001/,2026-09-09T19:11:21+00:00
1019003,1,"""Product Information. Plavix (clopidogrel)."" Bristol-Myers Squibb, Princeton, NJ.",https://ddinter.scbdd.com/ddinter/interact/1019003,2026-09-09T18:42:09+00:00
1019003,2,"""Product Information. Heparin Sodium (heparin)."" Lilly, Eli and Company, Indianapolis, IN.",https://ddinter.scbdd.com/ddinter/interact/1019003,2026-09-09T18:42:09+00:00
1019057,1,"""Product Information. Plavix (clopidogrel)."" Bristol-Myers Squibb, Princeton, NJ.",https://ddinter.scbdd.com/ddinter/interact/1019057/,2026-09-09T19:11:18+00:00
1019057,2,"""Product Information. Accolate (zafirlukast)."" Zeneca Pharmaceuticals, Wilmington, DE.",https://ddinter.scbdd.com/ddinter/interact/1019057/,2026-09-09T19:11:18+00:00
1019068,1,"Cerner Multum, Inc. ""Australian Product Information."" O 0",https://ddinter.scbdd.com/ddinter/interact/1019068/,2026-09-09T19:11:24+00:00
1019068,2,"Cerner Multum, Inc. ""UK Summary of Product Characteristics."" O 0",https://ddinter.scbdd.com/ddinter/interact/1019068/,2026-09-09T19:11:24+00:00
1019068,3,"Lau WC, Waskell LA, Watkins PB, et al. ""Atorvastatin reduces the ability of clopidogrel to inhibit platelet aggregation: a new drug-drug interaction."" Circulation 107 (2003): 32-7",https://ddinter.scbdd.com/ddinter/interact/1019068/,2026-09-09T19:11:24+00:00
1019069,1,"Lau WC, Gurbel PA ""Antiplatelet drug resistance and drug-drug interactions: Role of cytochrome P450 3A4."" Pharm Res 23 (2006): 2691-708",https://ddinter.scbdd.com/ddinter/interact/1019069/,2026-09-09T19:11:22+00:00
1019069,2,"Suh JW, Koo BK, Zhang SY, et al. ""Increased risk of atherothrombotic events associated with cytochrome P450 3A5 polymorphism in patients taking clopidogrel."" CMAJ 174 (2006): 1715-22",https://ddinter.scbdd.com/ddinter/interact/1019069/,2026-09-09T19:11:22+00:00
1019069,3,"Itkonen MK, Tornio A, Lapatto-Reiniluoto O, et al. ""Clopidogrel increases dasabuvir exposure with or without ritonavir, and ritonavir inhibits the bioactivation of clopidogrel."" Clin Pharmacol Ther 105 (2019): 219-28",https://ddinter.scbdd.com/ddinter/interact/1019069/,2026-09-09T19:11:22+00:00
1019070,1,"""Product Information. Xarelto (rivaroxaban)."" Bayer Inc, Toronto, IA.",https://ddinter.scbdd.com/ddinter/interact/1019070/,2026-09-09T17:24:27+00:00
1019086,1,"Cerner Multum, Inc. ""UK Summary of Product Characteristics."" O 0",https://ddinter.scbdd.com/ddinter/interact/1019086/,2026-09-09T17:24:32+00:00
1019086,2,"""Product Information. Brilinta (ticagrelor)."" Astra-Zeneca Pharmaceuticals, Wilmington, DE.",https://ddinter.scbdd.com/ddinter/interact/1019086/,2026-09-09T17:24:32+00:00
1019101,1,"Bannister SJ, Houser VP, Hulse JD, Kisicki JC, Rasmussen JG ""Evaluation of the potential for interactions of paroxetine with diazepam, cimetidine, warfarin, and digoxin."" Acta Psychiatr Scand Suppl 350 (1989): 102-6",https://ddinter.scbdd.com/ddinter/interact/1019101/,2026-09-09T19:11:35+00:00
1019101,2,"Skop BP, Brown TM ""Potential vascular and bleeding complications of treatment with selective serotonin reuptake inhibitors."" Psychosomatics 37 (1996): 12-6",https://ddinter.scbdd.com/ddinter/interact/1019101/,2026-09-09T19:11:35+00:00
1019101,3,"Settle EC ""Antidepressant drugs: disturbing and potentially dangerous adverse effects."" J Clin Psychiatry 59 Suppl 16 (1998): 25-30",https://ddinter.scbdd.com/ddinter/interact/1019101/,2026-09-09T19:11:35+00:00
1019107,1,"Tay KH, Lane DA, Lip GY ""Bleeding risks with combination of oral anticoagulation plus antiplatelet therapy: is clopidogrel any safer than aspirin when combined with warfarin?"" Thromb Haemost 100 (2008): 955-7",https://ddinter.scbdd.com/ddinter/interact/1019107/,2026-09-09T19:11:28+00:00
1019107,2,"Johnson SG, Rogers K, Delate T, Witt DM ""Outcomes associated with combined antiplatelet and anticoagulant therapy."" Chest 133 (2008): 948-54",https://ddinter.scbdd.com/ddinter/interact/1019107/,2026-09-09T19:11:28+00:00
1019107,3,"Hermosillo AJ, Spinler SA ""Aspirin, clopidogrel, and warfarin: is the combination appropriate and effective or inappropriate and too danterous?"" Ann Pharmacother 42 (2008): 790-805",https://ddinter.scbdd.com/ddinter/interact/1019107/,2026-09-09T19:11:28+00:00
1024247,1,"De Lannoy IA, Koren G, Klein J, et al ""Cyclosporin and quinidine inhibition of renal digoxin excretion: evidence for luminal secretion of digoxin."" Am J Physiol 263 (1992): f613-22",https://ddinter.scbdd.com/ddinter/interact/1024247/,2026-09-09T19:11:42+00:00
1024247,2,"Balayssac D, Authier N, Cayre A, Coudore F ""Does inhibition of P-glycoprotein lead to drug-drug interactions?"" Toxicol Lett 156 (2005): 319-29",https://ddinter.scbdd.com/ddinter/interact/1024247/,2026-09-09T19:11:42+00:00
1024247,3,"Cerner Multum, Inc. ""Australian Product Information."" O 0",https://ddinter.scbdd.com/ddinter/interact/1024247/,2026-09-09T19:11:42+00:00
1024272,1,"Murray BM, Venuto RC, Kohli R, Cunningham EE ""Enalapril-associated acute renal failure in renal transplants: possible role of cyclosporine."" Am J Kidney Dis 16 (1990): 66-9",https://ddinter.scbdd.com/ddinter/interact/1024272/,2026-09-09T19:11:37+00:00
1024272,2,"Cerner Multum, Inc. ""Australian Product Information."" O 0",https://ddinter.scbdd.com/ddinter/interact/1024272/,2026-09-09T19:11:37+00:00
1024272,3,"Cerner Multum, Inc. ""UK Summary of Product Characteristics."" O 0",https://ddinter.scbdd.com/ddinter/interact/1024272/,2026-09-09T19:11:37+00:00
1024285,1,"""Product Information. Lexapro (escitalopram)."" Forest Pharmaceuticals, St. Louis, MO.",https://ddinter.scbdd.com/ddinter/interact/1024285/,2026-09-09T17:27:17+00:00
1024285,2,"""Product Information. Celexa (citalopram)."" Forest Pharmaceuticals, St. Louis, MO.",https://ddinter.scbdd.com/ddinter/interact/1024285/,2026-09-09T17:27:17+00:00
1024285,3,"Warrington SJ, Ankier SI, Turner P ""Evaluation of possible interactions between ethanol and trazodone or amitriptyline."" Neuropsychobiology 15 (1986): 31-7",https://ddinter.scbdd.com/ddinter/interact/1024285/,2026-09-09T17:27:17+00:00
1024305,1,"Osowski CL, Dix SP, Lin LS, Mullins RE, Geller RB, Wingard JR ""Evaluation of the drug interaction between intravenous high-dose fluconazole and cyclosporine or tacrolimus in bone marrow transplant patients."" Transplantation 61 (1996): 1268-72",https://ddinter.scbdd.com/ddinter/interact/1024305/,2026-09-09T19:11:26+00:00
1024305,2,"Sugar AM, Saunders C, Idelson BA, Bernard DB ""Interaction of fluconazole and cyclosporine."" Ann Intern Med 110 (1989): 844",https://ddinter.scbdd.com/ddinter/interact/1024305/,2026-09-09T19:11:26+00:00
1024305,3,"Canafax DM, Graves NM, Hilligoss DM, Carleton BC, Gardner MJ, Matas AJ ""Increased cyclosporine levels as a result of simultaneous fluconazole and cyclosporine therapy in renal transplant recipients: a double-blind, randomized pharmacokinetic and safety study."" Transplant Proc 23 (1991): 1041-2",https://ddinter.scbdd.com/ddinter/interact/1024305/,2026-09-09T19:11:26+00:00
1024308,1,"Horton RC, Bonser RS ""Interaction between cyclosporin and fluoxetine."" BMJ 311 (1995): 422",https://ddinter.scbdd.com/ddinter/interact/1024308/,2026-09-09T19:11:39+00:00
1024308,2,"""Product Information. Fycompa (perampanel)."" Eisai Inc, Teaneck, NJ.",https://ddinter.scbdd.com/ddinter/interact/1024308/,2026-09-09T19:11:39+00:00
1024308,3,"Gilman AG, Rall TW, Nies AS, Taylor P, eds. ""Goodman and Gilman's the Pharmacological Basis of Therapeutics. 8th ed."" New York, NY: Pergamon Press Inc. (1990):",https://ddinter.scbdd.com/ddinter/interact/1024308/,2026-09-09T19:11:39+00:00
1024315,1,"Islam SI, Masuda QN, Bolaji OO, Shaheen FM, Sheikh IA ""Possible interaction between cyclosporine and glibenclamide in posttransplant diabetic patients."" Ther Drug Monit 18 (1996): 624-6",https://ddinter.scbdd.com/ddinter/interact/1024315/,2026-09-09T19:11:30+00:00
1024315,2,"Chidester PD, Connito DJ ""Interaction between glipizide and cyclosporine: report of two cases."" Transplant Proc 25 (1993): 2136-7",https://ddinter.scbdd.com/ddinter/interact/1024315/,2026-09-09T19:11:30+00:00
1024315,3,"Skillman TG, Feldman JM ""The pharmacology of sulfonylureas."" Am J Med 70 (1981): 361-72",https://ddinter.scbdd.com/ddinter/interact/1024315/,2026-09-09T19:11:30+00:00
1024358,1,"Sobh M, Elagroudy A, Moustafa F, Harras F, Elbedewy M, Ghoneim M ""Coadministration of ketoconazole to cyclosporin-treated kidney transplant recipients: a prospective randomized study."" Am J Nephrol 15 (1995): 493-9",https://ddinter.scbdd.com/ddinter/interact/1024358/,2026-09-09T19:11:33+00:00
1024358,2,"Charles BG, Ravenscroft PJ, Rigby RJ ""The ketoconazole-cyclosporin interaction in an elderly renal transplant patient."" Aust N Z J Med 19 (1989): 292-3",https://ddinter.scbdd.com/ddinter/interact/1024358/,2026-09-09T19:11:33+00:00
1024358,3,"Yee GC, McGuire TR ""Pharmacokinetic drug interactions with cyclosporin (Part I)."" Clin Pharmacokinet 19 (1990): 319-32",https://ddinter.scbdd.com/ddinter/interact/1024358/,2026-09-09T19:11:33+00:00
1024387,1,"Murray BM, Venuto RC, Kohli R, Cunningham EE ""Enalapril-associated acute renal failure in renal transplants: possible role of cyclosporine."" Am J Kidney Dis 16 (1990): 66-9",https://ddinter.scbdd.com/ddinter/interact/1024387/,2026-09-09T19:11:41+00:00
1024387,2,"Cerner Multum, Inc. ""Australian Product Information."" O 0",https://ddinter.scbdd.com/ddinter/interact/1024387/,2026-09-09T19:11:41+00:00
1024387,3,"Cerner Multum, Inc. ""UK Summary of Product Characteristics."" O 0",https://ddinter.scbdd.com/ddinter/interact/1024387/,2026-09-09T19:11:41+00:00
1024408,1,"Korstanje MJ, van Breda Vriesman CJ, van de Staak WJ ""Cyclosporine and methotrexate: a dangerous combination."" J Am Acad Dermatol 23 (1990): 320-1",https://ddinter.scbdd.com/ddinter/interact/1024408/,2026-09-09T19:11:48+00:00
1024408,2,"""Product Information. Sandimmune (cyclosporine)."" Sandoz Pharmaceuticals Corporation, East Hanover, NJ.",https://ddinter.scbdd.com/ddinter/interact/1024408/,2026-09-09T19:11:48+00:00
1024408,3,"Cockburn IT, Krupp P ""An appraisal of drug interactions with sandimmun."" Transplant Proc 21 (1989): 3845-50",https://ddinter.scbdd.com/ddinter/interact/1024408/,2026-09-09T19:11:48+00:00
1024457,1,"Arranz R, Yanez E, Franceschi JL, Fernandez-Ranada JM ""More about omeparazole-cyclosporine interaction."" Am J Gastroenterol 88 (1993): 154",https://ddinter.scbdd.com/ddinter/interact/1024457/,2026-09-09T19:11:46+00:00
1024457,2,"Castellote E, Bonet J, Lauzurica R, Pastor C, Cofan F, Caralps A ""Does interaction between omeprazole and cyclosporin exist?"" Nephron 65 (1993): 478",https://ddinter.scbdd.com/ddinter/interact/1024457/,2026-09-09T19:11:46+00:00
1024457,3,"Schouler L, Dumas F, Couzigou P, et al ""Omeprazole-cyclosporin interaction."" Am J Gastroenterol 86 (1991): 1097",https://ddinter.scbdd.com/ddinter/interact/1024457/,2026-09-09T19:11:46+00:00
1024485,1,"Keown PA, Laupacis A, Carruthers G, et al. ""Interaction between phenytoin and cyclosporine following organ transplantation."" Transplantation 38 (1984): 304-6",https://ddinter.scbdd.com/ddinter/interact/1024485/,2026-09-09T19:11:50+00:00
1024485,2,"Cerner Multum, Inc. ""UK Summary of Product Characteristics."" O 0",https://ddinter.scbdd.com/ddinter/interact/1024485/,2026-09-09T19:11:50+00:00
1024485,3,"Freeman DJ, Laupacis A, Keown PA, et al ""Evaluation of cyclosporin-phenytoin interaction with observations on cyclosporin metabolites."" Br J Clin Pharmacol 18 (1984): 887-93",https://ddinter.scbdd.com/ddinter/interact/1024485/,2026-09-09T19:11:50+00:00
1024509,1,"Spina E, de Leon J ""Metabolic drug interactions with newer antipsychotics: a comparative review."" Basic Clin Pharmacol Toxicol 100 (2007): 4-22",https://ddinter.scbdd.com/ddinter/interact/1024509/,2026-09-09T19:11:44+00:00
1024509,2,"""Quetiapine for schizophrenia."" Med Lett Drugs Ther 39 (1997): 117-8",https://ddinter.scbdd.com/ddinter/interact/1024509/,2026-09-09T19:11:44+00:00
1024509,3,"DeVane CL, Nemeroff CB ""Clinical pharmacokinetics of quetiapine - An atypical antipsychotic."" Clin Pharmacokinet 40 (2001): 509-22",https://ddinter.scbdd.com/ddinter/interact/1024509/,2026-09-09T19:11:44+00:00
1024512,1,"Murray BM, Venuto RC, Kohli R, Cunningham EE ""Enalapril-associated acute renal failure in renal transplants: possible role of cyclosporine."" Am J Kidney Dis 16 (1990): 66-9",https://ddinter.scbdd.com/ddinter/interact/1024512/,2026-09-09T19:58:54+00:00
1024512,2,"Cerner Multum, Inc. ""Australian Product Information."" O 0",https://ddinter.scbdd.com/ddinter/interact/1024512/,2026-09-09T19:58:54+00:00
1024512,3,"Cerner Multum, Inc. ""UK Summary of Product Characteristics."" O 0",https://ddinter.scbdd.com/ddinter/interact/1024512/,2026-09-09T19:58:54+00:00
1024523,1,"""Product Information. Sandimmune (cyclosporine)."" Sandoz Pharmaceuticals Corporation, East Hanover, NJ.",https://ddinter.scbdd.com/ddinter/interact/1024523/,2026-09-09T19:11:55+00:00
1024523,2,"Al-Sulaiman MH, Dhar JM, Al-Khader AA ""Successful use of rifampicin in the treatment of tuberculosis in renal transplant patients immunosuppressed with cyclosporine."" Transplantation 50 (1990): 597-8",https://ddinter.scbdd.com/ddinter/interact/1024523/,2026-09-09T19:11:55+00:00
1024523,3,"Koselj M, Bren A, Kandus A, Kovac D ""Drug interactions between cyclosporine and rifampicin, erythromycin, and azoles in kidney recipients with opportunistic infections."" Transplant Proc 26 (1994): 2823-4",https://ddinter.scbdd.com/ddinter/interact/1024523/,2026-09-09T19:11:55+00:00
1024532,1,"Brinkman K, Huysmans F, Burger DM ""Pharmacokinetic interaction between saquinavir and cyclosporine."" Ann Intern Med 129 (1998): 914-5",https://ddinter.scbdd.com/ddinter/interact/1024532/,2026-09-09T19:12:09+00:00
1024532,2,"""Product Information. Crixivan (indinavir)."" Merck & Co, Inc, West Point, PA.",https://ddinter.scbdd.com/ddinter/interact/1024532/,2026-09-09T19:12:09+00:00
1024532,3,"""Product Information. Viracept (nelfinavir)."" Agouron Pharma Inc, La Jolla, CA.",https://ddinter.scbdd.com/ddinter/interact/1024532/,2026-09-09T19:12:09+00:00
1024533,1,"""Product Information. Xarelto (rivaroxaban)."" Bayer Inc, Toronto, IA.",https://ddinter.scbdd.com/ddinter/interact/1024533/,2026-09-09T17:28:17+00:00
1024533,2,"Hooks MA ""Tacrolimus, a new immunosuppressant--a review of the literature."" Ann Pharmacother 28 (1994): 501-11",https://ddinter.scbdd.com/ddinter/interact/1024533/,2026-09-09T17:28:17+00:00
1024533,3,"""Product Information. Prograf (tacrolimus)."" Fujisawa, Deerfield, IL.",https://ddinter.scbdd.com/ddinter/interact/1024533/,2026-09-09T17:28:17+00:00
1024540,1,"Simonson SG, Raza A, Martin PD, et al. ""Rosuvastatin pharmacokinetics in heart transplant recipients administered an antirejection regimen including cyclosporine."" Clin Pharmacol Ther 76 (2004): 167-77",https://ddinter.scbdd.com/ddinter/interact/1024540/,2026-09-09T19:11:51+00:00
1024540,2,"""Product Information. Crestor (rosuvastatin)."" AstraZeneca Pharma Inc, Mississauga, ON.",https://ddinter.scbdd.com/ddinter/interact/1024540/,2026-09-09T19:11:51+00:00
1024540,3,"Holtzman CW, Wiggins BS, Spinler SA ""Role of P-glycoprotein in statin drug interactions."" Pharmacotherapy 26 (2006): 1601-7",https://ddinter.scbdd.com/ddinter/interact/1024540/,2026-09-09T19:11:51+00:00
1024563,1,"""Product Information. Lescol (fluvastatin)."" Novartis Pharmaceuticals, East Hanover, NJ.",https://ddinter.scbdd.com/ddinter/interact/1024563/,2026-09-09T19:12:05+00:00
1024563,2,"Holtzman CW, Wiggins BS, Spinler SA ""Role of P-glycoprotein in statin drug interactions."" Pharmacotherapy 26 (2006): 1601-7",https://ddinter.scbdd.com/ddinter/interact/1024563/,2026-09-09T19:12:05+00:00
1024563,3,"Paoletti R, Corsini A, Bellosta S ""Pharmacological interactions of statins."" Atheroscler Suppl 3 (2002): 35-40",https://ddinter.scbdd.com/ddinter/interact/1024563/,2026-09-09T19:12:05+00:00
1024592,1,"Pichard L, Fabre I, Domergue J, Joyeux H, Maurel P ""Effect of FK 506 on human hepatic cytochromes P-450: interaction with CyA (cyclosporine)."" Transplant Proc 23 (1991): 2791-3",https://ddinter.scbdd.com/ddinter/interact/1024592/,2026-09-09T19:11:57+00:00
1024592,2,"McCauley J, Takaya S, Fung J, et al ""The question of FK 506 nephrotoxicity after liver transplantation."" Transplant Proc 23 (1991): 1444-7",https://ddinter.scbdd.com/ddinter/interact/1024592/,2026-09-09T19:11:57+00:00
1024592,3,"Wu YM, Venkataramanan R, Suzuki M, et al ""Interaction between FK 506 and cyclosporine in dogs."" Transplant Proc 23 (1991): 2797-9",https://ddinter.scbdd.com/ddinter/interact/1024592/,2026-09-09T19:11:57+00:00
1024608,1,"van Sloten T, de Klaver P, van den Wall Bake A ""Co-administration of cyclosporine and ticagrelor may lead to a higher exposure to cyclosporine: a case report of a 49-year-old man."" Br J Clin Pharmacol 0 (2017): epub",https://ddinter.scbdd.com/ddinter/interact/1024608,2026-09-09T18:42:10+00:00
1024608,2,"Cerner Multum, Inc. ""UK Summary of Product Characteristics."" O 0",https://ddinter.scbdd.com/ddinter/interact/1024608,2026-09-09T18:42:10+00:00
1024608,3,"""Product Information. Brilinta (ticagrelor)."" Astra-Zeneca Pharmaceuticals, Wilmington, DE.",https://ddinter.scbdd.com/ddinter/interact/1024608,2026-09-09T18:42:10+00:00
1024644,1,"""Product Information. Exforge (amlodipine-valsartan)."" Novartis Pharmaceuticals, East Hanover, NJ.",https://ddinter.scbdd.com/ddinter/interact/1024644/,2026-09-09T19:11:53+00:00
1024644,2,"""Product Information. Diovan (valsartan)."" Novartis Pharmaceuticals, East Hanover, NJ.",https://ddinter.scbdd.com/ddinter/interact/1024644/,2026-09-09T19:11:53+00:00
1024651,1,"""Product Information. Effexor (venlafaxine)."" Wyeth-Ayerst Laboratories, Philadelphia, PA.",https://ddinter.scbdd.com/ddinter/interact/1024651/,2026-09-09T19:12:03+00:00
1024651,2,"Cerner Multum, Inc. ""UK Summary of Product Characteristics."" O 0",https://ddinter.scbdd.com/ddinter/interact/1024651/,2026-09-09T19:12:03+00:00
1024651,3,"Cerner Multum, Inc. ""Australian Product Information."" O 0",https://ddinter.scbdd.com/ddinter/interact/1024651/,2026-09-09T19:12:03+00:00
1024660,1,"Snyder DS ""Interaction between cyclosporine and warfarin."" Ann Intern Med 108 (1988): 311",https://ddinter.scbdd.com/ddinter/interact/1024660/,2026-09-09T19:12:12+00:00
1024660,2,"Cockburn I ""Cyclosporine A: a clinical evaluation of drug interactions."" Transplant Proc 18 (1986): 50-5",https://ddinter.scbdd.com/ddinter/interact/1024660/,2026-09-09T19:12:12+00:00
1024660,3,"Ducharme MP, Warbasse LH, Edwards DJ ""Disposition of intravenous and oral cyclosporine after administration with grapefruit juice."" Clin Pharmacol Ther 57 (1995): 485-91",https://ddinter.scbdd.com/ddinter/interact/1024660/,2026-09-09T19:12:12+00:00
1026087,1,"""Product Information. Jardiance (empagliflozin)."" Boehringer Ingelheim, Ridgefield, CT.",https://ddinter.scbdd.com/ddinter/interact/1026087/,2026-09-09T17:52:41+00:00
1026087,2,"Cerner Multum, Inc. ""Australian Product Information."" O 0",https://ddinter.scbdd.com/ddinter/interact/1026087/,2026-09-09T17:52:41+00:00
1026087,3,"Cerner Multum, Inc. ""UK Summary of Product Characteristics."" O 0",https://ddinter.scbdd.com/ddinter/interact/1026087/,2026-09-09T17:52:41+00:00
1026113,1,"""Product Information. Jardiance (empagliflozin)."" Boehringer Ingelheim, Ridgefield, CT.",https://ddinter.scbdd.com/ddinter/interact/1026113,2026-09-09T18:42:09+00:00
1026113,2,"""Product Information. Steglatro (ertugliflozin)."" Merck & Company Inc, Whitehouse Station, NJ.",https://ddinter.scbdd.com/ddinter/interact/1026113,2026-09-09T18:42:09+00:00
1026113,3,"""Product Information. Invokana (canagliflozin)."" Janssen Pharmaceuticals, Titusville, NJ.",https://ddinter.scbdd.com/ddinter/interact/1026113,2026-09-09T18:42:09+00:00
1026157,1,"Gavin JR 3rd, Kubin R, Choudhri S, et al ""Moxifloxacin and glucose homeostasis: a pooled-analysis of the evidence from clinical and postmarketing studies."" Drug Saf 27 (2004): 671-86",https://ddinter.scbdd.com/ddinter/interact/1026157/,2026-09-09T17:52:57+00:00
1026157,2,"Yip C, Lee AJ ""Gatifloxacin-induced hyperglycemia: a case report and summary of the current literature."" Clin Ther 28 (2006): 1857-66",https://ddinter.scbdd.com/ddinter/interact/1026157/,2026-09-09T17:52:57+00:00
1026157,3,"Kelesidis T, Canseco E ""Quinolone-induced hypoglycemia: a life-threatening but potentially reversible side effect."" Am J Med 123 (2010): e5-6",https://ddinter.scbdd.com/ddinter/interact/1026157/,2026-09-09T17:52:57+00:00
1026166,1,"""Product Information. Jardiance (empagliflozin)."" Boehringer Ingelheim, Ridgefield, CT.",https://ddinter.scbdd.com/ddinter/interact/1026166/,2026-09-09T17:53:16+00:00
1026166,2,"Cerner Multum, Inc. ""Australian Product Information."" O 0",https://ddinter.scbdd.com/ddinter/interact/1026166/,2026-09-09T17:53:16+00:00
1026166,3,"Cerner Multum, Inc. ""UK Summary of Product Characteristics."" O 0",https://ddinter.scbdd.com/ddinter/interact/1026166/,2026-09-09T17:53:16+00:00
1026212,1,"Jori A, Carrara MC ""On the mechanism of the hyperglycaemic effect of chlorpromazine."" J Pharm Pharmacol 18 (1966): 623-4",https://ddinter.scbdd.com/ddinter/interact/1026212,2026-09-09T18:42:09+00:00
1026212,2,"""Product Information. Dymelor (acetohexamide)"" Lilly, Eli and Company, Indianapolis, IN.",https://ddinter.scbdd.com/ddinter/interact/1026212,2026-09-09T18:42:09+00:00
1026212,3,"""Product Information. Thorazine (chlorpromazine)."" SmithKline Beecham, Philadelphia, PA.",https://ddinter.scbdd.com/ddinter/interact/1026212,2026-09-09T18:42:09+00:00
1026243,1,"Jori A, Carrara MC ""On the mechanism of the hyperglycaemic effect of chlorpromazine."" J Pharm Pharmacol 18 (1966): 623-4",https://ddinter.scbdd.com/ddinter/interact/1026243,2026-09-09T18:42:09+00:00
1026243,2,"""Product Information. Dymelor (acetohexamide)"" Lilly, Eli and Company, Indianapolis, IN.",https://ddinter.scbdd.com/ddinter/interact/1026243,2026-09-09T18:42:09+00:00
1026243,3,"""Product Information. Thorazine (chlorpromazine)."" SmithKline Beecham, Philadelphia, PA.",https://ddinter.scbdd.com/ddinter/interact/1026243,2026-09-09T18:42:09+00:00
1026246,1,"""Product Information. Jardiance (empagliflozin)."" Boehringer Ingelheim, Ridgefield, CT.",https://ddinter.scbdd.com/ddinter/interact/1026246/,2026-09-09T17:53:12+00:00
1026246,2,"Cerner Multum, Inc. ""Australian Product Information."" O 0",https://ddinter.scbdd.com/ddinter/interact/1026246/,2026-09-09T17:53:12+00:00
1026246,3,"Cerner Multum, Inc. ""UK Summary of Product Characteristics."" O 0",https://ddinter.scbdd.com/ddinter/interact/1026246/,2026-09-09T17:53:12+00:00
1026251,1,"""Product Information. Farxiga (dapagliflozin)."" Bristol-Myers Squibb, Princeton, NJ.",https://ddinter.scbdd.com/ddinter/interact/1026251/,2026-09-09T17:53:28+00:00
1026251,2,"Skillman TG, Feldman JM ""The pharmacology of sulfonylureas."" Am J Med 70 (1981): 361-72",https://ddinter.scbdd.com/ddinter/interact/1026251/,2026-09-09T17:53:28+00:00
1026251,3,"Jerntorp P, Almer LO ""Chlorpropamide-alcohol flushing in relation to macroangiopathy and peripheral neuropathy in non-insulin dependent diabetes."" Acta Med Scand 656 (1981): 33-6",https://ddinter.scbdd.com/ddinter/interact/1026251/,2026-09-09T17:53:28+00:00
1026253,1,"Jori A, Carrara MC ""On the mechanism of the hyperglycaemic effect of chlorpromazine."" J Pharm Pharmacol 18 (1966): 623-4",https://ddinter.scbdd.com/ddinter/interact/1026253,2026-09-09T18:42:10+00:00
1026253,2,"""Product Information. Dymelor (acetohexamide)"" Lilly, Eli and Company, Indianapolis, IN.",https://ddinter.scbdd.com/ddinter/interact/1026253,2026-09-09T18:42:10+00:00
1026253,3,"""Product Information. Thorazine (chlorpromazine)."" SmithKline Beecham, Philadelphia, PA.",https://ddinter.scbdd.com/ddinter/interact/1026253,2026-09-09T18:42:10+00:00
1026262,1,"""Product Information. Farxiga (dapagliflozin)."" Bristol-Myers Squibb, Princeton, NJ.",https://ddinter.scbdd.com/ddinter/interact/1026262/,2026-09-09T17:55:52+00:00
1026262,2,"Richter WO, Jacob BG, Schwandt P ""Interaction between fibre and lovastatin."" Lancet 338 (1991): 706",https://ddinter.scbdd.com/ddinter/interact/1026262/,2026-09-09T17:55:52+00:00
1026262,3,"Lilja JJ, Kivisto KT, Neuvonen PJ ""Grapefruit juice-simvastatin interaction: Effect on serum concentrations of simvastatin, simvastatin acid, and HMG-CoA reductase inhibitors."" Clin Pharmacol Ther 64 (1998): 477-83",https://ddinter.scbdd.com/ddinter/interact/1026262/,2026-09-09T17:55:52+00:00
1026272,1,"Jori A, Carrara MC ""On the mechanism of the hyperglycaemic effect of chlorpromazine."" J Pharm Pharmacol 18 (1966): 623-4",https://ddinter.scbdd.com/ddinter/interact/1026272,2026-09-09T18:42:10+00:00
1026272,2,"""Product Information. Dymelor (acetohexamide)"" Lilly, Eli and Company, Indianapolis, IN.",https://ddinter.scbdd.com/ddinter/interact/1026272,2026-09-09T18:42:10+00:00
1026272,3,"""Product Information. Thorazine (chlorpromazine)."" SmithKline Beecham, Philadelphia, PA.",https://ddinter.scbdd.com/ddinter/interact/1026272,2026-09-09T18:42:10+00:00
1026306,1,"""Product Information. Jardiance (empagliflozin)."" Boehringer Ingelheim, Ridgefield, CT.",https://ddinter.scbdd.com/ddinter/interact/1026306/,2026-09-09T17:55:33+00:00
1026306,2,"Cerner Multum, Inc. ""Australian Product Information."" O 0",https://ddinter.scbdd.com/ddinter/interact/1026306/,2026-09-09T17:55:33+00:00
1026306,3,"Cerner Multum, Inc. ""UK Summary of Product Characteristics."" O 0",https://ddinter.scbdd.com/ddinter/interact/1026306/,2026-09-09T17:55:33+00:00
1033995,1,"Rodin SM, Johnson BF ""Pharmacokinetic interactions with digoxin."" Clin Pharmacokinet 15 (1988): 227-44",https://ddinter.scbdd.com/ddinter/interact/1033995/,2026-09-09T19:12:01+00:00
1033995,2,"Douste-Blazy P, Blanc M, Montastruc JL, et al ""Is there any interaction between digoxin and enalapril?"" Br J Clin Pharmacol 22 (1986): 752-3",https://ddinter.scbdd.com/ddinter/interact/1033995/,2026-09-09T19:12:01+00:00
1033995,3,"Cleland JG, Dargie HJ, Pettigrew A, Gillen G, Robertson JI ""The effects of captopril on serum digoxin and urinary urea and digoxin clearances in patients with congestive heart failure."" Am Heart J 112 (1986): 130-5",https://ddinter.scbdd.com/ddinter/interact/1033995/,2026-09-09T19:12:01+00:00
1034021,1,"Leibovitz A, Bilchinsky T, Gil I, Habot B ""Elevated serum digoxin level associated with coadministered fluoxetine."" Arch Intern Med 158 (1998): 1152-3",https://ddinter.scbdd.com/ddinter/interact/1034021/,2026-09-09T19:12:07+00:00
1034021,2,"""Product Information. Fycompa (perampanel)."" Eisai Inc, Teaneck, NJ.",https://ddinter.scbdd.com/ddinter/interact/1034021/,2026-09-09T19:12:07+00:00
1034021,3,"Gilman AG, Rall TW, Nies AS, Taylor P, eds. ""Goodman and Gilman's the Pharmacological Basis of Therapeutics. 8th ed."" New York, NY: Pergamon Press Inc. (1990):",https://ddinter.scbdd.com/ddinter/interact/1034021/,2026-09-09T19:12:07+00:00
1034031,1,"Storstein L, Janssen H ""Studies on digitalis VI: the effect of heparin on serum protein binding of digitoxin and digoxin."" Clin Pharmacol Ther 20 (1976): 15-23",https://ddinter.scbdd.com/ddinter/interact/1034031/,2026-09-09T19:11:59+00:00
1034031,2,"van der Vijgh WJ, Oe PL ""Pharmacokinetic aspects of digoxin in patients with terminal renal failure III: effect of heparin."" Int J Clin Pharmacol Biopharm 15 (1977): 560-2",https://ddinter.scbdd.com/ddinter/interact/1034031/,2026-09-09T19:11:59+00:00
1034031,3,"Darcy PF ""Nutrient-drug interactions."" Adverse Drug React Toxicol Rev 14 (1995): 233-54",https://ddinter.scbdd.com/ddinter/interact/1034031/,2026-09-09T19:11:59+00:00
1034041,1,"Balayssac D, Authier N, Cayre A, Coudore F ""Does inhibition of P-glycoprotein lead to drug-drug interactions?"" Toxicol Lett 156 (2005): 319-29",https://ddinter.scbdd.com/ddinter/interact/1034041/,2026-09-09T19:12:20+00:00
1034041,2,"Partanen J, Jalava KM, Neuvonen PJ ""Itraconazole increases serum digoxin concentration."" Pharmacol Toxicol 79 (1996): 274-6",https://ddinter.scbdd.com/ddinter/interact/1034041/,2026-09-09T19:12:20+00:00
1034041,3,"Alderman CP, Jersmann HP ""Digoxin-itraconazole interaction."" Med J Aust 159 (1993): 838-9",https://ddinter.scbdd.com/ddinter/interact/1034041/,2026-09-09T19:12:20+00:00
1034081,1,"Kuhlmann J, Wilke J, Rietbrock N ""Cytostatic drugs are without significant effect on digitoxin plasma level and renal excretion."" Clin Pharmacol Ther 32 (1982): 646-51",https://ddinter.scbdd.com/ddinter/interact/1034081/,2026-09-09T19:12:14+00:00
1034081,2,"Bjornsson TD, Huang AT, Roth P, Jacob DS, Christenson R ""Effects of high-dose cancer chemotherapy on the absorption of digoxin in two different formulations."" Clin Pharmacol Ther 39 (1986): 25-8",https://ddinter.scbdd.com/ddinter/interact/1034081/,2026-09-09T19:12:14+00:00
1034081,3,"""Product Information. Lanoxicaps (digoxin)."" Glaxo Wellcome, Research Triangle Park, NC.",https://ddinter.scbdd.com/ddinter/interact/1034081/,2026-09-09T19:12:14+00:00
1034111,1,"Oosterhuis B, Jonkman JH, Andersson T, Zuiderwijk PB, Jedema JN ""Minor effect of multiple dose omeprazole on the pharmacokinetics of digoxin after a single oral dose."" Br J Clin Pharmacol 32 (1991): 569-72",https://ddinter.scbdd.com/ddinter/interact/1034111/,2026-09-09T19:12:17+00:00
1034111,2,"FDA. U.S. Food and Drug Administration ""FDA Drug Safety Communication: Low magnesium levels can be associated with long-term use of proton pump inhibitor drugs (PPIs). Available from: URL: http://www.fda.gov/Drugs/DrugSafety/ucm245011.htm."" ([2011 Mar 2]):",https://ddinter.scbdd.com/ddinter/interact/1034111/,2026-09-09T19:12:17+00:00
1034111,3,"""Product Information. Prevacid (lansoprazole)."" TAP Pharmaceuticals Inc, Deerfield, IL.",https://ddinter.scbdd.com/ddinter/interact/1034111/,2026-09-09T19:12:17+00:00
1034128,1,"Rumack BH, Wolfe RR, Gilfrich H ""Phenytoin (diphenylhydantoin) treatment of massive digoxin overdose."" Br Heart J 36 (1974): 405-8",https://ddinter.scbdd.com/ddinter/interact/1034128/,2026-09-09T19:12:21+00:00
1034128,2,"Allonen H, Iisalo E, Nuortio L ""Effect of reserpine, desipramine and phenytoin on digoxin induced arrhythmias and myocardial uptake of digoxin in guinea pigs."" Acta Pharmacol Toxicol (Copenh) 37 (1975): 8-16",https://ddinter.scbdd.com/ddinter/interact/1034128/,2026-09-09T19:12:21+00:00
1034128,3,"Rameis H ""The importance of prospective planning of pharmacokinetic trials. Considerations of studies on the phenytoin-digoxin-(P-D) and phenytoin-digitoxin-(P-DT) interaction."" Int J Clin Pharmacol Ther Toxicol 30 (1992): 528-9",https://ddinter.scbdd.com/ddinter/interact/1034128/,2026-09-09T19:12:21+00:00
1034149,1,"Rodin SM, Johnson BF ""Pharmacokinetic interactions with digoxin."" Clin Pharmacokinet 15 (1988): 227-44",https://ddinter.scbdd.com/ddinter/interact/1034149/,2026-09-09T19:12:16+00:00
1034149,2,"Douste-Blazy P, Blanc M, Montastruc JL, et al ""Is there any interaction between digoxin and enalapril?"" Br J Clin Pharmacol 22 (1986): 752-3",https://ddinter.scbdd.com/ddinter/interact/1034149/,2026-09-09T19:12:16+00:00
1034149,3,"Cleland JG, Dargie HJ, Pettigrew A, Gillen G, Robertson JI ""The effects of captopril on serum digoxin and urinary urea and digoxin clearances in patients with congestive heart failure."" Am Heart J 112 (1986): 130-5",https://ddinter.scbdd.com/ddinter/interact/1034149/,2026-09-09T19:12:16+00:00
1034154,1,"Novi C, Bissoli F, Simonati V, Volpini T, Baroli A, Vignati G ""Rifampin and digoxin: possible drug interaction in a dialysis patient."" JAMA 244 (1980): 2521-2",https://ddinter.scbdd.com/ddinter/interact/1034154/,2026-09-09T19:15:17+00:00
1034154,2,"Borcherding SM, Baciewicz AM, Self TH ""Update on rifampin drug interactions."" Arch Intern Med 152 (1992): 711-6",https://ddinter.scbdd.com/ddinter/interact/1034154/,2026-09-09T19:15:17+00:00
1034154,3,"Greiner B, Eichelbaum M, Fritz P, et al ""The role of intestinal P-glycoprotein in the interaction of digoxin and rifampin."" J Clin Invest 104 (1999): 147-53",https://ddinter.scbdd.com/ddinter/interact/1034154/,2026-09-09T19:15:17+00:00
1034155,1,"Ding R, Tayrouz Y, Riedel KD, et al. ""Substantial pharmacokinetic interaction between digoxin and ritonavir in healthy volunteers."" Clin Pharmacol Ther 76 (2004): 73-84",https://ddinter.scbdd.com/ddinter/interact/1034155/,2026-09-09T19:12:27+00:00
1034155,2,"Kurata Y, Ieiri I, Kimura M, et al. ""Role of human MDR1 gene polymorphism in bioavailability and interaction of digoxin, a substrate of P-glycoprotein."" Clin Pharmacol Ther 72 (2002): 209-19",https://ddinter.scbdd.com/ddinter/interact/1034155/,2026-09-09T19:12:27+00:00
1034155,3,"Phillips EJ, Rachlis AR, Ito S ""Digoxin toxicity and ritonavir: a drug interaction mediated through p-glycoprotein?"" AIDS 17 (2003): 1577-8",https://ddinter.scbdd.com/ddinter/interact/1034155/,2026-09-09T19:12:27+00:00
1034190,1,"Cerner Multum, Inc. ""UK Summary of Product Characteristics."" O 0",https://ddinter.scbdd.com/ddinter/interact/1034190/,2026-09-09T17:56:27+00:00
1034190,2,"""Product Information. Brilinta (ticagrelor)."" Astra-Zeneca Pharmaceuticals, Wilmington, DE.",https://ddinter.scbdd.com/ddinter/interact/1034190/,2026-09-09T17:56:27+00:00
1034190,3,"Darcy PF ""Nutrient-drug interactions."" Adverse Drug React Toxicol Rev 14 (1995): 233-54",https://ddinter.scbdd.com/ddinter/interact/1034190/,2026-09-09T17:56:27+00:00
1036492,1,"""Product Information. Savella (milnacipran)."" Forest Pharmaceuticals, St. Louis, MO.",https://ddinter.scbdd.com/ddinter/interact/1036492/,2026-09-09T19:12:25+00:00
1036492,2,"Belcastro V, Costa C, Striano P ""Levetiracetam-associated hyponatremia."" Seizure 17 (2008): 389-90",https://ddinter.scbdd.com/ddinter/interact/1036492/,2026-09-09T19:12:25+00:00
1036492,3,"Gandhi S, McArthur E, Mamdani MM, et.al ""Antiepileptic drugs and hyponatremia in older adults: Two population-based cohort studies."" Epilepsia 57 (2016): 2067-79",https://ddinter.scbdd.com/ddinter/interact/1036492/,2026-09-09T19:12:25+00:00
1036497,1,"""Product Information. Savella (milnacipran)."" Forest Pharmaceuticals, St. Louis, MO.",https://ddinter.scbdd.com/ddinter/interact/1036497/,2026-09-09T17:57:14+00:00
1036497,2,"Belcastro V, Costa C, Striano P ""Levetiracetam-associated hyponatremia."" Seizure 17 (2008): 389-90",https://ddinter.scbdd.com/ddinter/interact/1036497/,2026-09-09T17:57:14+00:00
1036497,3,"Gandhi S, McArthur E, Mamdani MM, et.al ""Antiepileptic drugs and hyponatremia in older adults: Two population-based cohort studies."" Epilepsia 57 (2016): 2067-79",https://ddinter.scbdd.com/ddinter/interact/1036497/,2026-09-09T17:57:14+00:00
1036517,1,"Corrigan FM ""Sodium valproate augmentation of fluoxetine or fluvoxamine effects."" Biol Psychiatry 31 (1992): 1178-9",https://ddinter.scbdd.com/ddinter/interact/1036517/,2026-09-09T19:12:37+00:00
1036517,2,"Sovner R, Davis JM ""A potential drug interaction between fluoxetine and valproic acid."" J Clin Psychopharmacol 11 (1991): 389",https://ddinter.scbdd.com/ddinter/interact/1036517/,2026-09-09T19:12:37+00:00
1036517,3,"""Product Information. Fycompa (perampanel)."" Eisai Inc, Teaneck, NJ.",https://ddinter.scbdd.com/ddinter/interact/1036517/,2026-09-09T19:12:37+00:00
1036539,1,"Panayiotopoulos CP, Ferrie CD, Knott C, Robinson RO ""Interaction of lamotrigine with sodium valproate."" Lancet 341 (1993): 445",https://ddinter.scbdd.com/ddinter/interact/1036539/,2026-09-09T19:12:34+00:00
1036539,2,"""Product Information. Lamictal (lamotrigine)."" Glaxo Wellcome, Research Triangle Park, NC.",https://ddinter.scbdd.com/ddinter/interact/1036539/,2026-09-09T19:12:34+00:00
1036539,3,"Riva R, Albani F, Contin M, Baruzzi A ""Pharmacokinetic interactions between antiepileptic drugs. Clinical considerations."" Clin Pharmacokinet 31 (1996): 470-93",https://ddinter.scbdd.com/ddinter/interact/1036539/,2026-09-09T19:12:34+00:00
1036578,1,"Cerner Multum, Inc. ""UK Summary of Product Characteristics."" O 0",https://ddinter.scbdd.com/ddinter/interact/1036578/,2026-09-09T19:12:23+00:00
1036578,2,"""Product Information. Methotrexate (methotrexate)."" Lederle Laboratories, Wayne, NJ.",https://ddinter.scbdd.com/ddinter/interact/1036578/,2026-09-09T19:12:23+00:00
1036578,3,"Nesher G, Mates M, Zevin S ""Effect of caffeine consumption on efficacy of methotrexate in rheumatoid arthritis."" Arthritis Rheum 48 (2003): 571-572",https://ddinter.scbdd.com/ddinter/interact/1036578/,2026-09-09T19:12:23+00:00
1036599,1,"Gonzalez-Heydrich J, Raches D, Wilens TE, Leichtner A, Mezzacappa E ""Retrospective study of hepatic enzyme elevations in children treated with olanzapine, divalproex, and their combination."" J Am Acad Child Adolesc Psychiatry 42 (2003): 1227-33",https://ddinter.scbdd.com/ddinter/interact/1036599/,2026-09-09T19:44:41+00:00
1036599,2,"""Product Information. Fycompa (perampanel)."" Eisai Inc, Teaneck, NJ.",https://ddinter.scbdd.com/ddinter/interact/1036599/,2026-09-09T19:44:41+00:00
1036599,3,"Gilman AG, Rall TW, Nies AS, Taylor P, eds. ""Goodman and Gilman's the Pharmacological Basis of Therapeutics. 8th ed."" New York, NY: Pergamon Press Inc. (1990):",https://ddinter.scbdd.com/ddinter/interact/1036599/,2026-09-09T19:44:41+00:00
1036627,1,"Bourgeois BF ""Pharmacologic interactions between valproate and other drugs."" Am J Med 84 (1988): 29-33",https://ddinter.scbdd.com/ddinter/interact/1036627/,2026-09-09T19:15:15+00:00
1036627,2,"Perucca E, Hebdige S, Frigo GM, et al ""Interaction between phenytoin and valproic acid: plasma protein binding and metabolic effects."" Clin Pharmacol Ther 28 (1980): 779-89",https://ddinter.scbdd.com/ddinter/interact/1036627/,2026-09-09T19:15:15+00:00
1036627,3,"Henriksen O, Johannessen SI ""Clinical and pharmacokinetic observations on sodium valproate: a 5-year follow-up study in 100 children with epilepsy."" Acta Neurol Scand 65 (1982): 504-23",https://ddinter.scbdd.com/ddinter/interact/1036627/,2026-09-09T19:15:15+00:00
1036641,1,"""Product Information. Belsomra (suvorexant)."" Merck & Company Inc, Whitehouse Station, NJ.",https://ddinter.scbdd.com/ddinter/interact/1036641/,2026-09-09T19:12:28+00:00
1036641,2,"Divoll M, Greenblatt DJ, Lacasse Y, Shader RI ""Benzodiazepine overdosage: plasma concentrations and clinical outcome."" Psychopharmacology (Berl) 73 (1981): 381-3",https://ddinter.scbdd.com/ddinter/interact/1036641/,2026-09-09T19:12:28+00:00
1036641,3,"Grabowski BS, Cady WJ, Young WW, Emery JF ""Effects of acute alcohol administration on propranolol absorption."" Int J Clin Pharmacol Ther Toxicol 18 (1980): 317-9",https://ddinter.scbdd.com/ddinter/interact/1036641/,2026-09-09T19:12:28+00:00
1036649,1,"Bachmann KA, Jauregui L ""Use of single sample clearance estimates of cytochrome P450 substrates to characterize human hepatic CYP status in vivo."" Xenobiotica 23 (1993): 307-15",https://ddinter.scbdd.com/ddinter/interact/1036649/,2026-09-09T19:12:30+00:00
1036649,2,"""Product Information. Depacon (valproic acid)."" Abbott Pharmaceutical, Abbott Park, IL.",https://ddinter.scbdd.com/ddinter/interact/1036649/,2026-09-09T19:12:30+00:00
1036649,3,"""Product Information. Fycompa (perampanel)."" Eisai Inc, Teaneck, NJ.",https://ddinter.scbdd.com/ddinter/interact/1036649/,2026-09-09T19:12:30+00:00
1036650,1,"Bertoldo M ""Valproic acid and risperidone."" J Am Acad Child Adolesc Psychiatry 41 (2002): 632",https://ddinter.scbdd.com/ddinter/interact/1036650/,2026-09-09T19:12:32+00:00
1036650,2,"Baldassano CF, Ghaemi SN ""Generalized edema with risperidone: divalproex sodium treatment."" J Clin Psychiatry 57 (1996): 422",https://ddinter.scbdd.com/ddinter/interact/1036650/,2026-09-09T19:12:32+00:00
1036650,3,"Good CR, Petersen CA, Krecko VF ""Valproic Acid and risperidone."" J Am Acad Child Adolesc Psychiatry 42 (2003): 2",https://ddinter.scbdd.com/ddinter/interact/1036650/,2026-09-09T19:12:32+00:00
1036651,1,"Cerner Multum, Inc. ""UK Summary of Product Characteristics."" O 0",https://ddinter.scbdd.com/ddinter/interact/1036651/,2026-09-09T19:15:26+00:00
1036651,2,"Cerner Multum, Inc. ""Australian Product Information."" O 0",https://ddinter.scbdd.com/ddinter/interact/1036651/,2026-09-09T19:15:26+00:00
1036651,3,"""Product Information. Fycompa (perampanel)."" Eisai Inc, Teaneck, NJ.",https://ddinter.scbdd.com/ddinter/interact/1036651/,2026-09-09T19:15:26+00:00
1036703,1,"""Product Information. Savella (milnacipran)."" Forest Pharmaceuticals, St. Louis, MO.",https://ddinter.scbdd.com/ddinter/interact/1036703/,2026-09-09T19:15:22+00:00
1036703,2,"Belcastro V, Costa C, Striano P ""Levetiracetam-associated hyponatremia."" Seizure 17 (2008): 389-90",https://ddinter.scbdd.com/ddinter/interact/1036703/,2026-09-09T19:15:22+00:00
1036703,3,"Gandhi S, McArthur E, Mamdani MM, et.al ""Antiepileptic drugs and hyponatremia in older adults: Two population-based cohort studies."" Epilepsia 57 (2016): 2067-79",https://ddinter.scbdd.com/ddinter/interact/1036703/,2026-09-09T19:15:22+00:00
1036708,1,"Guthrie SK, Stoysich AM, Bader G, Hilleman DE ""Hypothesized interaction between valproic acid and warfarin."" J Clin Psychopharmacol 15 (1995): 138-9",https://ddinter.scbdd.com/ddinter/interact/1036708/,2026-09-09T19:15:24+00:00
1036708,2,"""Product Information. Depakene (valproic acid)."" Abbott Pharmaceutical, Abbott Park, IL.",https://ddinter.scbdd.com/ddinter/interact/1036708/,2026-09-09T19:15:24+00:00
1036708,3,"""Product Information. Fycompa (perampanel)."" Eisai Inc, Teaneck, NJ.",https://ddinter.scbdd.com/ddinter/interact/1036708/,2026-09-09T19:15:24+00:00
1040974,1,"Paruchuri P, Godkar D, Anandacoomarswamy D, Sheth K, Niranjan S ""Rare case of serotonin syndrome with therapeutic doses of paroxetine."" Am J Ther 13 (2006): 550-552",https://ddinter.scbdd.com/ddinter/interact/1040974/,2026-09-09T18:02:15+00:00
1040974,2,"Ciraulo DA, Shader RI ""Fluoxetine drug-drug interactions: I. Antidepressants and antipsychotics."" J Clin Psychopharmacol 10 (1990): 48-50",https://ddinter.scbdd.com/ddinter/interact/1040974/,2026-09-09T18:02:15+00:00
1040974,3,"""Product Information. Brintellix (vortioxetine)."" Takeda Pharmaceuticals America, Lincolnshire, IL.",https://ddinter.scbdd.com/ddinter/interact/1040974/,2026-09-09T18:02:15+00:00
1040993,1,"Paruchuri P, Godkar D, Anandacoomarswamy D, Sheth K, Niranjan S ""Rare case of serotonin syndrome with therapeutic doses of paroxetine."" Am J Ther 13 (2006): 550-552",https://ddinter.scbdd.com/ddinter/interact/1040993/,2026-09-09T19:15:20+00:00
1040993,2,"Ciraulo DA, Shader RI ""Fluoxetine drug-drug interactions: I. Antidepressants and antipsychotics."" J Clin Psychopharmacol 10 (1990): 48-50",https://ddinter.scbdd.com/ddinter/interact/1040993/,2026-09-09T19:15:20+00:00
1040993,3,"""Product Information. Brintellix (vortioxetine)."" Takeda Pharmaceuticals America, Lincolnshire, IL.",https://ddinter.scbdd.com/ddinter/interact/1040993/,2026-09-09T19:15:20+00:00
1041006,1,"""Product Information. Prozac (fluoxetine)."" Dista Products Company, Indianapolis, IN.",https://ddinter.scbdd.com/ddinter/interact/1041006/,2026-09-09T19:15:27+00:00
1041006,2,"""Product Information. Paxil (paroxetine)."" GlaxoSmithKline, Research Triangle Park, NC.",https://ddinter.scbdd.com/ddinter/interact/1041006/,2026-09-09T19:15:27+00:00
1041006,3,"Pai VB, Kelly MW ""Bruising associated with the use of fluoxetine."" Ann Pharmacother 30 (1996): 786-8",https://ddinter.scbdd.com/ddinter/interact/1041006/,2026-09-09T19:15:27+00:00
1041041,1,"""Product Information. Savella (milnacipran)."" Forest Pharmaceuticals, St. Louis, MO.",https://ddinter.scbdd.com/ddinter/interact/1041041/,2026-09-09T19:16:00+00:00
1041041,2,"Belcastro V, Costa C, Striano P ""Levetiracetam-associated hyponatremia."" Seizure 17 (2008): 389-90",https://ddinter.scbdd.com/ddinter/interact/1041041/,2026-09-09T19:16:00+00:00
1041041,3,"Gandhi S, McArthur E, Mamdani MM, et.al ""Antiepileptic drugs and hyponatremia in older adults: Two population-based cohort studies."" Epilepsia 57 (2016): 2067-79",https://ddinter.scbdd.com/ddinter/interact/1041041/,2026-09-09T19:16:00+00:00
1041088,1,"Cerner Multum, Inc. ""UK Summary of Product Characteristics."" O 0",https://ddinter.scbdd.com/ddinter/interact/1041088/,2026-09-09T19:15:58+00:00
1041088,2,"""Product Information. Methotrexate (methotrexate)."" Lederle Laboratories, Wayne, NJ.",https://ddinter.scbdd.com/ddinter/interact/1041088/,2026-09-09T19:15:58+00:00
1041088,3,"Nesher G, Mates M, Zevin S ""Effect of caffeine consumption on efficacy of methotrexate in rheumatoid arthritis."" Arthritis Rheum 48 (2003): 571-572",https://ddinter.scbdd.com/ddinter/interact/1041088/,2026-09-09T19:15:58+00:00
1041124,1,"""Product Information. Belsomra (suvorexant)."" Merck & Company Inc, Whitehouse Station, NJ.",https://ddinter.scbdd.com/ddinter/interact/1041124/,2026-09-09T19:16:02+00:00
1041124,2,"Divoll M, Greenblatt DJ, Lacasse Y, Shader RI ""Benzodiazepine overdosage: plasma concentrations and clinical outcome."" Psychopharmacology (Berl) 73 (1981): 381-3",https://ddinter.scbdd.com/ddinter/interact/1041124/,2026-09-09T19:16:02+00:00
1041124,3,"Grabowski BS, Cady WJ, Young WW, Emery JF ""Effects of acute alcohol administration on propranolol absorption."" Int J Clin Pharmacol Ther Toxicol 18 (1980): 317-9",https://ddinter.scbdd.com/ddinter/interact/1041124/,2026-09-09T19:16:02+00:00
1041129,1,"""Product Information. Cymbalta (duloxetine)."" Lilly, Eli and Company, Indianapolis, IN.",https://ddinter.scbdd.com/ddinter/interact/1041129/,2026-09-09T19:16:03+00:00
1041171,1,"""Product Information. Belsomra (suvorexant)."" Merck & Company Inc, Whitehouse Station, NJ.",https://ddinter.scbdd.com/ddinter/interact/1041171/,2026-09-09T18:02:42+00:00
1041171,2,"Divoll M, Greenblatt DJ, Lacasse Y, Shader RI ""Benzodiazepine overdosage: plasma concentrations and clinical outcome."" Psychopharmacology (Berl) 73 (1981): 381-3",https://ddinter.scbdd.com/ddinter/interact/1041171/,2026-09-09T18:02:42+00:00
1041171,3,"Grabowski BS, Cady WJ, Young WW, Emery JF ""Effects of acute alcohol administration on propranolol absorption."" Int J Clin Pharmacol Ther Toxicol 18 (1980): 317-9",https://ddinter.scbdd.com/ddinter/interact/1041171/,2026-09-09T18:02:42+00:00
1041198,1,"""Product Information. Belsomra (suvorexant)."" Merck & Company Inc, Whitehouse Station, NJ.",https://ddinter.scbdd.com/ddinter/interact/1041198/,2026-09-09T19:16:10+00:00
1041198,2,"Divoll M, Greenblatt DJ, Lacasse Y, Shader RI ""Benzodiazepine overdosage: plasma concentrations and clinical outcome."" Psychopharmacology (Berl) 73 (1981): 381-3",https://ddinter.scbdd.com/ddinter/interact/1041198/,2026-09-09T19:16:10+00:00
1041198,3,"Grabowski BS, Cady WJ, Young WW, Emery JF ""Effects of acute alcohol administration on propranolol absorption."" Int J Clin Pharmacol Ther Toxicol 18 (1980): 317-9",https://ddinter.scbdd.com/ddinter/interact/1041198/,2026-09-09T19:16:10+00:00
1041212,1,"""Product Information. Cymbalta (duloxetine)."" Lilly, Eli and Company, Indianapolis, IN.",https://ddinter.scbdd.com/ddinter/interact/1041212/,2026-09-09T19:15:57+00:00
1041212,2,"Skinner MH, Kuan HY, Pan A, et al. ""Duloxetine is both an inhibitor and a substrate of cytochrome P4502D6 in healthy volunteers."" Clin Pharmacol Ther 73 (2003): 170-7",https://ddinter.scbdd.com/ddinter/interact/1041212/,2026-09-09T19:15:57+00:00
1041214,1,"Skinner MH, Kuan HY, Pan A, et al. ""Duloxetine is both an inhibitor and a substrate of cytochrome P4502D6 in healthy volunteers."" Clin Pharmacol Ther 73 (2003): 170-7",https://ddinter.scbdd.com/ddinter/interact/1041214,2026-09-09T18:42:10+00:00
1041214,2,"""Product Information. Cymbalta (duloxetine)."" Lilly, Eli and Company, Indianapolis, IN.",https://ddinter.scbdd.com/ddinter/interact/1041214,2026-09-09T18:42:10+00:00
1041215,1,"Bannister SJ, Houser VP, Hulse JD, Kisicki JC, Rasmussen JG ""Evaluation of the potential for interactions of paroxetine with diazepam, cimetidine, warfarin, and digoxin."" Acta Psychiatr Scand Suppl 350 (1989): 102-6",https://ddinter.scbdd.com/ddinter/interact/1041215/,2026-09-09T18:03:15+00:00
1041215,2,"Skop BP, Brown TM ""Potential vascular and bleeding complications of treatment with selective serotonin reuptake inhibitors."" Psychosomatics 37 (1996): 12-6",https://ddinter.scbdd.com/ddinter/interact/1041215/,2026-09-09T18:03:15+00:00
1041215,3,"Settle EC ""Antidepressant drugs: disturbing and potentially dangerous adverse effects."" J Clin Psychiatry 59 Suppl 16 (1998): 25-30",https://ddinter.scbdd.com/ddinter/interact/1041215/,2026-09-09T18:03:15+00:00
1041261,1,"Bannister SJ, Houser VP, Hulse JD, Kisicki JC, Rasmussen JG ""Evaluation of the potential for interactions of paroxetine with diazepam, cimetidine, warfarin, and digoxin."" Acta Psychiatr Scand Suppl 350 (1989): 102-6",https://ddinter.scbdd.com/ddinter/interact/1041261/,2026-09-09T18:03:02+00:00
1041261,2,"Skop BP, Brown TM ""Potential vascular and bleeding complications of treatment with selective serotonin reuptake inhibitors."" Psychosomatics 37 (1996): 12-6",https://ddinter.scbdd.com/ddinter/interact/1041261/,2026-09-09T18:03:02+00:00
1041261,3,"Settle EC ""Antidepressant drugs: disturbing and potentially dangerous adverse effects."" J Clin Psychiatry 59 Suppl 16 (1998): 25-30",https://ddinter.scbdd.com/ddinter/interact/1041261/,2026-09-09T18:03:02+00:00
1041295,1,"Paruchuri P, Godkar D, Anandacoomarswamy D, Sheth K, Niranjan S ""Rare case of serotonin syndrome with therapeutic doses of paroxetine."" Am J Ther 13 (2006): 550-552",https://ddinter.scbdd.com/ddinter/interact/1041295/,2026-09-09T19:15:31+00:00
1041295,2,"Ciraulo DA, Shader RI ""Fluoxetine drug-drug interactions: I. Antidepressants and antipsychotics."" J Clin Psychopharmacol 10 (1990): 48-50",https://ddinter.scbdd.com/ddinter/interact/1041295/,2026-09-09T19:15:31+00:00
1041295,3,"""Product Information. Brintellix (vortioxetine)."" Takeda Pharmaceuticals America, Lincolnshire, IL.",https://ddinter.scbdd.com/ddinter/interact/1041295/,2026-09-09T19:15:31+00:00
1041300,1,"Glueck CJ, Khalil Q, Winiarska M, Wang P ""Interaction of duloxetine and warfarin causing severe elevation of international normalized ratio."" JAMA 295 (2006): 1517-8",https://ddinter.scbdd.com/ddinter/interact/1041300,2026-09-09T18:42:10+00:00
1041300,2,"""Product Information. Cymbalta (duloxetine)."" Lilly, Eli and Company, Indianapolis, IN.",https://ddinter.scbdd.com/ddinter/interact/1041300,2026-09-09T18:42:10+00:00
1041300,3,"Bodiford AB, Kessler FO, Fermo JD, Ragucci KR ""Elevated international normalized ratio with the consumption of grapefruit and use of warfarin."" SAGE Open Med Case Rep 0 (2013): 1-3",https://ddinter.scbdd.com/ddinter/interact/1041300,2026-09-09T18:42:10+00:00
1044806,1,"Canadian Pharmacists Association ""e-CPS. Available from: URL: http://www.pharmacists.ca/function/Subscriptions/ecps.cfm?link=eCPS_quikLink.""",https://ddinter.scbdd.com/ddinter/interact/1044806/,2026-09-09T19:16:05+00:00
1044806,2,"Konishi H, Morita K, Yamaji A ""Effect of fluconazole on theophylline disposition in humans."" Eur J Clin Pharmacol 46 (1994): 309-12",https://ddinter.scbdd.com/ddinter/interact/1044806/,2026-09-09T19:16:05+00:00
1044806,3,"""Product Information. Diflucan (fluconazole)."" Roerig Division, New York, NY.",https://ddinter.scbdd.com/ddinter/interact/1044806/,2026-09-09T19:16:05+00:00
1044814,1,"Conlon PF, Grambau GR, Johnson CE, Weg JG ""Effect of intravenous furosemide on serum theophylline concentration."" Am J Hosp Pharm 38 (1981): 1345-7",https://ddinter.scbdd.com/ddinter/interact/1044814/,2026-09-09T19:16:07+00:00
1044814,2,"Sigurd B, Olesen KH ""The supra-additive natriuretic effect addition of theophylline ethylenediamine and bumetanide in congestive heart failure. Permutation trial tests in patients in long-term treatment with bumetanide."" Am Heart J 94 (1977): 168-74",https://ddinter.scbdd.com/ddinter/interact/1044814/,2026-09-09T19:16:07+00:00
1044814,3,"Toback JW, Gilman ME ""Theophylline-furosemide inactivation?"" Pediatrics 71 (1983): 140-1",https://ddinter.scbdd.com/ddinter/interact/1044814/,2026-09-09T19:16:07+00:00
1044860,1,"Glynn-Barnhart A, Szefler S, Cott G ""Effect of methotrexate on prednisolone and theophylline pharmacokinetics."" Clin Pharmacol Ther 47 (1990): 130",https://ddinter.scbdd.com/ddinter/interact/1044860/,2026-09-09T19:16:09+00:00
1044860,2,"Nesher G, Mates M, Zevin S ""Effect of caffeine consumption on efficacy of methotrexate in rheumatoid arthritis."" Arthritis Rheum 48 (2003): 571-572",https://ddinter.scbdd.com/ddinter/interact/1044860/,2026-09-09T19:16:09+00:00
1044860,3,"Sato J, Nakata H, Owada E, Kikuta T, Umetsu M, Ito K ""Influence of usual intake of dietary caffeine on single-dose kinetics of theophylline in healthy human subjects."" Eur J Clin Pharmacol 44 (1993): 295-8",https://ddinter.scbdd.com/ddinter/interact/1044860/,2026-09-09T19:16:09+00:00
1044897,1,"Miller M, Cosgriff J, Kwong T, Morken DA ""Influence of phenytoin on theophylline clearance."" Clin Pharmacol Ther 35 (1984): 666-9",https://ddinter.scbdd.com/ddinter/interact/1044897/,2026-09-09T19:15:29+00:00
1044897,2,"Upton RA ""Pharmacokinetic interactions between theophylline and other medication (Part I)."" Clin Pharmacokinet 20 (1991): 66-80",https://ddinter.scbdd.com/ddinter/interact/1044897/,2026-09-09T19:15:29+00:00
1044897,3,"Sklar SJ, Wagner ""Enhanced theophylline clearance secondary to phenytoin therapy."" Drug Intell Clin Pharm 19 (1985): 34-6",https://ddinter.scbdd.com/ddinter/interact/1044897/,2026-09-09T19:15:29+00:00
1044913,1,"Strayhorn VA, Baciewicz AM, Self TH ""Update on rifampin drug interactions, III."" Arch Intern Med 157 (1997): 2453-8",https://ddinter.scbdd.com/ddinter/interact/1044913,2026-09-09T18:42:10+00:00
1044913,2,"Dal Negro R, Turco P, Trevisan F, De Conti F ""Rifampicin-isoniazid and delayed elimination of theophylline: a case report."" Int J Clin Pharmacol Res 8 (1988): 275-7",https://ddinter.scbdd.com/ddinter/interact/1044913,2026-09-09T18:42:10+00:00
1044913,3,"Venkatesan K ""Pharmacokinetic drug interactions with rifampicin."" Clin Pharmacokinet 22 (1992): 47-65",https://ddinter.scbdd.com/ddinter/interact/1044913,2026-09-09T18:42:10+00:00
1044918,1,"""Product Information. Norvir (ritonavir)."" Abbott Pharmaceutical, Abbott Park, IL.",https://ddinter.scbdd.com/ddinter/interact/1044918/,2026-09-09T18:06:07+00:00
1044918,2,"Hsu A, Granneman GR, Witt G, Cavanaugh JH, Leonard J ""Assessment of multiple doses of ritonavir on the pharmacokinetics of theophylline."" Int Conf AIDS 11 (1996): 89(ab.no.mo.b.1200)",https://ddinter.scbdd.com/ddinter/interact/1044918/,2026-09-09T18:06:07+00:00
1044918,3,"""Product Information. Kaletra (lopinavir-ritonavir)"" Abbott Pharmaceutical, Abbott Park, IL.",https://ddinter.scbdd.com/ddinter/interact/1044918/,2026-09-09T18:06:07+00:00
1044942,1,"""Product Information. Prograf (tacrolimus)."" Fujisawa, Deerfield, IL.",https://ddinter.scbdd.com/ddinter/interact/1044942/,2026-09-09T18:04:27+00:00
1044942,2,"""Product Information. Rapamune (sirolimus)"" Wyeth-Ayerst Laboratories, Philadelphia, PA.",https://ddinter.scbdd.com/ddinter/interact/1044942/,2026-09-09T18:04:27+00:00
1044942,3,"Warrington SJ, Ankier SI, Turner P ""Evaluation of possible interactions between ethanol and trazodone or amitriptyline."" Neuropsychobiology 15 (1986): 31-7",https://ddinter.scbdd.com/ddinter/interact/1044942/,2026-09-09T18:04:27+00:00
1045308,1,"""Product Information. Jardiance (empagliflozin)."" Boehringer Ingelheim, Ridgefield, CT.",https://ddinter.scbdd.com/ddinter/interact/1045308/,2026-09-09T18:04:13+00:00
1045308,2,"Cerner Multum, Inc. ""Australian Product Information."" O 0",https://ddinter.scbdd.com/ddinter/interact/1045308/,2026-09-09T18:04:13+00:00
1045308,3,"Cerner Multum, Inc. ""UK Summary of Product Characteristics."" O 0",https://ddinter.scbdd.com/ddinter/interact/1045308/,2026-09-09T18:04:13+00:00
1045340,1,"""Product Information. Jardiance (empagliflozin)."" Boehringer Ingelheim, Ridgefield, CT.",https://ddinter.scbdd.com/ddinter/interact/1045340,2026-09-09T18:42:10+00:00
1045340,2,"""Product Information. Steglatro (ertugliflozin)."" Merck & Company Inc, Whitehouse Station, NJ.",https://ddinter.scbdd.com/ddinter/interact/1045340,2026-09-09T18:42:10+00:00
1045340,3,"""Product Information. Invokana (canagliflozin)."" Janssen Pharmaceuticals, Titusville, NJ.",https://ddinter.scbdd.com/ddinter/interact/1045340,2026-09-09T18:42:10+00:00
1045385,1,"Gavin JR 3rd, Kubin R, Choudhri S, et al ""Moxifloxacin and glucose homeostasis: a pooled-analysis of the evidence from clinical and postmarketing studies."" Drug Saf 27 (2004): 671-86",https://ddinter.scbdd.com/ddinter/interact/1045385/,2026-09-09T18:05:28+00:00
1045385,2,"Yip C, Lee AJ ""Gatifloxacin-induced hyperglycemia: a case report and summary of the current literature."" Clin Ther 28 (2006): 1857-66",https://ddinter.scbdd.com/ddinter/interact/1045385/,2026-09-09T18:05:28+00:00
1045385,3,"Kelesidis T, Canseco E ""Quinolone-induced hypoglycemia: a life-threatening but potentially reversible side effect."" Am J Med 123 (2010): e5-6",https://ddinter.scbdd.com/ddinter/interact/1045385/,2026-09-09T18:05:28+00:00
1045396,1,"""Product Information. Jardiance (empagliflozin)."" Boehringer Ingelheim, Ridgefield, CT.",https://ddinter.scbdd.com/ddinter/interact/1045396/,2026-09-09T18:04:21+00:00
1045396,2,"Cerner Multum, Inc. ""Australian Product Information."" O 0",https://ddinter.scbdd.com/ddinter/interact/1045396/,2026-09-09T18:04:21+00:00
1045396,3,"Cerner Multum, Inc. ""UK Summary of Product Characteristics."" O 0",https://ddinter.scbdd.com/ddinter/interact/1045396/,2026-09-09T18:04:21+00:00
1045442,1,"Jori A, Carrara MC ""On the mechanism of the hyperglycaemic effect of chlorpromazine."" J Pharm Pharmacol 18 (1966): 623-4",https://ddinter.scbdd.com/ddinter/interact/1045442,2026-09-09T18:42:12+00:00
1045442,2,"""Product Information. Dymelor (acetohexamide)"" Lilly, Eli and Company, Indianapolis, IN.",https://ddinter.scbdd.com/ddinter/interact/1045442,2026-09-09T18:42:12+00:00
1045442,3,"""Product Information. Thorazine (chlorpromazine)."" SmithKline Beecham, Philadelphia, PA.",https://ddinter.scbdd.com/ddinter/interact/1045442,2026-09-09T18:42:12+00:00
1045463,1,"Cerner Multum, Inc. ""UK Summary of Product Characteristics."" O 0",https://ddinter.scbdd.com/ddinter/interact/1045463/,2026-09-09T18:04:29+00:00
1045463,2,"""Product Information. Glyxambi (empagliflozin-linagliptin)."" Boehringer Ingelheim, Ridgefield, CT.",https://ddinter.scbdd.com/ddinter/interact/1045463/,2026-09-09T18:04:29+00:00
1045463,3,"Cerner Multum, Inc. ""Australian Product Information."" O 0",https://ddinter.scbdd.com/ddinter/interact/1045463/,2026-09-09T18:04:29+00:00
1045479,1,"Jori A, Carrara MC ""On the mechanism of the hyperglycaemic effect of chlorpromazine."" J Pharm Pharmacol 18 (1966): 623-4",https://ddinter.scbdd.com/ddinter/interact/1045479,2026-09-09T18:42:11+00:00
1045479,2,"""Product Information. Dymelor (acetohexamide)"" Lilly, Eli and Company, Indianapolis, IN.",https://ddinter.scbdd.com/ddinter/interact/1045479,2026-09-09T18:42:11+00:00
1045479,3,"""Product Information. Thorazine (chlorpromazine)."" SmithKline Beecham, Philadelphia, PA.",https://ddinter.scbdd.com/ddinter/interact/1045479,2026-09-09T18:42:11+00:00
1045482,1,"""Product Information. Jardiance (empagliflozin)."" Boehringer Ingelheim, Ridgefield, CT.",https://ddinter.scbdd.com/ddinter/interact/1045482/,2026-09-09T18:04:40+00:00
1045482,2,"Cerner Multum, Inc. ""Australian Product Information."" O 0",https://ddinter.scbdd.com/ddinter/interact/1045482/,2026-09-09T18:04:40+00:00
1045482,3,"Cerner Multum, Inc. ""UK Summary of Product Characteristics."" O 0",https://ddinter.scbdd.com/ddinter/interact/1045482/,2026-09-09T18:04:40+00:00
1045487,1,"Cerner Multum, Inc. ""UK Summary of Product Characteristics."" O 0",https://ddinter.scbdd.com/ddinter/interact/1045487/,2026-09-09T18:05:38+00:00
1045487,2,"""Product Information. Glyxambi (empagliflozin-linagliptin)."" Boehringer Ingelheim, Ridgefield, CT.",https://ddinter.scbdd.com/ddinter/interact/1045487/,2026-09-09T18:05:38+00:00
1045487,3,"Cerner Multum, Inc. ""Australian Product Information."" O 0",https://ddinter.scbdd.com/ddinter/interact/1045487/,2026-09-09T18:05:38+00:00
1045489,1,"Jori A, Carrara MC ""On the mechanism of the hyperglycaemic effect of chlorpromazine."" J Pharm Pharmacol 18 (1966): 623-4",https://ddinter.scbdd.com/ddinter/interact/1045489,2026-09-09T18:42:11+00:00
1045489,2,"""Product Information. Dymelor (acetohexamide)"" Lilly, Eli and Company, Indianapolis, IN.",https://ddinter.scbdd.com/ddinter/interact/1045489,2026-09-09T18:42:11+00:00
1045489,3,"""Product Information. Thorazine (chlorpromazine)."" SmithKline Beecham, Philadelphia, PA.",https://ddinter.scbdd.com/ddinter/interact/1045489,2026-09-09T18:42:11+00:00
1045491,1,"Jori A, Carrara MC ""On the mechanism of the hyperglycaemic effect of chlorpromazine."" J Pharm Pharmacol 18 (1966): 623-4",https://ddinter.scbdd.com/ddinter/interact/1045491,2026-09-09T18:42:12+00:00
1045491,2,"""Product Information. Dymelor (acetohexamide)"" Lilly, Eli and Company, Indianapolis, IN.",https://ddinter.scbdd.com/ddinter/interact/1045491,2026-09-09T18:42:12+00:00
1045491,3,"""Product Information. Thorazine (chlorpromazine)."" SmithKline Beecham, Philadelphia, PA.",https://ddinter.scbdd.com/ddinter/interact/1045491,2026-09-09T18:42:12+00:00
1045509,1,"Jori A, Carrara MC ""On the mechanism of the hyperglycaemic effect of chlorpromazine."" J Pharm Pharmacol 18 (1966): 623-4",https://ddinter.scbdd.com/ddinter/interact/1045509,2026-09-09T18:42:11+00:00
1045509,2,"""Product Information. Dymelor (acetohexamide)"" Lilly, Eli and Company, Indianapolis, IN.",https://ddinter.scbdd.com/ddinter/interact/1045509,2026-09-09T18:42:11+00:00
1045509,3,"""Product Information. Thorazine (chlorpromazine)."" SmithKline Beecham, Philadelphia, PA.",https://ddinter.scbdd.com/ddinter/interact/1045509,2026-09-09T18:42:11+00:00
1045545,1,"""Product Information. Jardiance (empagliflozin)."" Boehringer Ingelheim, Ridgefield, CT.",https://ddinter.scbdd.com/ddinter/interact/1045545/,2026-09-09T18:04:59+00:00
1045545,2,"Cerner Multum, Inc. ""Australian Product Information."" O 0",https://ddinter.scbdd.com/ddinter/interact/1045545/,2026-09-09T18:04:59+00:00
1045545,3,"Cerner Multum, Inc. ""UK Summary of Product Characteristics."" O 0",https://ddinter.scbdd.com/ddinter/interact/1045545/,2026-09-09T18:04:59+00:00
1045955,1,"Christensen LK, Hansen JM, Kristensen M ""Sulphaphenazole-induced hypoglycemic attacks in tolbutamide-treated diabetics."" Lancet 2 (1963): 1298-301",https://ddinter.scbdd.com/ddinter/interact/1045955/,2026-09-09T19:16:19+00:00
1045955,2,"Turtle JR, Burgess JA ""Hypoglycemic action of fenfluramine in diabetes mellitus."" Diabetes 22 (1973): 858-67",https://ddinter.scbdd.com/ddinter/interact/1045955/,2026-09-09T19:16:19+00:00
1045955,3,"Field JB, Ohta M, Boyle C, Remer A ""Potentiation of acetohexamide hypoglycemia by phenylbutazone."" N Engl J Med 277 (1967): 889-94",https://ddinter.scbdd.com/ddinter/interact/1045955/,2026-09-09T19:16:19+00:00
1045962,1,"""Product Information. Micardis (telmisartan)."" Boehringer-Ingelheim, Ridgefield, CT.",https://ddinter.scbdd.com/ddinter/interact/1045962/,2026-09-09T19:16:14+00:00
1045962,2,"""Product Information. Diovan (valsartan)."" Novartis Pharmaceuticals, East Hanover, NJ.",https://ddinter.scbdd.com/ddinter/interact/1045962/,2026-09-09T19:16:14+00:00
1045962,3,"""Product Information. Avapro (irbesartan)."" Bristol-Myers Squibb, Princeton, NJ.",https://ddinter.scbdd.com/ddinter/interact/1045962/,2026-09-09T19:16:14+00:00
1046007,1,"""Product Information. Diovan (valsartan)."" Novartis Pharmaceuticals, East Hanover, NJ.",https://ddinter.scbdd.com/ddinter/interact/1046007/,2026-09-09T19:16:15+00:00
1046007,2,"""Product Information. Micardis (telmisartan)."" Boehringer-Ingelheim, Ridgefield, CT.",https://ddinter.scbdd.com/ddinter/interact/1046007/,2026-09-09T19:16:15+00:00
1046007,3,"Rossing K, Jacobsen P, Pietraszek L, Parving HH ""Renoprotective effects of adding angiotensin II receptor blocker to maximal recommended doses of ACE inhibitor in diabetic nephropathy: a randomized double-blind crossover trial."" Diabetes Care 26 (2003): 2268-74",https://ddinter.scbdd.com/ddinter/interact/1046007/,2026-09-09T19:16:15+00:00
1046027,1,"Cerner Multum, Inc. ""UK Summary of Product Characteristics."" O 0",https://ddinter.scbdd.com/ddinter/interact/1046027/,2026-09-09T19:16:20+00:00
1046027,2,"""Product Information. Methotrexate (methotrexate)."" Lederle Laboratories, Wayne, NJ.",https://ddinter.scbdd.com/ddinter/interact/1046027/,2026-09-09T19:16:20+00:00
1046027,3,"Nesher G, Mates M, Zevin S ""Effect of caffeine consumption on efficacy of methotrexate in rheumatoid arthritis."" Arthritis Rheum 48 (2003): 571-572",https://ddinter.scbdd.com/ddinter/interact/1046027/,2026-09-09T19:16:20+00:00
1046047,1,"""Product Information. Seroquel (quetiapine)."" Zeneca Pharmaceuticals, Wilmington, DE.",https://ddinter.scbdd.com/ddinter/interact/1046047/,2026-09-09T19:16:17+00:00
1046047,2,"""Product Information. Rexulti (brexpiprazole)."" Otsuka American Pharmaceuticals Inc, Rockville, MD.",https://ddinter.scbdd.com/ddinter/interact/1046047/,2026-09-09T19:16:17+00:00
1046047,3,"""Product Information. Clozaril (clozapine)."" Novartis Pharmaceuticals, East Hanover, NJ.",https://ddinter.scbdd.com/ddinter/interact/1046047/,2026-09-09T19:16:17+00:00
1046088,1,"""Product Information. Seroquel (quetiapine)."" Zeneca Pharmaceuticals, Wilmington, DE.",https://ddinter.scbdd.com/ddinter/interact/1046088/,2026-09-09T19:16:24+00:00
1046088,2,"""Product Information. Rexulti (brexpiprazole)."" Otsuka American Pharmaceuticals Inc, Rockville, MD.",https://ddinter.scbdd.com/ddinter/interact/1046088/,2026-09-09T19:16:24+00:00
1046088,3,"""Product Information. Clozaril (clozapine)."" Novartis Pharmaceuticals, East Hanover, NJ.",https://ddinter.scbdd.com/ddinter/interact/1046088/,2026-09-09T19:16:24+00:00
1046094,1,"Kandiah D, Penny WJ, Fraser AG, Lewis MJ ""A possible drug interaction between rifampicin and enalapril."" Eur J Clin Pharmacol 35 (1988): 431-2",https://ddinter.scbdd.com/ddinter/interact/1046094/,2026-09-09T19:16:27+00:00
1046094,2,"Good CB, McDermott L ""Diet and serum potassium in patients on ACE inhibitors."" JAMA 274 (1995): 538",https://ddinter.scbdd.com/ddinter/interact/1046094/,2026-09-09T19:16:27+00:00
1046094,3,"""Product Information. Vasotec (enalapril)."" Merck & Co, Inc, West Point, PA.",https://ddinter.scbdd.com/ddinter/interact/1046094/,2026-09-09T19:16:27+00:00
1046096,1,"""Product Information. Seroquel (quetiapine)."" Zeneca Pharmaceuticals, Wilmington, DE.",https://ddinter.scbdd.com/ddinter/interact/1046096/,2026-09-09T19:16:22+00:00
1046096,2,"""Product Information. Rexulti (brexpiprazole)."" Otsuka American Pharmaceuticals Inc, Rockville, MD.",https://ddinter.scbdd.com/ddinter/interact/1046096/,2026-09-09T19:16:22+00:00
1046096,3,"""Product Information. Clozaril (clozapine)."" Novartis Pharmaceuticals, East Hanover, NJ.",https://ddinter.scbdd.com/ddinter/interact/1046096/,2026-09-09T19:16:22+00:00
1046115,1,"Perazella MA ""Drug-induced hyperkalemia: old culprits and new offenders."" Am J Med 109 (2000): 307-14",https://ddinter.scbdd.com/ddinter/interact/1046115/,2026-09-09T19:16:29+00:00
1046115,2,"Cerner Multum, Inc. ""UK Summary of Product Characteristics."" O 0",https://ddinter.scbdd.com/ddinter/interact/1046115/,2026-09-09T19:16:29+00:00
1046115,3,"Hooks MA ""Tacrolimus, a new immunosuppressant--a review of the literature."" Ann Pharmacother 28 (1994): 501-11",https://ddinter.scbdd.com/ddinter/interact/1046115/,2026-09-09T19:16:29+00:00
1047749,1,"""Product Information. Altace (ramipril)."" Hoechst Marion-Roussel Inc, Kansas City, MO.",https://ddinter.scbdd.com/ddinter/interact/1047749/,2026-09-09T19:16:38+00:00
1047749,2,"Cerner Multum, Inc. ""UK Summary of Product Characteristics."" O 0",https://ddinter.scbdd.com/ddinter/interact/1047749/,2026-09-09T19:16:38+00:00
1047749,3,"Cerner Multum, Inc. ""Australian Product Information."" O 0",https://ddinter.scbdd.com/ddinter/interact/1047749/,2026-09-09T19:16:38+00:00
1048156,1,"Ouellet D, Hsu A, Qian J, Lamm JE, Cavanaugh JH, Leonard JM, Granneman GR ""Effect of fluoxetine on pharmacokinetics of ritonavir."" Antimicrob Agents Chemother 42 (1998): 3107-12",https://ddinter.scbdd.com/ddinter/interact/1048156/,2026-09-09T19:16:33+00:00
1048156,2,"""Product Information. Norvir (ritonavir)."" Abbott Pharmaceutical, Abbott Park, IL.",https://ddinter.scbdd.com/ddinter/interact/1048156/,2026-09-09T19:16:33+00:00
1048156,3,"Cerner Multum, Inc. ""Australian Product Information."" O 0",https://ddinter.scbdd.com/ddinter/interact/1048156/,2026-09-09T19:16:33+00:00
1048179,1,"Jori A, Carrara MC ""On the mechanism of the hyperglycaemic effect of chlorpromazine."" J Pharm Pharmacol 18 (1966): 623-4",https://ddinter.scbdd.com/ddinter/interact/1048179,2026-09-09T18:42:12+00:00
1048179,2,"""Product Information. Dymelor (acetohexamide)"" Lilly, Eli and Company, Indianapolis, IN.",https://ddinter.scbdd.com/ddinter/interact/1048179,2026-09-09T18:42:12+00:00
1048179,3,"""Product Information. Thorazine (chlorpromazine)."" SmithKline Beecham, Philadelphia, PA.",https://ddinter.scbdd.com/ddinter/interact/1048179,2026-09-09T18:42:12+00:00
1048232,1,"""Product Information. Norvir (ritonavir)."" Abbott Pharmaceutical, Abbott Park, IL.",https://ddinter.scbdd.com/ddinter/interact/1048232/,2026-09-09T19:16:34+00:00
1048232,2,"Crommentuyn KM, Mulder JW, Sparidans RW, Huitema AD, Schellens JH, Beijnen JH ""Drug-Drug Interaction between Itraconazole and the Antiretroviral Drug Lopinavir/Ritonavir in an HIV-1-Infected Patient with Disseminated Histoplasmosis."" Clin Infect Dis 38 (2004): E73-5",https://ddinter.scbdd.com/ddinter/interact/1048232/,2026-09-09T19:16:34+00:00
1048232,3,"Khaliq Y, Gallicano K, Venance S, Kravcik S, Cameron DW ""Effect of ketoconazole on ritonavir and saquinavir concentrations in plasma and cerebrospinal fluid from patients infected with human immunodeficiency virus."" Clin Pharmacol Ther 68 (2000): 637-46",https://ddinter.scbdd.com/ddinter/interact/1048232/,2026-09-09T19:16:34+00:00
1048269,1,"""Product Information. Norvir (ritonavir)."" Abbott Pharmaceutical, Abbott Park, IL.",https://ddinter.scbdd.com/ddinter/interact/1048269,2026-09-09T18:42:12+00:00
1048269,2,"""Product Information. Kaletra (lopinavir-ritonavir)"" Abbott Pharmaceutical, Abbott Park, IL.",https://ddinter.scbdd.com/ddinter/interact/1048269,2026-09-09T18:42:12+00:00
1048295,1,"Cerner Multum, Inc. ""UK Summary of Product Characteristics."" O 0",https://ddinter.scbdd.com/ddinter/interact/1048295/,2026-09-09T19:16:31+00:00
1048295,2,"""Product Information. Methotrexate (methotrexate)."" Lederle Laboratories, Wayne, NJ.",https://ddinter.scbdd.com/ddinter/interact/1048295/,2026-09-09T19:16:31+00:00
1048295,3,"Nesher G, Mates M, Zevin S ""Effect of caffeine consumption on efficacy of methotrexate in rheumatoid arthritis."" Arthritis Rheum 48 (2003): 571-572",https://ddinter.scbdd.com/ddinter/interact/1048295/,2026-09-09T19:16:31+00:00
1048343,1,"Penzak SR, Hon YY, Lawhorn WD, Shirley KL, Spratlin V, Jann MW ""Influence of ritonavir on olanzapine pharmacokinetics in healthy volunteers."" J Clin Psychopharmacol 22 (2002): 366-370",https://ddinter.scbdd.com/ddinter/interact/1048343/,2026-09-09T19:16:26+00:00
1048343,2,"""Product Information. Norvir (ritonavir)."" Abbott Pharmaceutical, Abbott Park, IL.",https://ddinter.scbdd.com/ddinter/interact/1048343/,2026-09-09T19:16:26+00:00
1048343,3,"Cerner Multum, Inc. ""UK Summary of Product Characteristics."" O 0",https://ddinter.scbdd.com/ddinter/interact/1048343/,2026-09-09T19:16:26+00:00
1048417,1,"DeVane CL, Nemeroff CB ""Clinical pharmacokinetics of quetiapine - An atypical antipsychotic."" Clin Pharmacokinet 40 (2001): 509-22",https://ddinter.scbdd.com/ddinter/interact/1048417/,2026-09-09T19:16:40+00:00
1048417,2,"Hantson P, Di Fazio V, Wallemacq P ""Toxicokinetic interaction between quetiapine and antiretroviral therapy following quetiapine overdose."" Drug Metab Lett 4 (2010): 7-8",https://ddinter.scbdd.com/ddinter/interact/1048417/,2026-09-09T19:16:40+00:00
1048417,3,"Geraci MJ, McCoy SL, Crum PM, Patel RA ""Antipsychotic-induced priapism in an HIV patient: a cytochrome P450-mediated drug interaction."" Int J Emerg Med 3 (2010): 81-4",https://ddinter.scbdd.com/ddinter/interact/1048417/,2026-09-09T19:16:40+00:00
1048430,1,"""Product Information. Norvir (ritonavir)."" Abbott Pharmaceutical, Abbott Park, IL.",https://ddinter.scbdd.com/ddinter/interact/1048430/,2026-09-09T19:16:36+00:00
1048430,2,"Veldkamp AI, Hoetelmans RM, Beijnen JH, Mulder JW, Meenhorst PL ""Ritonavir enables combined therapy with rifampin and saquinavir."" Clin Infect Dis 29 (1999): 1586",https://ddinter.scbdd.com/ddinter/interact/1048430/,2026-09-09T19:16:36+00:00
1048430,3,"Moreno S, Podzamczer D, Blazquez R, et al. ""Treatment of tuberculosis in HIV-infected patients: safety and antiretroviral efficacy of the concomitant use of ritonavir and rifampin."" AIDS 15 (2001): 1185-7",https://ddinter.scbdd.com/ddinter/interact/1048430/,2026-09-09T19:16:36+00:00
1048436,1,"""Product Information. Norvir (ritonavir)."" Abbott Pharmaceutical, Abbott Park, IL.",https://ddinter.scbdd.com/ddinter/interact/1048436/,2026-09-09T19:16:48+00:00
1048436,2,"""Product Information. Viekira Pak (dasabuvir/ombitasvir/paritaprevir/ritonavir)."" AbbVie US LLC, North Chicago, IL.",https://ddinter.scbdd.com/ddinter/interact/1048436/,2026-09-09T19:16:48+00:00
1048438,1,"""Product Information. Xarelto (rivaroxaban)."" Bayer Inc, Toronto, IA.",https://ddinter.scbdd.com/ddinter/interact/1048438/,2026-09-09T18:41:31+00:00
1048438,2,"Cerner Multum, Inc. ""Australian Product Information."" O 0",https://ddinter.scbdd.com/ddinter/interact/1048438/,2026-09-09T18:41:31+00:00
1048438,3,"""Product Information. Sporanox (itraconazole)."" Janssen Pharmaceutica, Titusville, NJ.",https://ddinter.scbdd.com/ddinter/interact/1048438/,2026-09-09T18:41:31+00:00
1048463,1,"Cheng CH, Miller C, Lowe C, Pearson VE ""Rhabdomyolysis due to probable interaction between simvastatin and ritonavir."" Am J Health Syst Pharm 59 (2002): 728-30",https://ddinter.scbdd.com/ddinter/interact/1048463/,2026-09-09T19:16:50+00:00
1048463,2,"Hare CB, Vu MP, Grunfeld C, Lampiris HW ""Simvastatin-nelfinavir interaction implicated in rhabdomyolysis and death."" Clin Infect Dis 35 (2002): E111-2",https://ddinter.scbdd.com/ddinter/interact/1048463/,2026-09-09T19:16:50+00:00
1048463,3,"Mangum EM, Graham KK ""Lopinavir-Ritonavir: a new protease inhibitor."" Pharmacotherapy 21 (2001): 1352-63",https://ddinter.scbdd.com/ddinter/interact/1048463/,2026-09-09T19:16:50+00:00
1048484,1,"Cakaloglu Y, Tredger JM, Devlin J, Williams R ""Importance of cytochrome p-450IIIA activity in determining dosage and blood levels of FK 506 and cyclosporine in liver transplant recipients."" Hepatology 20 (1994): 309-16",https://ddinter.scbdd.com/ddinter/interact/1048484/,2026-09-09T19:16:46+00:00
1048484,2,"Jain AK, Venkataramanan R, Shapiro R, et al. ""Interaction between tacrolimus and antiretroviral agents in human immunodeficiency virus-positive liver and kidney transplantation patients."" Transplant Proc 34 (2002): 1540-1",https://ddinter.scbdd.com/ddinter/interact/1048484/,2026-09-09T19:16:46+00:00
1048484,3,"Teicher E, Vincent I, Bonhomme-Faivre L, et al. ""Effect of Highly Active Antiretroviral Therapy on Tacrolimus Pharmacokinetics in Hepatitis C Virus and HIV Co-Infected Liver Transplant Recipients in the ANRS HC-08 Study."" Clin Pharmacokinet 46 (2007): 941-52",https://ddinter.scbdd.com/ddinter/interact/1048484/,2026-09-09T19:16:46+00:00
1048505,1,"Cerner Multum, Inc. ""UK Summary of Product Characteristics."" O 0",https://ddinter.scbdd.com/ddinter/interact/1048505/,2026-09-09T18:41:21+00:00
1048505,2,"Cerner Multum, Inc. ""Australian Product Information."" O 0",https://ddinter.scbdd.com/ddinter/interact/1048505/,2026-09-09T18:41:21+00:00
1048505,3,"""Product Information. Brilinta (ticagrelor)."" Astra-Zeneca Pharmaceuticals, Wilmington, DE.",https://ddinter.scbdd.com/ddinter/interact/1048505/,2026-09-09T18:41:21+00:00
1048538,1,"""Product Information. Diovan (valsartan)."" Novartis Pharmaceuticals, East Hanover, NJ.",https://ddinter.scbdd.com/ddinter/interact/1048538/,2026-09-09T19:16:45+00:00
1048538,2,"""Product Information. Viekira Pak (dasabuvir/ombitasvir/paritaprevir/ritonavir)."" AbbVie US LLC, North Chicago, IL.",https://ddinter.scbdd.com/ddinter/interact/1048538/,2026-09-09T19:16:45+00:00
1048538,3,"Cerner Multum, Inc. ""UK Summary of Product Characteristics."" O 0",https://ddinter.scbdd.com/ddinter/interact/1048538/,2026-09-09T19:16:45+00:00
1048544,1,"""Product Information. Effexor (venlafaxine)."" Wyeth-Ayerst Laboratories, Philadelphia, PA.",https://ddinter.scbdd.com/ddinter/interact/1048544/,2026-09-09T19:16:43+00:00
1048544,2,"Cerner Multum, Inc. ""UK Summary of Product Characteristics."" O 0",https://ddinter.scbdd.com/ddinter/interact/1048544/,2026-09-09T19:16:43+00:00
1048544,3,"Cerner Multum, Inc. ""Australian Product Information."" O 0",https://ddinter.scbdd.com/ddinter/interact/1048544/,2026-09-09T19:16:43+00:00
1048555,1,"""Product Information. Fortovase (saquinavir)"" Roche Laboratories, Nutley, NJ.",https://ddinter.scbdd.com/ddinter/interact/1048555,2026-09-09T18:42:12+00:00
1048555,2,"""Product Information. Norvir (ritonavir)."" Abbott Pharmaceutical, Abbott Park, IL.",https://ddinter.scbdd.com/ddinter/interact/1048555,2026-09-09T18:42:12+00:00
1048555,3,"Newshan G, Tsang P ""Ritonavir and warfarin interaction."" AIDS 13 (1999): 1788-9",https://ddinter.scbdd.com/ddinter/interact/1048555,2026-09-09T18:42:12+00:00
1048611,1,"Kazierad DJ, Martin DE, Tenero D, et al. ""Fluconazole significantly alters the pharmacokinetics of losartan but not eprosartan."" Clin Pharmacol Ther 61 (1997): 203",https://ddinter.scbdd.com/ddinter/interact/1048611/,2026-09-09T19:17:04+00:00
1048611,2,"Cerner Multum, Inc. ""UK Summary of Product Characteristics."" O 0",https://ddinter.scbdd.com/ddinter/interact/1048611/,2026-09-09T19:17:04+00:00
1048611,3,"""Product Information. Diflucan (fluconazole)."" Roerig Division, New York, NY.",https://ddinter.scbdd.com/ddinter/interact/1048611/,2026-09-09T19:17:04+00:00
1048616,1,"""Product Information. Micardis (telmisartan)."" Boehringer-Ingelheim, Ridgefield, CT.",https://ddinter.scbdd.com/ddinter/interact/1048616/,2026-09-09T19:17:09+00:00
1048616,2,"""Product Information. Diovan (valsartan)."" Novartis Pharmaceuticals, East Hanover, NJ.",https://ddinter.scbdd.com/ddinter/interact/1048616/,2026-09-09T19:17:09+00:00
1048616,3,"""Product Information. Avapro (irbesartan)."" Bristol-Myers Squibb, Princeton, NJ.",https://ddinter.scbdd.com/ddinter/interact/1048616/,2026-09-09T19:17:09+00:00
1048624,1,"Cerner Multum, Inc. ""Australian Product Information."" O 0",https://ddinter.scbdd.com/ddinter/interact/1048624/,2026-09-09T19:16:56+00:00
1048624,2,"Kaukonen KM, Olkkola KT, Neuvonen PJ ""Itraconazole increases plasma concentrations of quinidine."" Clin Pharmacol Ther 62 (1997): 510-7",https://ddinter.scbdd.com/ddinter/interact/1048624/,2026-09-09T19:16:56+00:00
1048624,3,"Auclair B, Berning SE, Huitt GA, Peloquin CP ""Potential interaction between itraconazole and clarithromycin."" Pharmacotherapy 19 (1999): 1439-44",https://ddinter.scbdd.com/ddinter/interact/1048624/,2026-09-09T19:16:56+00:00
1048644,1,"Yasar U, Tybring G, Hidestrand M, Oscarson M, IngelmanSundberg M, Dahl ML, Eliasson E ""Role of CYP2C9 polymorphism in losartan oxidation."" Drug Metab Disposition 29 (2001): 1051-6",https://ddinter.scbdd.com/ddinter/interact/1048644/,2026-09-09T19:17:05+00:00
1048644,2,"Fischer TL, Pieper JA, Graff DW, et al. ""Evaluation of potential losartan-phenytoin drug interactions in healthy volunteers."" Clin Pharmacol Ther 72 (2002): 238-46",https://ddinter.scbdd.com/ddinter/interact/1048644/,2026-09-09T19:17:05+00:00
1048644,3,"Cerner Multum, Inc. ""Australian Product Information."" O 0",https://ddinter.scbdd.com/ddinter/interact/1048644/,2026-09-09T19:17:05+00:00
1048655,1,"""Product Information. Diovan (valsartan)."" Novartis Pharmaceuticals, East Hanover, NJ.",https://ddinter.scbdd.com/ddinter/interact/1048655/,2026-09-09T19:17:12+00:00
1048655,2,"""Product Information. Micardis (telmisartan)."" Boehringer-Ingelheim, Ridgefield, CT.",https://ddinter.scbdd.com/ddinter/interact/1048655/,2026-09-09T19:17:12+00:00
1048655,3,"Rossing K, Jacobsen P, Pietraszek L, Parving HH ""Renoprotective effects of adding angiotensin II receptor blocker to maximal recommended doses of ACE inhibitor in diabetic nephropathy: a randomized double-blind crossover trial."" Diabetes Care 26 (2003): 2268-74",https://ddinter.scbdd.com/ddinter/interact/1048655/,2026-09-09T19:17:12+00:00
1048656,1,"Williamson KM, Patterson JH, McQueen RH, Adams KF, Pieper JA ""Effects of erythromycin or rifampin on losartan pharmacokinetics in healthy volunteers."" Clin Pharmacol Ther 63 (1998): 316-23",https://ddinter.scbdd.com/ddinter/interact/1048656,2026-09-09T18:42:12+00:00
1048656,2,"Ray K, Dorman S, Watson R ""Severe hyperkalaemia due to the concomitant use of salt substitutes and ACE inhibitors in hypertension: a potentially life threatening interaction."" J Hum Hypertens 13 (1999): 717-20",https://ddinter.scbdd.com/ddinter/interact/1048656,2026-09-09T18:42:12+00:00
1048656,3,"""Product Information. Cozaar (losartan)."" Merck & Co, Inc, West Point, PA.",https://ddinter.scbdd.com/ddinter/interact/1048656,2026-09-09T18:42:12+00:00
1048667,1,"Perazella MA ""Drug-induced hyperkalemia: old culprits and new offenders."" Am J Med 109 (2000): 307-14",https://ddinter.scbdd.com/ddinter/interact/1048667/,2026-09-09T19:16:58+00:00
1048667,2,"Cerner Multum, Inc. ""UK Summary of Product Characteristics."" O 0",https://ddinter.scbdd.com/ddinter/interact/1048667/,2026-09-09T19:16:58+00:00
1048667,3,"Hooks MA ""Tacrolimus, a new immunosuppressant--a review of the literature."" Ann Pharmacother 28 (1994): 501-11",https://ddinter.scbdd.com/ddinter/interact/1048667/,2026-09-09T19:16:58+00:00
1050839,1,"""Product Information. Diovan (valsartan)."" Novartis Pharmaceuticals, East Hanover, NJ.",https://ddinter.scbdd.com/ddinter/interact/1050839/,2026-09-09T19:17:00+00:00
1050839,2,"""Product Information. Viekira Pak (dasabuvir/ombitasvir/paritaprevir/ritonavir)."" AbbVie US LLC, North Chicago, IL.",https://ddinter.scbdd.com/ddinter/interact/1050839/,2026-09-09T19:17:00+00:00
1050839,3,"Cerner Multum, Inc. ""UK Summary of Product Characteristics."" O 0",https://ddinter.scbdd.com/ddinter/interact/1050839/,2026-09-09T19:17:00+00:00
1050861,1,"Perazella MA ""Drug-induced hyperkalemia: old culprits and new offenders."" Am J Med 109 (2000): 307-14",https://ddinter.scbdd.com/ddinter/interact/1050861/,2026-09-09T19:17:01+00:00
1050861,2,"Cerner Multum, Inc. ""UK Summary of Product Characteristics."" O 0",https://ddinter.scbdd.com/ddinter/interact/1050861/,2026-09-09T19:17:01+00:00
1050861,3,"Hooks MA ""Tacrolimus, a new immunosuppressant--a review of the literature."" Ann Pharmacother 28 (1994): 501-11",https://ddinter.scbdd.com/ddinter/interact/1050861/,2026-09-09T19:17:01+00:00
1051934,1,"Cerner Multum, Inc. ""Australian Product Information."" O 0",https://ddinter.scbdd.com/ddinter/interact/1051934/,2026-09-09T19:16:51+00:00
1051934,2,"Cerner Multum, Inc. ""UK Summary of Product Characteristics."" O 0",https://ddinter.scbdd.com/ddinter/interact/1051934/,2026-09-09T19:16:51+00:00
1051934,3,"""Product Information. Zyprexa (olanzapine)."" Lilly, Eli and Company, Indianapolis, IN.",https://ddinter.scbdd.com/ddinter/interact/1051934/,2026-09-09T19:16:51+00:00
1051969,1,"Insel TR, Roy BF, Cohen RM, Murphy DL ""Possible development of the serotonin syndrome in man."" Am J Psychiatry 139 (1982): 954-5",https://ddinter.scbdd.com/ddinter/interact/1051969/,2026-09-09T18:41:22+00:00
1051969,2,"Smith DL, Wenegrat BG ""A case report of serotonin syndrome associated with combined nefazodone and fluoxetine."" J Clin Psychiatry 61 (2000): 146",https://ddinter.scbdd.com/ddinter/interact/1051969/,2026-09-09T18:41:22+00:00
1051969,3,"Gilman AG, Rall TW, Nies AS, Taylor P, eds. ""Goodman and Gilman's the Pharmacological Basis of Therapeutics. 8th ed."" New York, NY: Pergamon Press Inc. (1990):",https://ddinter.scbdd.com/ddinter/interact/1051969/,2026-09-09T18:41:22+00:00
1051983,1,"EMA. European Medicines Agency. European Union ""EMA - List of medicines under additional monitoring. Available from: URL: http://www.ema.europa.eu/ema/index.jsp?curl=pages/regulation/document_listing/document_listing_000366.jsp&mid=WC0b01ac058067c852"" ([2013 - ]):",https://ddinter.scbdd.com/ddinter/interact/1051983/,2026-09-09T19:17:11+00:00
1051983,2,"Witchel HJ, Hancox JC, Nutt DJ ""Psychotropic drugs, cardiac arrhythmia, and sudden death."" J Clin Psychopharmacol 23 (2003): 58-77",https://ddinter.scbdd.com/ddinter/interact/1051983/,2026-09-09T19:17:11+00:00
1051983,3,"Iannini PB ""Cardiotoxicity of macrolides, ketolides and fluoroquinolones that prolong the QTc interval."" Expert Opin Drug Saf 1 (2002): 121-8",https://ddinter.scbdd.com/ddinter/interact/1051983/,2026-09-09T19:17:11+00:00
1051992,1,"""Product Information. Savella (milnacipran)."" Forest Pharmaceuticals, St. Louis, MO.",https://ddinter.scbdd.com/ddinter/interact/1051992/,2026-09-09T19:17:07+00:00
1051992,2,"Jackson C, Carson W, Markowitz J, Mintzer J ""SIADH associated with fluoxetine and sertraline therapy."" Am J Psychiatry 152 (1995): 809-10",https://ddinter.scbdd.com/ddinter/interact/1051992/,2026-09-09T19:17:07+00:00
1051992,3,"Robinson D, Brooks J, Mahler E, Sheikh JI ""SIADH--compulsive drinking or SSRI influence?"" Ann Pharmacother 30 (1996): 885",https://ddinter.scbdd.com/ddinter/interact/1051992/,2026-09-09T19:17:07+00:00
1051995,1,"Christensen LK, Hansen JM, Kristensen M ""Sulphaphenazole-induced hypoglycemic attacks in tolbutamide-treated diabetics."" Lancet 2 (1963): 1298-301",https://ddinter.scbdd.com/ddinter/interact/1051995/,2026-09-09T19:17:14+00:00
1051995,2,"Turtle JR, Burgess JA ""Hypoglycemic action of fenfluramine in diabetes mellitus."" Diabetes 22 (1973): 858-67",https://ddinter.scbdd.com/ddinter/interact/1051995/,2026-09-09T19:17:14+00:00
1051995,3,"Field JB, Ohta M, Boyle C, Remer A ""Potentiation of acetohexamide hypoglycemia by phenylbutazone."" N Engl J Med 277 (1967): 889-94",https://ddinter.scbdd.com/ddinter/interact/1051995/,2026-09-09T19:17:14+00:00
1052009,1,"""Product Information. Prozac (fluoxetine)."" Dista Products Company, Indianapolis, IN.",https://ddinter.scbdd.com/ddinter/interact/1052009/,2026-09-09T19:17:21+00:00
1052009,2,"""Product Information. Paxil (paroxetine)."" GlaxoSmithKline, Research Triangle Park, NC.",https://ddinter.scbdd.com/ddinter/interact/1052009/,2026-09-09T19:17:21+00:00
1052009,3,"Pai VB, Kelly MW ""Bruising associated with the use of fluoxetine."" Ann Pharmacother 30 (1996): 786-8",https://ddinter.scbdd.com/ddinter/interact/1052009/,2026-09-09T19:17:21+00:00
1052040,1,"""Product Information. Savella (milnacipran)."" Forest Pharmaceuticals, St. Louis, MO.",https://ddinter.scbdd.com/ddinter/interact/1052040/,2026-09-09T19:17:20+00:00
1052040,2,"Belcastro V, Costa C, Striano P ""Levetiracetam-associated hyponatremia."" Seizure 17 (2008): 389-90",https://ddinter.scbdd.com/ddinter/interact/1052040/,2026-09-09T19:17:20+00:00
1052040,3,"Gandhi S, McArthur E, Mamdani MM, et.al ""Antiepileptic drugs and hyponatremia in older adults: Two population-based cohort studies."" Epilepsia 57 (2016): 2067-79",https://ddinter.scbdd.com/ddinter/interact/1052040/,2026-09-09T19:17:20+00:00
1052137,1,"Jalil P ""Toxic reaction following the combined administration of fluoxetine and phenytoin: two case reports."" J Neurol Neurosurg Psychiatry 55 (1992): 412-3",https://ddinter.scbdd.com/ddinter/interact/1052137/,2026-09-09T19:17:18+00:00
1052137,2,"Nightingale SL ""Fluoxetine labeling revised to identify phenytoin interaction and to recommend against use in nursing mothers."" JAMA 271 (1994): 1067",https://ddinter.scbdd.com/ddinter/interact/1052137/,2026-09-09T19:17:18+00:00
1052137,3,"Shader RI, Greenblatt DJ, Vonmoltke LL ""Fluoxetine inhibition of phenytoin metabolism."" J Clin Psychopharmacol 14 (1994): 375-6",https://ddinter.scbdd.com/ddinter/interact/1052137/,2026-09-09T19:17:18+00:00
1052166,1,"""Product Information. Seroquel (quetiapine)."" Zeneca Pharmaceuticals, Wilmington, DE.",https://ddinter.scbdd.com/ddinter/interact/1052166/,2026-09-09T19:17:16+00:00
1052166,2,"""Product Information. Rexulti (brexpiprazole)."" Otsuka American Pharmaceuticals Inc, Rockville, MD.",https://ddinter.scbdd.com/ddinter/interact/1052166/,2026-09-09T19:17:16+00:00
1052166,3,"""Product Information. Clozaril (clozapine)."" Novartis Pharmaceuticals, East Hanover, NJ.",https://ddinter.scbdd.com/ddinter/interact/1052166/,2026-09-09T19:17:16+00:00
1052172,1,"Dsouza DC, Bennett A, Abidargham A, Krystal JH ""Precipitation of a psychoneuromotor syndrome by fluoxetine in a haloperidol-treated schizophrenic patient."" J Clin Psychopharmacol 14 (1994): 361-3",https://ddinter.scbdd.com/ddinter/interact/1052172/,2026-09-09T19:17:23+00:00
1052172,2,"Spina E, Avenoso A, Scordo MG, et al. ""Inhibition of Risperidone Metabolism by Fluoxetine in Patients With Schizophrenia: A Clinically Relevant Pharmacokinetic Drug Interaction."" J Clin Psychopharmacol 22 (2002): 419-423",https://ddinter.scbdd.com/ddinter/interact/1052172/,2026-09-09T19:17:23+00:00
1052172,3,"Tyndale RF, Kalow W, Inaba T ""Oxidation of reduced haloperidol to haloperidol: involvement of human P450IID6 (sparteine/debrisoquine monooxygenase)."" Br J Clin Pharmacol 31 (1991): 655-60",https://ddinter.scbdd.com/ddinter/interact/1052172/,2026-09-09T19:17:23+00:00
1052194,1,"EMA. European Medicines Agency. European Union ""EMA - List of medicines under additional monitoring. Available from: URL: http://www.ema.europa.eu/ema/index.jsp?curl=pages/regulation/document_listing/document_listing_000366.jsp&mid=WC0b01ac058067c852"" ([2013 - ]):",https://ddinter.scbdd.com/ddinter/interact/1052194/,2026-09-09T19:17:32+00:00
1052194,2,"Witchel HJ, Hancox JC, Nutt DJ ""Psychotropic drugs, cardiac arrhythmia, and sudden death."" J Clin Psychopharmacol 23 (2003): 58-77",https://ddinter.scbdd.com/ddinter/interact/1052194/,2026-09-09T19:17:32+00:00
1052194,3,"Iannini PB ""Cardiotoxicity of macrolides, ketolides and fluoroquinolones that prolong the QTc interval."" Expert Opin Drug Saf 1 (2002): 121-8",https://ddinter.scbdd.com/ddinter/interact/1052194/,2026-09-09T19:17:32+00:00
1052235,1,"Paruchuri P, Godkar D, Anandacoomarswamy D, Sheth K, Niranjan S ""Rare case of serotonin syndrome with therapeutic doses of paroxetine."" Am J Ther 13 (2006): 550-552",https://ddinter.scbdd.com/ddinter/interact/1052235/,2026-09-09T19:17:25+00:00
1052235,2,"Ciraulo DA, Shader RI ""Fluoxetine drug-drug interactions: I. Antidepressants and antipsychotics."" J Clin Psychopharmacol 10 (1990): 48-50",https://ddinter.scbdd.com/ddinter/interact/1052235/,2026-09-09T19:17:25+00:00
1052235,3,"""Product Information. Brintellix (vortioxetine)."" Takeda Pharmaceuticals America, Lincolnshire, IL.",https://ddinter.scbdd.com/ddinter/interact/1052235/,2026-09-09T19:17:25+00:00
1052238,1,"Ciraulo DA, Shader RI ""Fluoxetine drug-drug interactions. II."" J Clin Psychopharmacol 10 (1990): 213-7",https://ddinter.scbdd.com/ddinter/interact/1052238/,2026-09-09T19:17:27+00:00
1052238,2,"""Product Information. Prozac (fluoxetine)."" Dista Products Company, Indianapolis, IN.",https://ddinter.scbdd.com/ddinter/interact/1052238/,2026-09-09T19:17:27+00:00
1052238,3,"Thijssen HH, Flin ois JP, Beaune PH ""Cytochrome P4502C9 is the principal catalyst of racemic acenocoumarol hydroxylation reactions in human liver microsomes."" Drug Metab Dispos 28 (2000): 1284-90",https://ddinter.scbdd.com/ddinter/interact/1052238/,2026-09-09T19:17:27+00:00
1052770,1,"""Product Information. Lexapro (escitalopram)."" Forest Pharmaceuticals, St. Louis, MO.",https://ddinter.scbdd.com/ddinter/interact/1052770/,2026-09-09T18:41:25+00:00
1052770,2,"""Product Information. Celexa (citalopram)."" Forest Pharmaceuticals, St. Louis, MO.",https://ddinter.scbdd.com/ddinter/interact/1052770/,2026-09-09T18:41:25+00:00
1052770,3,"Warrington SJ, Ankier SI, Turner P ""Evaluation of possible interactions between ethanol and trazodone or amitriptyline."" Neuropsychobiology 15 (1986): 31-7",https://ddinter.scbdd.com/ddinter/interact/1052770/,2026-09-09T18:41:25+00:00
1052779,1,"Koks CH, Crommentuyn KM, Hoetelmans RM, et al. ""The effect of fluconazole on ritonavir and saquinavir pharmacokinetics in HIV-1-infected individuals."" Br J Clin Pharmacol 51 (2001): 631-5",https://ddinter.scbdd.com/ddinter/interact/1052779/,2026-09-09T19:17:34+00:00
1052779,2,"Cato A 3rd, Cao G, Hsu A, Cavanaugh J, Leonard J, Granneman R ""Evaluation of the effect of fluconazole on the pharmacokinetics of ritonavir."" Drug Metab Dispos 25 (1997): 1104-6",https://ddinter.scbdd.com/ddinter/interact/1052779/,2026-09-09T19:17:34+00:00
1052779,3,"""Product Information. Norvir (ritonavir)."" Abbott Pharmaceutical, Abbott Park, IL.",https://ddinter.scbdd.com/ddinter/interact/1052779/,2026-09-09T19:17:34+00:00
1052800,1,"""Product Information. Norvir (ritonavir)."" Abbott Pharmaceutical, Abbott Park, IL.",https://ddinter.scbdd.com/ddinter/interact/1052800/,2026-09-09T19:17:35+00:00
1052800,2,"""Product Information. Aptivus (tipranavir)."" Boehringer-Ingelheim, Ridgefield, CT.",https://ddinter.scbdd.com/ddinter/interact/1052800/,2026-09-09T19:17:35+00:00
1052800,3,"Neuvonen PJ, Niemi M, Backman JT ""Drug interactions with lipid-lowering drugs: Mechanisms and clinical relevance."" Clin Pharmacol Ther 80 (2006): 565-81",https://ddinter.scbdd.com/ddinter/interact/1052800/,2026-09-09T19:17:35+00:00
1052832,1,"Corkeron MA ""Serotonin syndrome - a potentially fatal complication of antidepressant therapy."" Med J Aust 163 (1995): 481-2",https://ddinter.scbdd.com/ddinter/interact/1052832/,2026-09-09T18:41:25+00:00
1052832,2,"Nijhawan PK, Katz G, Winter S ""Psychiatric illness and the serotonin syndrome: an emerging adverse drug effect leading to intensive care unit admission."" Crit Care Med 24 (1996): 1086-9",https://ddinter.scbdd.com/ddinter/interact/1052832/,2026-09-09T18:41:25+00:00
1052832,3,"Sternbach H ""The serotonin syndrome."" Am J Psychiatry 148 (1991): 705-13",https://ddinter.scbdd.com/ddinter/interact/1052832/,2026-09-09T18:41:25+00:00
1053051,1,"Toon S, Holt BL, Mullins FGP, Khan A ""Effects of cimetidine, ranitidine and omeprazole on tolbutamide pharmacokinetics."" J Pharm Pharmacol 47 (1995): 85-8",https://ddinter.scbdd.com/ddinter/interact/1053051/,2026-09-09T19:17:37+00:00
1053051,2,"Humphries TJ ""Clinical implications of drug interactions with the cytochrome P-450 enzyme system associated with omeprazole."" Dig Dis Sci 36 (1991): 1665-9",https://ddinter.scbdd.com/ddinter/interact/1053051/,2026-09-09T19:17:37+00:00
1053051,3,"""Product Information. Nexium (esomeprazole)"" Astra-Zeneca Pharmaceuticals, Wilmington, DE.",https://ddinter.scbdd.com/ddinter/interact/1053051/,2026-09-09T19:17:37+00:00
1053063,1,"Cerner Multum, Inc. ""Australian Product Information."" O 0",https://ddinter.scbdd.com/ddinter/interact/1053063/,2026-09-09T19:17:39+00:00
1053063,2,"Beorlegui B, Aldaz A, Ortega A, Aquerreta I, Sierrasesumega L, Giraldez J ""Potential interaction between methotrexate and omeprazole/."" Ann Pharmacother 34 (2000): 1024-7",https://ddinter.scbdd.com/ddinter/interact/1053063/,2026-09-09T19:17:39+00:00
1053063,3,"Breedveld P, Zelcer N, Pluim D, et.al ""Mechanism of the Pharmacokinetic Interaction between Methotrexate and Benzimidazoles; Potential Role for Breast Cancer Resistance Protein in Clinical Drug-Drug Interactions."" Cancer Res 64 (2004): 5804-11",https://ddinter.scbdd.com/ddinter/interact/1053063/,2026-09-09T19:17:39+00:00
1053104,1,"Wells PS, Holbrook AM, Crowther NR, Hirsh J ""Interactions of warfarin with drugs and food."" Ann Intern Med 121 (1994): 676-83",https://ddinter.scbdd.com/ddinter/interact/1053104/,2026-09-09T19:17:30+00:00
1053104,2,"Sutfin T, Blamer K, Bostrom H, Eriksson S, Hoglund P, Paulsen O ""Stereoselective interaction of omeprazole with warfarin in healthy men."" Ther Drug Monit 11 (1989): 176-84",https://ddinter.scbdd.com/ddinter/interact/1053104/,2026-09-09T19:17:30+00:00
1053104,3,"""Product Information. Omeprazole (omeprazole)."" Mylan Pharmaceuticals Inc, Morgantown, WV.",https://ddinter.scbdd.com/ddinter/interact/1053104/,2026-09-09T19:17:30+00:00
1053414,1,"Cerner Multum, Inc. ""UK Summary of Product Characteristics."" O 0",https://ddinter.scbdd.com/ddinter/interact/1053414/,2026-09-09T19:17:40+00:00
1053414,2,"""Product Information. Methotrexate (methotrexate)."" Lederle Laboratories, Wayne, NJ.",https://ddinter.scbdd.com/ddinter/interact/1053414/,2026-09-09T19:17:40+00:00
1053414,3,"Nesher G, Mates M, Zevin S ""Effect of caffeine consumption on efficacy of methotrexate in rheumatoid arthritis."" Arthritis Rheum 48 (2003): 571-572",https://ddinter.scbdd.com/ddinter/interact/1053414/,2026-09-09T19:17:40+00:00
1053476,1,"Cerner Multum, Inc. ""UK Summary of Product Characteristics."" O 0",https://ddinter.scbdd.com/ddinter/interact/1053476/,2026-09-09T19:17:28+00:00
1053476,2,"""Product Information. Methotrexate (methotrexate)."" Lederle Laboratories, Wayne, NJ.",https://ddinter.scbdd.com/ddinter/interact/1053476/,2026-09-09T19:17:28+00:00
1053476,3,"Nesher G, Mates M, Zevin S ""Effect of caffeine consumption on efficacy of methotrexate in rheumatoid arthritis."" Arthritis Rheum 48 (2003): 571-572",https://ddinter.scbdd.com/ddinter/interact/1053476/,2026-09-09T19:17:28+00:00
1053485,1,"""Product Information. Lamictal (lamotrigine)."" Glaxo Wellcome, Research Triangle Park, NC.",https://ddinter.scbdd.com/ddinter/interact/1053485/,2026-09-09T19:17:46+00:00
1053485,2,"Warrington SJ, Ankier SI, Turner P ""Evaluation of possible interactions between ethanol and trazodone or amitriptyline."" Neuropsychobiology 15 (1986): 31-7",https://ddinter.scbdd.com/ddinter/interact/1053485/,2026-09-09T19:17:46+00:00
1053485,3,"""Product Information. Fycompa (perampanel)."" Eisai Inc, Teaneck, NJ.",https://ddinter.scbdd.com/ddinter/interact/1053485/,2026-09-09T19:17:46+00:00
1053494,1,"Dalle JH, Auvrignon A, Vassal G, Leverger G ""Interaction Between Methotrexate and Ciprofloxacin."" J Pediatr Hematol Oncol 24 (2002): 321-322",https://ddinter.scbdd.com/ddinter/interact/1053494/,2026-09-09T18:41:27+00:00
1053494,2,"Johnson EJ, MacGowan AP, Potter MN, et al ""Reduced absorption of oral ciprofloxacin after chemotherapy for haematological malignancy."" J Antimicrob Chemother 25 (1990): 837-42",https://ddinter.scbdd.com/ddinter/interact/1053494/,2026-09-09T18:41:27+00:00
1053494,3,"Nesher G, Mates M, Zevin S ""Effect of caffeine consumption on efficacy of methotrexate in rheumatoid arthritis."" Arthritis Rheum 48 (2003): 571-572",https://ddinter.scbdd.com/ddinter/interact/1053494/,2026-09-09T18:41:27+00:00
1053584,1,"Cerner Multum, Inc. ""UK Summary of Product Characteristics."" O 0",https://ddinter.scbdd.com/ddinter/interact/1053584/,2026-09-09T19:17:47+00:00
1053584,2,"""Product Information. Methotrexate (methotrexate)."" Lederle Laboratories, Wayne, NJ.",https://ddinter.scbdd.com/ddinter/interact/1053584/,2026-09-09T19:17:47+00:00
1053584,3,"Nesher G, Mates M, Zevin S ""Effect of caffeine consumption on efficacy of methotrexate in rheumatoid arthritis."" Arthritis Rheum 48 (2003): 571-572",https://ddinter.scbdd.com/ddinter/interact/1053584/,2026-09-09T19:17:47+00:00
1053609,1,"Cerner Multum, Inc. ""UK Summary of Product Characteristics."" O 0",https://ddinter.scbdd.com/ddinter/interact/1053609/,2026-09-09T19:58:48+00:00
1053609,2,"""Product Information. Methotrexate (methotrexate)."" Lederle Laboratories, Wayne, NJ.",https://ddinter.scbdd.com/ddinter/interact/1053609/,2026-09-09T19:58:48+00:00
1053609,3,"Nesher G, Mates M, Zevin S ""Effect of caffeine consumption on efficacy of methotrexate in rheumatoid arthritis."" Arthritis Rheum 48 (2003): 571-572",https://ddinter.scbdd.com/ddinter/interact/1053609/,2026-09-09T19:58:48+00:00
1053614,1,"Cerner Multum, Inc. ""UK Summary of Product Characteristics."" O 0",https://ddinter.scbdd.com/ddinter/interact/1053614/,2026-09-09T19:17:42+00:00
1053614,2,"""Product Information. Methotrexate (methotrexate)."" Lederle Laboratories, Wayne, NJ.",https://ddinter.scbdd.com/ddinter/interact/1053614/,2026-09-09T19:17:42+00:00
1053614,3,"Nesher G, Mates M, Zevin S ""Effect of caffeine consumption on efficacy of methotrexate in rheumatoid arthritis."" Arthritis Rheum 48 (2003): 571-572",https://ddinter.scbdd.com/ddinter/interact/1053614/,2026-09-09T19:17:42+00:00
1053622,1,"Cerner Multum, Inc. ""UK Summary of Product Characteristics."" O 0",https://ddinter.scbdd.com/ddinter/interact/1053622/,2026-09-09T19:17:44+00:00
1053622,2,"""Product Information. Methotrexate (methotrexate)."" Lederle Laboratories, Wayne, NJ.",https://ddinter.scbdd.com/ddinter/interact/1053622/,2026-09-09T19:17:44+00:00
1053622,3,"Nesher G, Mates M, Zevin S ""Effect of caffeine consumption on efficacy of methotrexate in rheumatoid arthritis."" Arthritis Rheum 48 (2003): 571-572",https://ddinter.scbdd.com/ddinter/interact/1053622/,2026-09-09T19:17:44+00:00
1053636,1,"Cerner Multum, Inc. ""UK Summary of Product Characteristics."" O 0",https://ddinter.scbdd.com/ddinter/interact/1053636/,2026-09-09T19:18:07+00:00
1053636,2,"""Product Information. Methotrexate (methotrexate)."" Lederle Laboratories, Wayne, NJ.",https://ddinter.scbdd.com/ddinter/interact/1053636/,2026-09-09T19:18:07+00:00
1053636,3,"Nesher G, Mates M, Zevin S ""Effect of caffeine consumption on efficacy of methotrexate in rheumatoid arthritis."" Arthritis Rheum 48 (2003): 571-572",https://ddinter.scbdd.com/ddinter/interact/1053636/,2026-09-09T19:18:07+00:00
1053661,1,"""Product Information. Prograf (tacrolimus)."" Fujisawa, Deerfield, IL.",https://ddinter.scbdd.com/ddinter/interact/1053661/,2026-09-09T19:17:54+00:00
1053661,2,"""Product Information. Rapamune (sirolimus)"" Wyeth-Ayerst Laboratories, Philadelphia, PA.",https://ddinter.scbdd.com/ddinter/interact/1053661/,2026-09-09T19:17:54+00:00
1053661,3,"Sheiner PA, Mor E, Chodoff L, Glabman S, Emre S, Schwartz ME, Miller CM ""Acute renal, failure associated with the use of ibuprofen in two liver transplant recipients on FK506."" Transplantation 57 (1994): 1132-3",https://ddinter.scbdd.com/ddinter/interact/1053661/,2026-09-09T19:17:54+00:00
1053715,1,"Seifter EJ, Brooks BJ, Urba WJ ""Possible interactions between warfarin and antineoplastic drugs."" Cancer Treat Rep 69 (1985): 244-5",https://ddinter.scbdd.com/ddinter/interact/1053715/,2026-09-09T19:18:00+00:00
1053715,2,"Bodiford AB, Kessler FO, Fermo JD, Ragucci KR ""Elevated international normalized ratio with the consumption of grapefruit and use of warfarin."" SAGE Open Med Case Rep 0 (2013): 1-3",https://ddinter.scbdd.com/ddinter/interact/1053715/,2026-09-09T19:18:00+00:00
1053715,3,"Guo LQ, Yamazoe Y ""Inhibition of cytochrome P450 by furanocoumarins in grapefruit juice and herbal medicines."" Acta Pharmacol Sin 25 (2004): 129-36",https://ddinter.scbdd.com/ddinter/interact/1053715/,2026-09-09T19:18:00+00:00
1055352,1,"Christensen LK, Hansen JM, Kristensen M ""Sulphaphenazole-induced hypoglycemic attacks in tolbutamide-treated diabetics."" Lancet 2 (1963): 1298-301",https://ddinter.scbdd.com/ddinter/interact/1055352/,2026-09-09T18:41:28+00:00
1055352,2,"Turtle JR, Burgess JA ""Hypoglycemic action of fenfluramine in diabetes mellitus."" Diabetes 22 (1973): 858-67",https://ddinter.scbdd.com/ddinter/interact/1055352/,2026-09-09T18:41:28+00:00
1055352,3,"Field JB, Ohta M, Boyle C, Remer A ""Potentiation of acetohexamide hypoglycemia by phenylbutazone."" N Engl J Med 277 (1967): 889-94",https://ddinter.scbdd.com/ddinter/interact/1055352/,2026-09-09T18:41:28+00:00
1055368,1,"Abad S, Moachon L, Blanche P, Bavoux F, Sicard D, Salmon-Ceron D ""Possible interaction between glicazide, fluconazole and sulfamethoxazole resulting in severe hypoglycaemia."" Br J Clin Pharmacol 52 (2001): 456-7",https://ddinter.scbdd.com/ddinter/interact/1055368/,2026-09-09T19:17:58+00:00
1055368,2,"""Product Information. Monistat (miconazole)."" Ortho Pharmaceutical Corporation, Raritan, NJ.",https://ddinter.scbdd.com/ddinter/interact/1055368/,2026-09-09T19:17:58+00:00
1055368,3,"Ragia G, Petridis I, Tavridou A, Christakidis D, Manolopoulos VG ""Presence of CYP2C9*3 allele increases risk for hypoglycemia in Type 2 diabetic patients treated with sulfonylureas."" Pharmacogenomics 10 (2009): 1781-7",https://ddinter.scbdd.com/ddinter/interact/1055368/,2026-09-09T19:17:58+00:00
1055379,1,"Jori A, Carrara MC ""On the mechanism of the hyperglycaemic effect of chlorpromazine."" J Pharm Pharmacol 18 (1966): 623-4",https://ddinter.scbdd.com/ddinter/interact/1055379,2026-09-09T18:42:13+00:00
1055379,2,"""Product Information. Dymelor (acetohexamide)"" Lilly, Eli and Company, Indianapolis, IN.",https://ddinter.scbdd.com/ddinter/interact/1055379,2026-09-09T18:42:13+00:00
1055379,3,"""Product Information. Thorazine (chlorpromazine)."" SmithKline Beecham, Philadelphia, PA.",https://ddinter.scbdd.com/ddinter/interact/1055379,2026-09-09T18:42:13+00:00
1055389,1,"Christensen LK, Hansen JM, Kristensen M ""Sulphaphenazole-induced hypoglycemic attacks in tolbutamide-treated diabetics."" Lancet 2 (1963): 1298-301",https://ddinter.scbdd.com/ddinter/interact/1055389/,2026-09-09T19:17:56+00:00
1055389,2,"Turtle JR, Burgess JA ""Hypoglycemic action of fenfluramine in diabetes mellitus."" Diabetes 22 (1973): 858-67",https://ddinter.scbdd.com/ddinter/interact/1055389/,2026-09-09T19:17:56+00:00
1055389,3,"Field JB, Ohta M, Boyle C, Remer A ""Potentiation of acetohexamide hypoglycemia by phenylbutazone."" N Engl J Med 277 (1967): 889-94",https://ddinter.scbdd.com/ddinter/interact/1055389/,2026-09-09T19:17:56+00:00
1055417,1,"Jaakkola T, Backman JT, Neuvonen M, Neuvonen PJ ""Effects of gemfibrozil, itraconazole, and their combination on the pharmacokinetics of pioglitazone."" Clin Pharmacol Ther 77 (2005): 404-14",https://ddinter.scbdd.com/ddinter/interact/1055417/,2026-09-09T18:41:28+00:00
1055417,2,"""Product Information. Sporanox (itraconazole)."" Janssen Pharmaceutica, Titusville, NJ.",https://ddinter.scbdd.com/ddinter/interact/1055417/,2026-09-09T18:41:28+00:00
1055417,3,"Niemi M, Backman JT, Neuvonen M, Neuvonen PJ ""Effects of gemfibrozil, itraconazole, and their combination on the pharmacokinetics and pharmacodynamics of repaglinide: potentially hazardous interaction between gemfibrozil and repaglinide."" Diabetologia 46 (2003): 347-51",https://ddinter.scbdd.com/ddinter/interact/1055417/,2026-09-09T18:41:28+00:00
1055424,1,"""Product Information. Cipro (ciprofloxacin)."" Bayer, West Haven, CT.",https://ddinter.scbdd.com/ddinter/interact/1055424/,2026-09-09T18:41:29+00:00
1055424,2,"Park-Wyllie LY, Juurlink DN, Kopp A, et al. ""Outpatient gatifloxacin therapy and dysglycemia in older adults."" N Engl J Med 354 (2006): 1352-61",https://ddinter.scbdd.com/ddinter/interact/1055424/,2026-09-09T18:41:29+00:00
1055424,3,"Saraya A, Yokokura M, Gonoi T, Seino S ""Effects of fluoroquinolones on insulin secretion and beta-cell ATP-sensitive K(+) channels."" Eur J Pharmacol 497 (2004): 111-7",https://ddinter.scbdd.com/ddinter/interact/1055424/,2026-09-09T18:41:29+00:00
1055480,1,"Jori A, Carrara MC ""On the mechanism of the hyperglycaemic effect of chlorpromazine."" J Pharm Pharmacol 18 (1966): 623-4",https://ddinter.scbdd.com/ddinter/interact/1055480,2026-09-09T18:42:12+00:00
1055480,2,"""Product Information. Dymelor (acetohexamide)"" Lilly, Eli and Company, Indianapolis, IN.",https://ddinter.scbdd.com/ddinter/interact/1055480,2026-09-09T18:42:12+00:00
1055480,3,"""Product Information. Thorazine (chlorpromazine)."" SmithKline Beecham, Philadelphia, PA.",https://ddinter.scbdd.com/ddinter/interact/1055480,2026-09-09T18:42:12+00:00
1055495,1,"Malherbe C, Burrill KC, Levin SR, Karam JH, Forsham PH ""Effect of diphenylhydantoin on insulin secretion in man."" N Engl J Med 286 (1972): 339-42",https://ddinter.scbdd.com/ddinter/interact/1055495/,2026-09-09T19:17:49+00:00
1055495,2,"Stambaugh JE, Tucker DC ""Effect of diphenylhydantoin on glucose tolerance in patients with hypoglycemia."" Diabetes 23 (1974): 679-83",https://ddinter.scbdd.com/ddinter/interact/1055495/,2026-09-09T19:17:49+00:00
1055495,3,"Tassaneeyakul W, Veronese ME, Birkett VDJ, et al. ""Co-regulation of phenytoin and tolbutamide metabolism in humans."" Br J Clin Pharmacol 34 (1992): 494-8",https://ddinter.scbdd.com/ddinter/interact/1055495/,2026-09-09T19:17:49+00:00
1055513,1,"Jori A, Carrara MC ""On the mechanism of the hyperglycaemic effect of chlorpromazine."" J Pharm Pharmacol 18 (1966): 623-4",https://ddinter.scbdd.com/ddinter/interact/1055513,2026-09-09T18:42:13+00:00
1055513,2,"""Product Information. Dymelor (acetohexamide)"" Lilly, Eli and Company, Indianapolis, IN.",https://ddinter.scbdd.com/ddinter/interact/1055513,2026-09-09T18:42:13+00:00
1055513,3,"""Product Information. Thorazine (chlorpromazine)."" SmithKline Beecham, Philadelphia, PA.",https://ddinter.scbdd.com/ddinter/interact/1055513,2026-09-09T18:42:13+00:00
1055518,1,"Christensen LK, Hansen JM, Kristensen M ""Sulphaphenazole-induced hypoglycemic attacks in tolbutamide-treated diabetics."" Lancet 2 (1963): 1298-301",https://ddinter.scbdd.com/ddinter/interact/1055518/,2026-09-09T19:18:03+00:00
1055518,2,"Turtle JR, Burgess JA ""Hypoglycemic action of fenfluramine in diabetes mellitus."" Diabetes 22 (1973): 858-67",https://ddinter.scbdd.com/ddinter/interact/1055518/,2026-09-09T19:18:03+00:00
1055518,3,"Field JB, Ohta M, Boyle C, Remer A ""Potentiation of acetohexamide hypoglycemia by phenylbutazone."" N Engl J Med 277 (1967): 889-94",https://ddinter.scbdd.com/ddinter/interact/1055518/,2026-09-09T19:18:03+00:00
1055522,1,"Borcherding SM, Baciewicz AM, Self TH ""Update on rifampin drug interactions."" Arch Intern Med 152 (1992): 711-6",https://ddinter.scbdd.com/ddinter/interact/1055522/,2026-09-09T18:41:30+00:00
1055522,2,"""Product Information. Mycobutin (rifabutin)."" Pharmacia and Upjohn, Kalamazoo, MI.",https://ddinter.scbdd.com/ddinter/interact/1055522/,2026-09-09T18:41:30+00:00
1055522,3,"Kihara Y, Otsuki M ""Interaction of gliclazide and rifampicin."" Diabetes Care 23 (2000): 1204-5",https://ddinter.scbdd.com/ddinter/interact/1055522/,2026-09-09T18:41:30+00:00
1055524,1,"Jori A, Carrara MC ""On the mechanism of the hyperglycaemic effect of chlorpromazine."" J Pharm Pharmacol 18 (1966): 623-4",https://ddinter.scbdd.com/ddinter/interact/1055524,2026-09-09T18:42:13+00:00
1055524,2,"""Product Information. Dymelor (acetohexamide)"" Lilly, Eli and Company, Indianapolis, IN.",https://ddinter.scbdd.com/ddinter/interact/1055524,2026-09-09T18:42:13+00:00
1055524,3,"""Product Information. Thorazine (chlorpromazine)."" SmithKline Beecham, Philadelphia, PA.",https://ddinter.scbdd.com/ddinter/interact/1055524,2026-09-09T18:42:13+00:00
1055586,1,"""Product Information. Amaryl (glimepiride)."" Hoechst Marion-Roussel Inc, Kansas City, MO.",https://ddinter.scbdd.com/ddinter/interact/1055586/,2026-09-09T19:18:02+00:00
1055586,2,"Skillman TG, Feldman JM ""The pharmacology of sulfonylureas."" Am J Med 70 (1981): 361-72",https://ddinter.scbdd.com/ddinter/interact/1055586/,2026-09-09T19:18:02+00:00
1055586,3,"Jerntorp P, Almer LO ""Chlorpropamide-alcohol flushing in relation to macroangiopathy and peripheral neuropathy in non-insulin dependent diabetes."" Acta Med Scand 656 (1981): 33-6",https://ddinter.scbdd.com/ddinter/interact/1055586/,2026-09-09T19:18:02+00:00
1055753,1,"""Product Information. Seroquel (quetiapine)."" Zeneca Pharmaceuticals, Wilmington, DE.",https://ddinter.scbdd.com/ddinter/interact/1055753/,2026-09-09T19:17:51+00:00
1055753,2,"""Product Information. Rexulti (brexpiprazole)."" Otsuka American Pharmaceuticals Inc, Rockville, MD.",https://ddinter.scbdd.com/ddinter/interact/1055753/,2026-09-09T19:17:51+00:00
1055753,3,"""Product Information. Clozaril (clozapine)."" Novartis Pharmaceuticals, East Hanover, NJ.",https://ddinter.scbdd.com/ddinter/interact/1055753/,2026-09-09T19:17:51+00:00
1055763,1,"""Product Information. Seroquel (quetiapine)."" Zeneca Pharmaceuticals, Wilmington, DE.",https://ddinter.scbdd.com/ddinter/interact/1055763/,2026-09-09T19:18:05+00:00
1055763,2,"""Product Information. Rexulti (brexpiprazole)."" Otsuka American Pharmaceuticals Inc, Rockville, MD.",https://ddinter.scbdd.com/ddinter/interact/1055763/,2026-09-09T19:18:05+00:00
1055763,3,"""Product Information. Clozaril (clozapine)."" Novartis Pharmaceuticals, East Hanover, NJ.",https://ddinter.scbdd.com/ddinter/interact/1055763/,2026-09-09T19:18:05+00:00
1055764,1,"""Product Information. Seroquel (quetiapine)."" Zeneca Pharmaceuticals, Wilmington, DE.",https://ddinter.scbdd.com/ddinter/interact/1055764/,2026-09-09T19:17:52+00:00
1055764,2,"""Product Information. Rexulti (brexpiprazole)."" Otsuka American Pharmaceuticals Inc, Rockville, MD.",https://ddinter.scbdd.com/ddinter/interact/1055764/,2026-09-09T19:17:52+00:00
1055764,3,"""Product Information. Clozaril (clozapine)."" Novartis Pharmaceuticals, East Hanover, NJ.",https://ddinter.scbdd.com/ddinter/interact/1055764/,2026-09-09T19:17:52+00:00
1057339,1,"Cerner Multum, Inc. ""Australian Product Information."" O 0",https://ddinter.scbdd.com/ddinter/interact/1057339/,2026-09-09T19:18:12+00:00
1057339,2,"Tett S, Carey D, Lee H-S ""Drug interactions with fluconazole."" Med J Aust 156 (1992): 365",https://ddinter.scbdd.com/ddinter/interact/1057339/,2026-09-09T19:18:12+00:00
1057339,3,"Rajasingham R, Meya DB, Boulware DR ""Are fluconazole or sertraline dose adjustments necessary with concomitant rifampin?"" HIV Med 19 (2018): e64-5",https://ddinter.scbdd.com/ddinter/interact/1057339/,2026-09-09T19:18:12+00:00
1057341,1,"Thijssen HH, Flin ois JP, Beaune PH ""Cytochrome P4502C9 is the principal catalyst of racemic acenocoumarol hydroxylation reactions in human liver microsomes."" Drug Metab Dispos 28 (2000): 1284-90",https://ddinter.scbdd.com/ddinter/interact/1057341/,2026-09-09T19:18:08+00:00
1057341,2,"Heimark LD, Gilbaldi M, Trager WF, et al ""The mechanism of the warfarin-rifampin drug interaction in humans."" Clin Pharmacol Ther 42 (1987): 388-94",https://ddinter.scbdd.com/ddinter/interact/1057341/,2026-09-09T19:18:08+00:00
1057341,3,"O'Reilly RA ""Interaction of chronic daily warfarin therapy and rifampin."" Ann Intern Med 83 (1975): 506-8",https://ddinter.scbdd.com/ddinter/interact/1057341/,2026-09-09T19:18:08+00:00
1057556,1,"Castro VM, Clements CC, Murphy SN, et al. ""QT interval and antidepressant use: a cross sectional study of electronic health records."" BMJ 346 (2013): f288",https://ddinter.scbdd.com/ddinter/interact/1057556/,2026-09-09T18:41:30+00:00
1057556,2,"""Product Information. Lexapro (escitalopram)."" Forest Pharmaceuticals, St. Louis, MO.",https://ddinter.scbdd.com/ddinter/interact/1057556/,2026-09-09T18:41:30+00:00
1057556,3,"Agencia Española de Medicamentos y Productos Sanitarios Healthcare ""Centro de información online de medicamentos de la AEMPS - CIMA. Available from: URL: https://cima.aemps.es/cima/publico/home.html."" ([2018]):",https://ddinter.scbdd.com/ddinter/interact/1057556/,2026-09-09T18:41:30+00:00
1057576,1,"EMA. European Medicines Agency. European Union ""EMA - List of medicines under additional monitoring. Available from: URL: http://www.ema.europa.eu/ema/index.jsp?curl=pages/regulation/document_listing/document_listing_000366.jsp&mid=WC0b01ac058067c852"" ([2013 - ]):",https://ddinter.scbdd.com/ddinter/interact/1057576/,2026-09-09T19:18:15+00:00
1057576,2,"Witchel HJ, Hancox JC, Nutt DJ ""Psychotropic drugs, cardiac arrhythmia, and sudden death."" J Clin Psychopharmacol 23 (2003): 58-77",https://ddinter.scbdd.com/ddinter/interact/1057576/,2026-09-09T19:18:15+00:00
1057576,3,"Iannini PB ""Cardiotoxicity of macrolides, ketolides and fluoroquinolones that prolong the QTc interval."" Expert Opin Drug Saf 1 (2002): 121-8",https://ddinter.scbdd.com/ddinter/interact/1057576/,2026-09-09T19:18:15+00:00
1057587,1,"Cerner Multum, Inc. ""UK Summary of Product Characteristics."" O 0",https://ddinter.scbdd.com/ddinter/interact/1057587/,2026-09-09T19:18:13+00:00
1057587,2,"Cerner Multum, Inc. ""Australian Product Information."" O 0",https://ddinter.scbdd.com/ddinter/interact/1057587/,2026-09-09T19:18:13+00:00
1057663,1,"Bienentreu SD, Kronmuller KT ""Increase in risperidone plasma level with lamotrigine."" Am J Psychiatry 162 (2005): 811-2",https://ddinter.scbdd.com/ddinter/interact/1057663/,2026-09-09T19:18:10+00:00
1057663,2,"""Product Information. Risperdal (risperidone)."" Janssen Pharmaceutica, Titusville, NJ.",https://ddinter.scbdd.com/ddinter/interact/1057663/,2026-09-09T19:18:10+00:00
1057663,3,"""Product Information. Fycompa (perampanel)."" Eisai Inc, Teaneck, NJ.",https://ddinter.scbdd.com/ddinter/interact/1057663/,2026-09-09T19:18:10+00:00
1057673,1,"Iannini PB ""Cardiotoxicity of macrolides, ketolides and fluoroquinolones that prolong the QTc interval."" Expert Opin Drug Saf 1 (2002): 121-8",https://ddinter.scbdd.com/ddinter/interact/1057673/,2026-09-09T18:41:33+00:00
1057673,2,"Cerner Multum, Inc. ""Australian Product Information."" O 0",https://ddinter.scbdd.com/ddinter/interact/1057673/,2026-09-09T18:41:33+00:00
1057673,3,"""Product Information. Levaquin (levofloxacin)."" Ortho Pharmaceutical Corporation, Raritan, NJ.",https://ddinter.scbdd.com/ddinter/interact/1057673/,2026-09-09T18:41:33+00:00
1057686,1,"""Product Information. Seroquel (quetiapine)."" Zeneca Pharmaceuticals, Wilmington, DE.",https://ddinter.scbdd.com/ddinter/interact/1057686/,2026-09-09T19:18:19+00:00
1057686,2,"""Product Information. Rexulti (brexpiprazole)."" Otsuka American Pharmaceuticals Inc, Rockville, MD.",https://ddinter.scbdd.com/ddinter/interact/1057686/,2026-09-09T19:18:19+00:00
1057686,3,"""Product Information. Clozaril (clozapine)."" Novartis Pharmaceuticals, East Hanover, NJ.",https://ddinter.scbdd.com/ddinter/interact/1057686/,2026-09-09T19:18:19+00:00
1057714,1,"Kounas SP, Letsas KP, Sideris A, Efraimidis M, Kardaras F ""QT interval prolongation and torsades de pointes due to a coadministration of metronidazole and amiodarone."" Pacing Clin Electrophysiol 28 (2005): 472-3",https://ddinter.scbdd.com/ddinter/interact/1057714/,2026-09-09T19:18:31+00:00
1057714,2,"Giannini AJ, DeFrance DT ""Metronidazole and alcohol: potential for combinative abuse."" J Toxicol Clin Toxicol 20 (1983): 509-15",https://ddinter.scbdd.com/ddinter/interact/1057714/,2026-09-09T19:18:31+00:00
1057714,3,"""Product Information. Benznidazole (benznidazole)."" Everett Laboratories Inc, West Orange, NJ.",https://ddinter.scbdd.com/ddinter/interact/1057714/,2026-09-09T19:18:31+00:00
1057741,1,"Kulik AV, Wilbur R ""Delirium and stereotypy from anticholinergic antiparkinson drugs."" Prog Neuropsychopharmacol Biol Psychiatry 6 (1982): 75-82",https://ddinter.scbdd.com/ddinter/interact/1057741,2026-09-09T18:42:12+00:00
1057741,2,"Mann SC, Boger WP ""Psychotropic drugs, summer heat and humidity, and hyperplexia: a danger restated."" Am J Psychiatry 135 (1978): 1097-100",https://ddinter.scbdd.com/ddinter/interact/1057741,2026-09-09T18:42:12+00:00
1057741,3,"Warnes H, Lehmann HE, Ban TA ""Adynamic ileus during psychoactive medication: a report of three fatal and five severe cases."" Can Med Assoc J 96 (1967): 1112-3",https://ddinter.scbdd.com/ddinter/interact/1057741,2026-09-09T18:42:12+00:00
1057780,1,"""Product Information. Belsomra (suvorexant)."" Merck & Company Inc, Whitehouse Station, NJ.",https://ddinter.scbdd.com/ddinter/interact/1057780/,2026-09-09T19:18:32+00:00
1057780,2,"Divoll M, Greenblatt DJ, Lacasse Y, Shader RI ""Benzodiazepine overdosage: plasma concentrations and clinical outcome."" Psychopharmacology (Berl) 73 (1981): 381-3",https://ddinter.scbdd.com/ddinter/interact/1057780/,2026-09-09T19:18:32+00:00
1057780,3,"Grabowski BS, Cady WJ, Young WW, Emery JF ""Effects of acute alcohol administration on propranolol absorption."" Int J Clin Pharmacol Ther Toxicol 18 (1980): 317-9",https://ddinter.scbdd.com/ddinter/interact/1057780/,2026-09-09T19:18:32+00:00
1057806,1,"Glassman AH, Bigger JT Jr ""Antipsychotic drugs: prolonged QTc interval, torsade de pointes, and sudden death."" Am J Psychiatry 158 (2001): 1774-82",https://ddinter.scbdd.com/ddinter/interact/1057806/,2026-09-09T19:18:34+00:00
1057806,2,"EMA. European Medicines Agency. European Union ""EMA - List of medicines under additional monitoring. Available from: URL: http://www.ema.europa.eu/ema/index.jsp?curl=pages/regulation/document_listing/document_listing_000366.jsp&mid=WC0b01ac058067c852"" ([2013 - ]):",https://ddinter.scbdd.com/ddinter/interact/1057806/,2026-09-09T19:18:34+00:00
1057806,3,"Canadian Pharmacists Association ""e-CPS. Available from: URL: http://www.pharmacists.ca/function/Subscriptions/ecps.cfm?link=eCPS_quikLink.""",https://ddinter.scbdd.com/ddinter/interact/1057806/,2026-09-09T19:18:34+00:00
1057811,1,"""Product Information. Seroquel (quetiapine)."" Zeneca Pharmaceuticals, Wilmington, DE.",https://ddinter.scbdd.com/ddinter/interact/1057811/,2026-09-09T19:18:25+00:00
1057811,2,"""Product Information. Rexulti (brexpiprazole)."" Otsuka American Pharmaceuticals Inc, Rockville, MD.",https://ddinter.scbdd.com/ddinter/interact/1057811/,2026-09-09T19:18:25+00:00
1057811,3,"""Product Information. Clozaril (clozapine)."" Novartis Pharmaceuticals, East Hanover, NJ.",https://ddinter.scbdd.com/ddinter/interact/1057811/,2026-09-09T19:18:25+00:00
1057855,1,"EMA. European Medicines Agency. European Union ""EMA - List of medicines under additional monitoring. Available from: URL: http://www.ema.europa.eu/ema/index.jsp?curl=pages/regulation/document_listing/document_listing_000366.jsp&mid=WC0b01ac058067c852"" ([2013 - ]):",https://ddinter.scbdd.com/ddinter/interact/1057855/,2026-09-09T19:18:22+00:00
1057855,2,"Witchel HJ, Hancox JC, Nutt DJ ""Psychotropic drugs, cardiac arrhythmia, and sudden death."" J Clin Psychopharmacol 23 (2003): 58-77",https://ddinter.scbdd.com/ddinter/interact/1057855/,2026-09-09T19:18:22+00:00
1057855,3,"Iannini PB ""Cardiotoxicity of macrolides, ketolides and fluoroquinolones that prolong the QTc interval."" Expert Opin Drug Saf 1 (2002): 121-8",https://ddinter.scbdd.com/ddinter/interact/1057855/,2026-09-09T19:18:22+00:00
1057909,1,"EMA. European Medicines Agency. European Union ""EMA - List of medicines under additional monitoring. Available from: URL: http://www.ema.europa.eu/ema/index.jsp?curl=pages/regulation/document_listing/document_listing_000366.jsp&mid=WC0b01ac058067c852"" ([2013 - ]):",https://ddinter.scbdd.com/ddinter/interact/1057909/,2026-09-09T19:18:24+00:00
1057909,2,"Witchel HJ, Hancox JC, Nutt DJ ""Psychotropic drugs, cardiac arrhythmia, and sudden death."" J Clin Psychopharmacol 23 (2003): 58-77",https://ddinter.scbdd.com/ddinter/interact/1057909/,2026-09-09T19:18:24+00:00
1057909,3,"Iannini PB ""Cardiotoxicity of macrolides, ketolides and fluoroquinolones that prolong the QTc interval."" Expert Opin Drug Saf 1 (2002): 121-8",https://ddinter.scbdd.com/ddinter/interact/1057909/,2026-09-09T19:18:24+00:00
1068313,1,"""Product Information. Lexapro (escitalopram)."" Forest Pharmaceuticals, St. Louis, MO.",https://ddinter.scbdd.com/ddinter/interact/1068313/,2026-09-09T18:41:32+00:00
1068313,2,"""Product Information. Celexa (citalopram)."" Forest Pharmaceuticals, St. Louis, MO.",https://ddinter.scbdd.com/ddinter/interact/1068313/,2026-09-09T18:41:32+00:00
1068313,3,"Warrington SJ, Ankier SI, Turner P ""Evaluation of possible interactions between ethanol and trazodone or amitriptyline."" Neuropsychobiology 15 (1986): 31-7",https://ddinter.scbdd.com/ddinter/interact/1068313/,2026-09-09T18:41:32+00:00
1068445,1,"Cerner Multum, Inc. ""UK Summary of Product Characteristics."" O 0",https://ddinter.scbdd.com/ddinter/interact/1068445/,2026-09-09T19:18:27+00:00
1068445,2,"""Product Information. Sporanox (itraconazole)."" Janssen Pharmaceutica, Titusville, NJ.",https://ddinter.scbdd.com/ddinter/interact/1068445/,2026-09-09T19:18:27+00:00
1068445,3,"Cerner Multum, Inc. ""Australian Product Information."" O 0",https://ddinter.scbdd.com/ddinter/interact/1068445/,2026-09-09T19:18:27+00:00
1068463,1,"DeVane CL, Nemeroff CB ""Clinical pharmacokinetics of quetiapine - An atypical antipsychotic."" Clin Pharmacokinet 40 (2001): 509-22",https://ddinter.scbdd.com/ddinter/interact/1068463/,2026-09-09T19:18:20+00:00
1068463,2,"Hantson P, Di Fazio V, Wallemacq P ""Toxicokinetic interaction between quetiapine and antiretroviral therapy following quetiapine overdose."" Drug Metab Lett 4 (2010): 7-8",https://ddinter.scbdd.com/ddinter/interact/1068463/,2026-09-09T19:18:20+00:00
1068463,3,"Geraci MJ, McCoy SL, Crum PM, Patel RA ""Antipsychotic-induced priapism in an HIV patient: a cytochrome P450-mediated drug interaction."" Int J Emerg Med 3 (2010): 81-4",https://ddinter.scbdd.com/ddinter/interact/1068463/,2026-09-09T19:18:20+00:00
1068476,1,"Brass C, Galgiani JN, Blaschke TF, et al ""Disposition of ketoconazole, an oral antifungal, in humans."" Antimicrob Agents Chemother 21 (1982): 151-8",https://ddinter.scbdd.com/ddinter/interact/1068476/,2026-09-09T18:41:33+00:00
1068476,2,"Engelhard D, Stutman HR, Marks MI ""Interaction of ketoconazole with rifampin and isoniazid."" N Engl J Med 311 (1984): 1681-3",https://ddinter.scbdd.com/ddinter/interact/1068476/,2026-09-09T18:41:33+00:00
1068476,3,"Tucker RM, Denning DW, Hanson LH, et al ""Interaction of azoles with rifampin, phenytoin, and carbamazepine: in vitro and clinical observations."" Clin Infect Dis 14 (1992): 165-74",https://ddinter.scbdd.com/ddinter/interact/1068476/,2026-09-09T18:41:33+00:00
1068481,1,"""Product Information. Xarelto (rivaroxaban)."" Bayer Inc, Toronto, IA.",https://ddinter.scbdd.com/ddinter/interact/1068481/,2026-09-09T18:41:33+00:00
1068481,2,"Cerner Multum, Inc. ""Australian Product Information."" O 0",https://ddinter.scbdd.com/ddinter/interact/1068481/,2026-09-09T18:41:33+00:00
1068481,3,"""Product Information. Sporanox (itraconazole)."" Janssen Pharmaceutica, Titusville, NJ.",https://ddinter.scbdd.com/ddinter/interact/1068481/,2026-09-09T18:41:33+00:00
1068485,1,"Holtzman CW, Wiggins BS, Spinler SA ""Role of P-glycoprotein in statin drug interactions."" Pharmacotherapy 26 (2006): 1601-7",https://ddinter.scbdd.com/ddinter/interact/1068485/,2026-09-09T19:18:17+00:00
1068485,2,"""Product Information. Crestor (rosuvastatin)."" AstraZeneca Pharma Inc, Mississauga, ON.",https://ddinter.scbdd.com/ddinter/interact/1068485/,2026-09-09T19:18:17+00:00
1068485,3,"""Product Information. Sporanox oral solution (itraconazole)."" Janssen Pharmaceutica, Titusville, NJ.",https://ddinter.scbdd.com/ddinter/interact/1068485/,2026-09-09T19:18:17+00:00
1068497,1,"Canadian Pharmacists Association ""e-CPS. Available from: URL: http://www.pharmacists.ca/function/Subscriptions/ecps.cfm?link=eCPS_quikLink.""",https://ddinter.scbdd.com/ddinter/interact/1068497/,2026-09-09T19:18:29+00:00
1068497,2,"Neuvonen PJ, Kantola T, Kivisto KT ""Simvastatin but not pravastatin is very susceptible to interaction with the CYP3A4 inhibitor itraconazole."" Clin Pharmacol Ther 63 (1998): 332-41",https://ddinter.scbdd.com/ddinter/interact/1068497/,2026-09-09T19:18:29+00:00
1068497,3,"Holtzman CW, Wiggins BS, Spinler SA ""Role of P-glycoprotein in statin drug interactions."" Pharmacotherapy 26 (2006): 1601-7",https://ddinter.scbdd.com/ddinter/interact/1068497/,2026-09-09T19:18:29+00:00
1068510,1,"""Product Information. VFEND (voriconazole)."" Pfizer U.S. Pharmaceuticals, New York, NY.",https://ddinter.scbdd.com/ddinter/interact/1068510/,2026-09-09T19:18:39+00:00
1068510,2,"Katari SR, Magnone M, Shapiro R, et al ""Clinical features of acute reversible tacrolimus (FK 506) nephrotoxicity in kidney transplant recipients."" Clin Transplant 11 (1997): 237-42",https://ddinter.scbdd.com/ddinter/interact/1068510/,2026-09-09T19:18:39+00:00
1068510,3,"Assan R, Fredj G, Larger E, Feutren G, Bismuth H ""FK 506/fluconazole interaction enhances FK 506 nephrotoxicity."" Diabete Metab 20 (1994): 49-52",https://ddinter.scbdd.com/ddinter/interact/1068510/,2026-09-09T19:18:39+00:00
1068524,1,"Cerner Multum, Inc. ""UK Summary of Product Characteristics."" O 0",https://ddinter.scbdd.com/ddinter/interact/1068524/,2026-09-09T18:41:34+00:00
1068524,2,"Cerner Multum, Inc. ""Australian Product Information."" O 0",https://ddinter.scbdd.com/ddinter/interact/1068524/,2026-09-09T18:41:34+00:00
1068524,3,"""Product Information. Brilinta (ticagrelor)."" Astra-Zeneca Pharmaceuticals, Wilmington, DE.",https://ddinter.scbdd.com/ddinter/interact/1068524/,2026-09-09T18:41:34+00:00
1068547,1,"""Product Information. Effexor (venlafaxine)."" Wyeth-Ayerst Laboratories, Philadelphia, PA.",https://ddinter.scbdd.com/ddinter/interact/1068547/,2026-09-09T19:18:36+00:00
1068547,2,"Cerner Multum, Inc. ""UK Summary of Product Characteristics."" O 0",https://ddinter.scbdd.com/ddinter/interact/1068547/,2026-09-09T19:18:36+00:00
1068547,3,"Cerner Multum, Inc. ""Australian Product Information."" O 0",https://ddinter.scbdd.com/ddinter/interact/1068547/,2026-09-09T19:18:36+00:00
1068556,1,"Brass C, Galgiani JN, Blaschke TF, et al ""Disposition of ketoconazole, an oral antifungal, in humans."" Antimicrob Agents Chemother 21 (1982): 151-8",https://ddinter.scbdd.com/ddinter/interact/1068556/,2026-09-09T19:18:41+00:00
1068556,2,"Wells PS, Holbrook AM, Crowther NR, Hirsh J ""Interactions of warfarin with drugs and food."" Ann Intern Med 121 (1994): 676-83",https://ddinter.scbdd.com/ddinter/interact/1068556/,2026-09-09T19:18:41+00:00
1068556,3,"Smith AG ""Potentiation of oral anticoagulants by ketoconazole."" Br Med J 288 (1984): 188-9",https://ddinter.scbdd.com/ddinter/interact/1068556/,2026-09-09T19:18:41+00:00
1069719,1,"Bannister SJ, Houser VP, Hulse JD, Kisicki JC, Rasmussen JG ""Evaluation of the potential for interactions of paroxetine with diazepam, cimetidine, warfarin, and digoxin."" Acta Psychiatr Scand Suppl 350 (1989): 102-6",https://ddinter.scbdd.com/ddinter/interact/1069719/,2026-09-09T18:41:34+00:00
1069719,2,"Skop BP, Brown TM ""Potential vascular and bleeding complications of treatment with selective serotonin reuptake inhibitors."" Psychosomatics 37 (1996): 12-6",https://ddinter.scbdd.com/ddinter/interact/1069719/,2026-09-09T18:41:34+00:00
1069719,3,"Settle EC ""Antidepressant drugs: disturbing and potentially dangerous adverse effects."" J Clin Psychiatry 59 Suppl 16 (1998): 25-30",https://ddinter.scbdd.com/ddinter/interact/1069719/,2026-09-09T18:41:34+00:00
1069740,1,"Thijssen HH, Flin ois JP, Beaune PH ""Cytochrome P4502C9 is the principal catalyst of racemic acenocoumarol hydroxylation reactions in human liver microsomes."" Drug Metab Dispos 28 (2000): 1284-90",https://ddinter.scbdd.com/ddinter/interact/1069740/,2026-09-09T19:18:38+00:00
1069740,2,"Holechek MJ ""Medication review: fluconazole."" ANNA J 18 (1991): 585-6",https://ddinter.scbdd.com/ddinter/interact/1069740/,2026-09-09T19:18:38+00:00
1069740,3,"Venkatakrishnan K, vonMoltke LL, Greenblatt DJ ""Effects of the antifungal agents on oxidative drug metabolism - Clinical relevance."" Clin Pharmacokinet 38 (2000): 111-80",https://ddinter.scbdd.com/ddinter/interact/1069740/,2026-09-09T19:18:38+00:00
1069772,1,"""Product Information. Coumadin (warfarin)."" DuPont Pharmaceuticals, Wilmington, DE.",https://ddinter.scbdd.com/ddinter/interact/1069772/,2026-09-09T19:18:43+00:00
1069772,2,"""Product Information. Heparin Sodium (heparin)."" Lilly, Eli and Company, Indianapolis, IN.",https://ddinter.scbdd.com/ddinter/interact/1069772/,2026-09-09T19:18:43+00:00
1069772,3,"Guo LQ, Yamazoe Y ""Inhibition of cytochrome P450 by furanocoumarins in grapefruit juice and herbal medicines."" Acta Pharmacol Sin 25 (2004): 129-36",https://ddinter.scbdd.com/ddinter/interact/1069772/,2026-09-09T19:18:43+00:00
1069804,1,"Arnold LM, Nissen LR, Ng TM ""Moxifloxacin and warfarin: additional evidence for a clinically relevant interaction."" Pharmacotherapy 25 (2005): 904-7",https://ddinter.scbdd.com/ddinter/interact/1069804/,2026-09-09T18:41:36+00:00
1069804,2,"Bianco TM, Bussey HI, Farnett LE, Linn WD, Roush MK, Wong YW ""Potential warfarin-ciprofloxacin interaction in patients receiving long-term anticoagulation."" Pharmacotherapy 12 (1992): 435-9",https://ddinter.scbdd.com/ddinter/interact/1069804/,2026-09-09T18:41:36+00:00
1069804,3,"Glasheen JJ, Fugit RV, Prochazka AV ""Effect of levofloxacin coadministration on the international normalized ratios during warfarin therapy--a comment."" Pharmacotherapy 23 (2003): 1079-80; discussion 1080",https://ddinter.scbdd.com/ddinter/interact/1069804/,2026-09-09T18:41:36+00:00
1069875,1,"Koch-Weser J, Sellers EM ""Drug interactions with coumarin anticoagulants (first of two parts)."" N Engl J Med 285 (1971): 487-98",https://ddinter.scbdd.com/ddinter/interact/1069875/,2026-09-09T19:18:44+00:00
1069875,2,"Koch-Weser J, Sellers EM ""Drug interactions with coumarin anticoagulants (second of two parts)."" N Engl J Med 285 (1971): 547-58",https://ddinter.scbdd.com/ddinter/interact/1069875/,2026-09-09T19:18:44+00:00
1069875,3,"Nappi JM ""Warfarin and phenytoin interaction."" Ann Intern Med 90 (1979): 852",https://ddinter.scbdd.com/ddinter/interact/1069875/,2026-09-09T19:18:44+00:00
1069894,1,"""Product Information. Seroquel (quetiapine)."" Zeneca Pharmaceuticals, Wilmington, DE.",https://ddinter.scbdd.com/ddinter/interact/1069894/,2026-09-09T19:18:56+00:00
1069894,2,"DeVane CL, Nemeroff CB ""Clinical pharmacokinetics of quetiapine - An atypical antipsychotic."" Clin Pharmacokinet 40 (2001): 509-22",https://ddinter.scbdd.com/ddinter/interact/1069894/,2026-09-09T19:18:56+00:00
1069894,3,"Rogers T, deLeon J, Atcher D ""Possible interaction between warfarin and quetiapine."" J Clin Psychopharmacol 19 (1999): 382-3",https://ddinter.scbdd.com/ddinter/interact/1069894/,2026-09-09T19:18:56+00:00
1069905,1,"""Product Information. Xarelto (rivaroxaban)."" Bayer Inc, Toronto, IA.",https://ddinter.scbdd.com/ddinter/interact/1069905/,2026-09-09T18:41:35+00:00
1069908,1,"""Product Information. Crestor (rosuvastatin)."" AstraZeneca Pharma Inc, Mississauga, ON.",https://ddinter.scbdd.com/ddinter/interact/1069908/,2026-09-09T19:18:55+00:00
1069908,2,"Guo LQ, Yamazoe Y ""Inhibition of cytochrome P450 by furanocoumarins in grapefruit juice and herbal medicines."" Acta Pharmacol Sin 25 (2004): 129-36",https://ddinter.scbdd.com/ddinter/interact/1069908/,2026-09-09T19:18:55+00:00
1069908,3,"Bodiford AB, Kessler FO, Fermo JD, Ragucci KR ""Elevated international normalized ratio with the consumption of grapefruit and use of warfarin."" SAGE Open Med Case Rep 0 (2013): 1-3",https://ddinter.scbdd.com/ddinter/interact/1069908/,2026-09-09T19:18:55+00:00
1069924,1,"Lin JC, Ito MK, Stolley SN, Morreale AP, Marcus DB ""The effect of converting from pravastatin to simvastatin on the pharmacodynamics of warfarin."" J Clin Pharmacol 39 (1999): 86-90",https://ddinter.scbdd.com/ddinter/interact/1069924/,2026-09-09T19:18:51+00:00
1069924,2,"Gaw A, Wosornu D ""Simvastatin during warfarin therapy in hyperlipoproteinaemia."" Lancet 340 (1992): 979-80",https://ddinter.scbdd.com/ddinter/interact/1069924/,2026-09-09T19:18:51+00:00
1069924,3,"Mauro VF ""Clinical pharmacokinetics and practical applications of simvastatin."" Clin Pharmacokinet 24 (1993): 195-202",https://ddinter.scbdd.com/ddinter/interact/1069924/,2026-09-09T19:18:51+00:00
1069956,1,"Cerner Multum, Inc. ""UK Summary of Product Characteristics."" O 0",https://ddinter.scbdd.com/ddinter/interact/1069956/,2026-09-09T18:41:37+00:00
1069956,2,"""Product Information. Brilinta (ticagrelor)."" Astra-Zeneca Pharmaceuticals, Wilmington, DE.",https://ddinter.scbdd.com/ddinter/interact/1069956/,2026-09-09T18:41:37+00:00
1069987,1,"Bannister SJ, Houser VP, Hulse JD, Kisicki JC, Rasmussen JG ""Evaluation of the potential for interactions of paroxetine with diazepam, cimetidine, warfarin, and digoxin."" Acta Psychiatr Scand Suppl 350 (1989): 102-6",https://ddinter.scbdd.com/ddinter/interact/1069987/,2026-09-09T19:18:58+00:00
1069987,2,"Skop BP, Brown TM ""Potential vascular and bleeding complications of treatment with selective serotonin reuptake inhibitors."" Psychosomatics 37 (1996): 12-6",https://ddinter.scbdd.com/ddinter/interact/1069987/,2026-09-09T19:18:58+00:00
1069987,3,"Settle EC ""Antidepressant drugs: disturbing and potentially dangerous adverse effects."" J Clin Psychiatry 59 Suppl 16 (1998): 25-30",https://ddinter.scbdd.com/ddinter/interact/1069987/,2026-09-09T19:18:58+00:00
1074266,1,"""Product Information. Savella (milnacipran)."" Forest Pharmaceuticals, St. Louis, MO.",https://ddinter.scbdd.com/ddinter/interact/1074266/,2026-09-09T18:41:37+00:00
1074266,2,"Belcastro V, Costa C, Striano P ""Levetiracetam-associated hyponatremia."" Seizure 17 (2008): 389-90",https://ddinter.scbdd.com/ddinter/interact/1074266/,2026-09-09T18:41:37+00:00
1074266,3,"Gandhi S, McArthur E, Mamdani MM, et.al ""Antiepileptic drugs and hyponatremia in older adults: Two population-based cohort studies."" Epilepsia 57 (2016): 2067-79",https://ddinter.scbdd.com/ddinter/interact/1074266/,2026-09-09T18:41:37+00:00
1074330,1,"""Product Information. Lamictal (lamotrigine)."" Glaxo Wellcome, Research Triangle Park, NC.",https://ddinter.scbdd.com/ddinter/interact/1074330/,2026-09-09T19:18:46+00:00
1074330,2,"Jann MW, Hon YY, Shamsi SA, Zheng J, Awad EA, Spratlin V ""Lack of pharmacokinetic interaction between lamotrigine and olanzapine in healthy volunteers."" Pharmacotherapy 26 (2006): 627-33",https://ddinter.scbdd.com/ddinter/interact/1074330/,2026-09-09T19:18:46+00:00
1074330,3,"Warrington SJ, Ankier SI, Turner P ""Evaluation of possible interactions between ethanol and trazodone or amitriptyline."" Neuropsychobiology 15 (1986): 31-7",https://ddinter.scbdd.com/ddinter/interact/1074330/,2026-09-09T19:18:46+00:00
1074348,1,"""Product Information. Lamictal (lamotrigine)."" Glaxo Wellcome, Research Triangle Park, NC.",https://ddinter.scbdd.com/ddinter/interact/1074348/,2026-09-09T19:18:48+00:00
1074348,2,"Patsalos PN, Perucca E ""Clinically important drug interactions in epilepsy: general features and interactions between antiepileptic drugs."" Lancet Neurol 2 (2003): 347-56",https://ddinter.scbdd.com/ddinter/interact/1074348/,2026-09-09T19:18:48+00:00
1074348,3,"Patsalos PN, Froscher W, Pisani F, van Rijn CM ""The importance of drug interactions in epilepsy therapy."" Epilepsia 43 (2002): 365-385",https://ddinter.scbdd.com/ddinter/interact/1074348/,2026-09-09T19:18:48+00:00
1074369,1,"Ebert U, Thong NQ, Oertel R, Kirch W ""Effects of rifampicin and cimetidine on pharmacokinetics and pharmacodynamics of lamotrigine in healthy subjects."" Eur J Clin Pharmacol 56 (2000): 299-304",https://ddinter.scbdd.com/ddinter/interact/1074369/,2026-09-09T18:41:38+00:00
1074369,2,"Warrington SJ, Ankier SI, Turner P ""Evaluation of possible interactions between ethanol and trazodone or amitriptyline."" Neuropsychobiology 15 (1986): 31-7",https://ddinter.scbdd.com/ddinter/interact/1074369/,2026-09-09T18:41:38+00:00
1074369,3,"""Product Information. Fycompa (perampanel)."" Eisai Inc, Teaneck, NJ.",https://ddinter.scbdd.com/ddinter/interact/1074369/,2026-09-09T18:41:38+00:00
1074399,1,"""Product Information. Savella (milnacipran)."" Forest Pharmaceuticals, St. Louis, MO.",https://ddinter.scbdd.com/ddinter/interact/1074399/,2026-09-09T19:18:53+00:00
1074399,2,"Belcastro V, Costa C, Striano P ""Levetiracetam-associated hyponatremia."" Seizure 17 (2008): 389-90",https://ddinter.scbdd.com/ddinter/interact/1074399/,2026-09-09T19:18:53+00:00
1074399,3,"Gandhi S, McArthur E, Mamdani MM, et.al ""Antiepileptic drugs and hyponatremia in older adults: Two population-based cohort studies."" Epilepsia 57 (2016): 2067-79",https://ddinter.scbdd.com/ddinter/interact/1074399/,2026-09-09T19:18:53+00:00
1077601,1,"Castro VM, Clements CC, Murphy SN, et al. ""QT interval and antidepressant use: a cross sectional study of electronic health records."" BMJ 346 (2013): f288",https://ddinter.scbdd.com/ddinter/interact/1077601/,2026-09-09T18:41:38+00:00
1077601,2,"""Product Information. Lexapro (escitalopram)."" Forest Pharmaceuticals, St. Louis, MO.",https://ddinter.scbdd.com/ddinter/interact/1077601/,2026-09-09T18:41:38+00:00
1077601,3,"Agencia Española de Medicamentos y Productos Sanitarios Healthcare ""Centro de información online de medicamentos de la AEMPS - CIMA. Available from: URL: https://cima.aemps.es/cima/publico/home.html."" ([2018]):",https://ddinter.scbdd.com/ddinter/interact/1077601/,2026-09-09T18:41:38+00:00
1077614,1,"Frothingham R ""Rates of torsades de pointes associated with ciprofloxacin, ofloxacin, levofloxacin, gatifloxacin, and moxifloxacin."" Pharmacotherapy 21 (2001): 1468-72",https://ddinter.scbdd.com/ddinter/interact/1077614/,2026-09-09T18:41:38+00:00
1077614,2,"Gandhi PJ, Menezes PA, Vu HT, Rivera AL, Ramaswamy K ""Fluconazole- and levofloxacin-induced torsades de pointes in an intensive care unit patient."" Am J Health Syst Pharm 60 (2003): 2479-83",https://ddinter.scbdd.com/ddinter/interact/1077614/,2026-09-09T18:41:38+00:00
1077614,3,"Khazan M, Mathis AS ""Probable case of torsades de pointes induced by fluconazole."" Pharmacotherapy 22 (2002): 1632-7",https://ddinter.scbdd.com/ddinter/interact/1077614/,2026-09-09T18:41:38+00:00
1077618,1,"Iannini PB ""Cardiotoxicity of macrolides, ketolides and fluoroquinolones that prolong the QTc interval."" Expert Opin Drug Saf 1 (2002): 121-8",https://ddinter.scbdd.com/ddinter/interact/1077618/,2026-09-09T18:41:38+00:00
1077618,2,"Cerner Multum, Inc. ""Australian Product Information."" O 0",https://ddinter.scbdd.com/ddinter/interact/1077618/,2026-09-09T18:41:38+00:00
1077618,3,"""Product Information. Levaquin (levofloxacin)."" Ortho Pharmaceutical Corporation, Raritan, NJ.",https://ddinter.scbdd.com/ddinter/interact/1077618/,2026-09-09T18:41:38+00:00
1077698,1,"Kounas SP, Letsas KP, Sideris A, Efraimidis M, Kardaras F ""QT interval prolongation and torsades de pointes due to a coadministration of metronidazole and amiodarone."" Pacing Clin Electrophysiol 28 (2005): 472-3",https://ddinter.scbdd.com/ddinter/interact/1077698/,2026-09-09T18:41:43+00:00
1077698,2,"Giannini AJ, DeFrance DT ""Metronidazole and alcohol: potential for combinative abuse."" J Toxicol Clin Toxicol 20 (1983): 509-15",https://ddinter.scbdd.com/ddinter/interact/1077698/,2026-09-09T18:41:43+00:00
1077698,3,"""Product Information. Benznidazole (benznidazole)."" Everett Laboratories Inc, West Orange, NJ.",https://ddinter.scbdd.com/ddinter/interact/1077698/,2026-09-09T18:41:43+00:00
1077710,1,"Cerner Multum, Inc. ""Australian Product Information."" O 0",https://ddinter.scbdd.com/ddinter/interact/1077710/,2026-09-09T18:41:38+00:00
1077710,2,"Cerner Multum, Inc. ""UK Summary of Product Characteristics."" O 0",https://ddinter.scbdd.com/ddinter/interact/1077710/,2026-09-09T18:41:38+00:00
1077710,3,"""Product Information. Zyprexa (olanzapine)."" Lilly, Eli and Company, Indianapolis, IN.",https://ddinter.scbdd.com/ddinter/interact/1077710/,2026-09-09T18:41:38+00:00
1077751,1,"Glassman AH, Bigger JT Jr ""Antipsychotic drugs: prolonged QTc interval, torsade de pointes, and sudden death."" Am J Psychiatry 158 (2001): 1774-82",https://ddinter.scbdd.com/ddinter/interact/1077751/,2026-09-09T18:41:38+00:00
1077751,2,"EMA. European Medicines Agency. European Union ""EMA - List of medicines under additional monitoring. Available from: URL: http://www.ema.europa.eu/ema/index.jsp?curl=pages/regulation/document_listing/document_listing_000366.jsp&mid=WC0b01ac058067c852"" ([2013 - ]):",https://ddinter.scbdd.com/ddinter/interact/1077751/,2026-09-09T18:41:38+00:00
1077751,3,"Canadian Pharmacists Association ""e-CPS. Available from: URL: http://www.pharmacists.ca/function/Subscriptions/ecps.cfm?link=eCPS_quikLink.""",https://ddinter.scbdd.com/ddinter/interact/1077751/,2026-09-09T18:41:38+00:00
1077782,1,"Iannini PB ""Cardiotoxicity of macrolides, ketolides and fluoroquinolones that prolong the QTc interval."" Expert Opin Drug Saf 1 (2002): 121-8",https://ddinter.scbdd.com/ddinter/interact/1077782/,2026-09-09T18:41:44+00:00
1077782,2,"Cerner Multum, Inc. ""Australian Product Information."" O 0",https://ddinter.scbdd.com/ddinter/interact/1077782/,2026-09-09T18:41:44+00:00
1077782,3,"""Product Information. Levaquin (levofloxacin)."" Ortho Pharmaceutical Corporation, Raritan, NJ.",https://ddinter.scbdd.com/ddinter/interact/1077782/,2026-09-09T18:41:44+00:00
1077816,1,"Iannini PB ""Cardiotoxicity of macrolides, ketolides and fluoroquinolones that prolong the QTc interval."" Expert Opin Drug Saf 1 (2002): 121-8",https://ddinter.scbdd.com/ddinter/interact/1077816/,2026-09-09T18:41:39+00:00
1077816,2,"Cerner Multum, Inc. ""Australian Product Information."" O 0",https://ddinter.scbdd.com/ddinter/interact/1077816/,2026-09-09T18:41:39+00:00
1077816,3,"""Product Information. Levaquin (levofloxacin)."" Ortho Pharmaceutical Corporation, Raritan, NJ.",https://ddinter.scbdd.com/ddinter/interact/1077816/,2026-09-09T18:41:39+00:00
1080356,1,"""Product Information. Seroquel (quetiapine)."" Zeneca Pharmaceuticals, Wilmington, DE.",https://ddinter.scbdd.com/ddinter/interact/1080356/,2026-09-09T19:18:50+00:00
1080356,2,"""Product Information. Rexulti (brexpiprazole)."" Otsuka American Pharmaceuticals Inc, Rockville, MD.",https://ddinter.scbdd.com/ddinter/interact/1080356/,2026-09-09T19:18:50+00:00
1080356,3,"""Product Information. Clozaril (clozapine)."" Novartis Pharmaceuticals, East Hanover, NJ.",https://ddinter.scbdd.com/ddinter/interact/1080356/,2026-09-09T19:18:50+00:00
1080374,1,"""Product Information. Seroquel (quetiapine)."" Zeneca Pharmaceuticals, Wilmington, DE.",https://ddinter.scbdd.com/ddinter/interact/1080374/,2026-09-09T19:19:00+00:00
1080374,2,"""Product Information. Rexulti (brexpiprazole)."" Otsuka American Pharmaceuticals Inc, Rockville, MD.",https://ddinter.scbdd.com/ddinter/interact/1080374/,2026-09-09T19:19:00+00:00
1080374,3,"""Product Information. Clozaril (clozapine)."" Novartis Pharmaceuticals, East Hanover, NJ.",https://ddinter.scbdd.com/ddinter/interact/1080374/,2026-09-09T19:19:00+00:00
1086920,1,"Kounas SP, Letsas KP, Sideris A, Efraimidis M, Kardaras F ""QT interval prolongation and torsades de pointes due to a coadministration of metronidazole and amiodarone."" Pacing Clin Electrophysiol 28 (2005): 472-3",https://ddinter.scbdd.com/ddinter/interact/1086920/,2026-09-09T18:41:40+00:00
1086920,2,"Giannini AJ, DeFrance DT ""Metronidazole and alcohol: potential for combinative abuse."" J Toxicol Clin Toxicol 20 (1983): 509-15",https://ddinter.scbdd.com/ddinter/interact/1086920/,2026-09-09T18:41:40+00:00
1086920,3,"""Product Information. Benznidazole (benznidazole)."" Everett Laboratories Inc, West Orange, NJ.",https://ddinter.scbdd.com/ddinter/interact/1086920/,2026-09-09T18:41:40+00:00
1086925,1,"Kounas SP, Letsas KP, Sideris A, Efraimidis M, Kardaras F ""QT interval prolongation and torsades de pointes due to a coadministration of metronidazole and amiodarone."" Pacing Clin Electrophysiol 28 (2005): 472-3",https://ddinter.scbdd.com/ddinter/interact/1086925/,2026-09-09T19:19:03+00:00
1086925,2,"Giannini AJ, DeFrance DT ""Metronidazole and alcohol: potential for combinative abuse."" J Toxicol Clin Toxicol 20 (1983): 509-15",https://ddinter.scbdd.com/ddinter/interact/1086925/,2026-09-09T19:19:03+00:00
1086925,3,"""Product Information. Benznidazole (benznidazole)."" Everett Laboratories Inc, West Orange, NJ.",https://ddinter.scbdd.com/ddinter/interact/1086925/,2026-09-09T19:19:03+00:00
1086926,1,"Kounas SP, Letsas KP, Sideris A, Efraimidis M, Kardaras F ""QT interval prolongation and torsades de pointes due to a coadministration of metronidazole and amiodarone."" Pacing Clin Electrophysiol 28 (2005): 472-3",https://ddinter.scbdd.com/ddinter/interact/1086926/,2026-09-09T19:19:08+00:00
1086926,2,"Giannini AJ, DeFrance DT ""Metronidazole and alcohol: potential for combinative abuse."" J Toxicol Clin Toxicol 20 (1983): 509-15",https://ddinter.scbdd.com/ddinter/interact/1086926/,2026-09-09T19:19:08+00:00
1086926,3,"""Product Information. Benznidazole (benznidazole)."" Everett Laboratories Inc, West Orange, NJ.",https://ddinter.scbdd.com/ddinter/interact/1086926/,2026-09-09T19:19:08+00:00
1086965,1,"Kounas SP, Letsas KP, Sideris A, Efraimidis M, Kardaras F ""QT interval prolongation and torsades de pointes due to a coadministration of metronidazole and amiodarone."" Pacing Clin Electrophysiol 28 (2005): 472-3",https://ddinter.scbdd.com/ddinter/interact/1086965/,2026-09-09T19:19:05+00:00
1086965,2,"Giannini AJ, DeFrance DT ""Metronidazole and alcohol: potential for combinative abuse."" J Toxicol Clin Toxicol 20 (1983): 509-15",https://ddinter.scbdd.com/ddinter/interact/1086965/,2026-09-09T19:19:05+00:00
1086965,3,"""Product Information. Benznidazole (benznidazole)."" Everett Laboratories Inc, West Orange, NJ.",https://ddinter.scbdd.com/ddinter/interact/1086965/,2026-09-09T19:19:05+00:00
1086992,1,"Kounas SP, Letsas KP, Sideris A, Efraimidis M, Kardaras F ""QT interval prolongation and torsades de pointes due to a coadministration of metronidazole and amiodarone."" Pacing Clin Electrophysiol 28 (2005): 472-3",https://ddinter.scbdd.com/ddinter/interact/1086992/,2026-09-09T19:19:01+00:00
1086992,2,"Giannini AJ, DeFrance DT ""Metronidazole and alcohol: potential for combinative abuse."" J Toxicol Clin Toxicol 20 (1983): 509-15",https://ddinter.scbdd.com/ddinter/interact/1086992/,2026-09-09T19:19:01+00:00
1086992,3,"""Product Information. Benznidazole (benznidazole)."" Everett Laboratories Inc, West Orange, NJ.",https://ddinter.scbdd.com/ddinter/interact/1086992/,2026-09-09T19:19:01+00:00
1087032,1,"Kounas SP, Letsas KP, Sideris A, Efraimidis M, Kardaras F ""QT interval prolongation and torsades de pointes due to a coadministration of metronidazole and amiodarone."" Pacing Clin Electrophysiol 28 (2005): 472-3",https://ddinter.scbdd.com/ddinter/interact/1087032/,2026-09-09T19:19:07+00:00
1087032,2,"Giannini AJ, DeFrance DT ""Metronidazole and alcohol: potential for combinative abuse."" J Toxicol Clin Toxicol 20 (1983): 509-15",https://ddinter.scbdd.com/ddinter/interact/1087032/,2026-09-09T19:19:07+00:00
1087032,3,"""Product Information. Benznidazole (benznidazole)."" Everett Laboratories Inc, West Orange, NJ.",https://ddinter.scbdd.com/ddinter/interact/1087032/,2026-09-09T19:19:07+00:00
1093286,1,"Liedtke MD, Lockhart SM, Rathbun RC ""Anticonvulsant and antiretroviral interactions."" Ann Pharmacother 38 (2004): 482-9",https://ddinter.scbdd.com/ddinter/interact/1093286/,2026-09-09T19:19:10+00:00
1093286,2,"Brooks J, Daily J, Schwamm L ""Protease inhibitors and anticonvulsants."" AIDS Clin Care 9 (1997): 87,90",https://ddinter.scbdd.com/ddinter/interact/1093286/,2026-09-09T19:19:10+00:00
1093286,3,"Lim ML, Min SS, Eron JJ, et al ""Coadministration of lopinavir/ritonavir and phenytoin results in two-way drug interaction through cytochrome P-450 induction."" J Acquir Immune Defic Syndr 36 (2004): 1034-40",https://ddinter.scbdd.com/ddinter/interact/1093286/,2026-09-09T19:19:10+00:00
1093808,1,"Cerner Multum, Inc. ""Australian Product Information."" O 0",https://ddinter.scbdd.com/ddinter/interact/1093808/,2026-09-09T18:41:40+00:00
1093808,2,"Cerner Multum, Inc. ""UK Summary of Product Characteristics."" O 0",https://ddinter.scbdd.com/ddinter/interact/1093808/,2026-09-09T18:41:40+00:00
1093808,3,"""Product Information. Zyprexa (olanzapine)."" Lilly, Eli and Company, Indianapolis, IN.",https://ddinter.scbdd.com/ddinter/interact/1093808/,2026-09-09T18:41:40+00:00
1093827,1,"Cerner Multum, Inc. ""Australian Product Information."" O 0",https://ddinter.scbdd.com/ddinter/interact/1093827/,2026-09-09T19:19:17+00:00
1093827,2,"Cerner Multum, Inc. ""UK Summary of Product Characteristics."" O 0",https://ddinter.scbdd.com/ddinter/interact/1093827/,2026-09-09T19:19:17+00:00
1093827,3,"""Product Information. Zyprexa (olanzapine)."" Lilly, Eli and Company, Indianapolis, IN.",https://ddinter.scbdd.com/ddinter/interact/1093827/,2026-09-09T19:19:17+00:00
1093834,1,"""Product Information. Seroquel (quetiapine)."" Zeneca Pharmaceuticals, Wilmington, DE.",https://ddinter.scbdd.com/ddinter/interact/1093834/,2026-09-09T19:19:14+00:00
1093834,2,"""Product Information. Rexulti (brexpiprazole)."" Otsuka American Pharmaceuticals Inc, Rockville, MD.",https://ddinter.scbdd.com/ddinter/interact/1093834/,2026-09-09T19:19:14+00:00
1093834,3,"""Product Information. Clozaril (clozapine)."" Novartis Pharmaceuticals, East Hanover, NJ.",https://ddinter.scbdd.com/ddinter/interact/1093834/,2026-09-09T19:19:14+00:00
1093919,1,"""Product Information. Belsomra (suvorexant)."" Merck & Company Inc, Whitehouse Station, NJ.",https://ddinter.scbdd.com/ddinter/interact/1093919/,2026-09-09T19:19:25+00:00
1093919,2,"Divoll M, Greenblatt DJ, Lacasse Y, Shader RI ""Benzodiazepine overdosage: plasma concentrations and clinical outcome."" Psychopharmacology (Berl) 73 (1981): 381-3",https://ddinter.scbdd.com/ddinter/interact/1093919/,2026-09-09T19:19:25+00:00
1093919,3,"Grabowski BS, Cady WJ, Young WW, Emery JF ""Effects of acute alcohol administration on propranolol absorption."" Int J Clin Pharmacol Ther Toxicol 18 (1980): 317-9",https://ddinter.scbdd.com/ddinter/interact/1093919/,2026-09-09T19:19:25+00:00
1093942,1,"Kulik AV, Wilbur R ""Delirium and stereotypy from anticholinergic antiparkinson drugs."" Prog Neuropsychopharmacol Biol Psychiatry 6 (1982): 75-82",https://ddinter.scbdd.com/ddinter/interact/1093942,2026-09-09T18:42:13+00:00
1093942,2,"Mann SC, Boger WP ""Psychotropic drugs, summer heat and humidity, and hyperplexia: a danger restated."" Am J Psychiatry 135 (1978): 1097-100",https://ddinter.scbdd.com/ddinter/interact/1093942,2026-09-09T18:42:13+00:00
1093942,3,"Warnes H, Lehmann HE, Ban TA ""Adynamic ileus during psychoactive medication: a report of three fatal and five severe cases."" Can Med Assoc J 96 (1967): 1112-3",https://ddinter.scbdd.com/ddinter/interact/1093942,2026-09-09T18:42:13+00:00
1093981,1,"Cerner Multum, Inc. ""Australian Product Information."" O 0",https://ddinter.scbdd.com/ddinter/interact/1093981/,2026-09-09T19:19:19+00:00
1093981,2,"Cerner Multum, Inc. ""UK Summary of Product Characteristics."" O 0",https://ddinter.scbdd.com/ddinter/interact/1093981/,2026-09-09T19:19:19+00:00
1093981,3,"""Product Information. Zyprexa (olanzapine)."" Lilly, Eli and Company, Indianapolis, IN.",https://ddinter.scbdd.com/ddinter/interact/1093981/,2026-09-09T19:19:19+00:00
1094025,1,"Cerner Multum, Inc. ""Australian Product Information."" O 0",https://ddinter.scbdd.com/ddinter/interact/1094025/,2026-09-09T19:19:21+00:00
1094025,2,"Cerner Multum, Inc. ""UK Summary of Product Characteristics."" O 0",https://ddinter.scbdd.com/ddinter/interact/1094025/,2026-09-09T19:19:21+00:00
1094025,3,"""Product Information. Zyprexa (olanzapine)."" Lilly, Eli and Company, Indianapolis, IN.",https://ddinter.scbdd.com/ddinter/interact/1094025/,2026-09-09T19:19:21+00:00
1101107,1,"""Product Information. Belsomra (suvorexant)."" Merck & Company Inc, Whitehouse Station, NJ.",https://ddinter.scbdd.com/ddinter/interact/1101107/,2026-09-09T18:41:42+00:00
1101107,2,"Divoll M, Greenblatt DJ, Lacasse Y, Shader RI ""Benzodiazepine overdosage: plasma concentrations and clinical outcome."" Psychopharmacology (Berl) 73 (1981): 381-3",https://ddinter.scbdd.com/ddinter/interact/1101107/,2026-09-09T18:41:42+00:00
1101107,3,"Grabowski BS, Cady WJ, Young WW, Emery JF ""Effects of acute alcohol administration on propranolol absorption."" Int J Clin Pharmacol Ther Toxicol 18 (1980): 317-9",https://ddinter.scbdd.com/ddinter/interact/1101107/,2026-09-09T18:41:42+00:00
1101134,1,"Lazar JD, Wilner KD ""Drug interactions with fluconazole."" Rev Infect Dis 12 Suppl 3 (1990): s327-33",https://ddinter.scbdd.com/ddinter/interact/1101134/,2026-09-09T19:19:29+00:00
1101134,2,"Cerner Multum, Inc. ""UK Summary of Product Characteristics."" O 0",https://ddinter.scbdd.com/ddinter/interact/1101134/,2026-09-09T19:19:29+00:00
1101134,3,"Cadle RM, Zenon GJ III, Rodriguez-Barradas MC, Hamil RJ ""Fluconazole-induced symptomatic phenytoin toxicity."" Ann Pharmacother 28 (1994): 191-5",https://ddinter.scbdd.com/ddinter/interact/1101134/,2026-09-09T19:19:29+00:00
1101144,1,"Ahmad S ""Renal insensitivity to frusemide caused by chronic anticonvulsant therapy."" Br Med J 3 (1974): 657-9",https://ddinter.scbdd.com/ddinter/interact/1101144/,2026-09-09T19:19:15+00:00
1101144,2,"Fine A, Henderson IS, Morgan DR ""Malabsorption of frusemide caused by phenytoin."" Br Med J 2 (1977): 1601-2",https://ddinter.scbdd.com/ddinter/interact/1101144/,2026-09-09T19:19:15+00:00
1101144,3,"Cerner Multum, Inc. ""Australian Product Information."" O 0",https://ddinter.scbdd.com/ddinter/interact/1101144/,2026-09-09T19:19:15+00:00
1101237,1,"""Quetiapine for schizophrenia."" Med Lett Drugs Ther 39 (1997): 117-8",https://ddinter.scbdd.com/ddinter/interact/1101237,2026-09-09T18:42:12+00:00
1101237,2,"""Product Information. Seroquel (quetiapine)."" Zeneca Pharmaceuticals, Wilmington, DE.",https://ddinter.scbdd.com/ddinter/interact/1101237,2026-09-09T18:42:12+00:00
1101237,3,"Wong YWJ, Yeh C, Thyrum PT ""The effects of concomitant phenytoin administration on the steady-state pharmacokinetics of quetiapine."" J Clin Psychopharmacol 21 (2001): 89-93",https://ddinter.scbdd.com/ddinter/interact/1101237,2026-09-09T18:42:12+00:00
1101256,1,"Abajo FJ ""Phenytoin interaction with rifampicin."" Br Med J 297 (1988): 1048",https://ddinter.scbdd.com/ddinter/interact/1101256/,2026-09-09T19:19:23+00:00
1101256,2,"Kay L, Kampmann JP, Svedsen L, et al. ""Influence of rifampicin and isoniazid on the kinetics of phenytoin."" Br J Clin Pharmacol 20 (1985): 323-6",https://ddinter.scbdd.com/ddinter/interact/1101256/,2026-09-09T19:19:23+00:00
1101256,3,"Venkatesan K ""Pharmacokinetic drug interactions with rifampicin."" Clin Pharmacokinet 22 (1992): 47-65",https://ddinter.scbdd.com/ddinter/interact/1101256/,2026-09-09T19:19:23+00:00
1101263,1,"Canadian Pharmacists Association ""e-CPS. Available from: URL: http://www.pharmacists.ca/function/Subscriptions/ecps.cfm?link=eCPS_quikLink.""",https://ddinter.scbdd.com/ddinter/interact/1101263/,2026-09-09T18:41:43+00:00
1101263,2,"Cerner Multum, Inc. ""Australian Product Information."" O 0",https://ddinter.scbdd.com/ddinter/interact/1101263/,2026-09-09T18:41:43+00:00
1101263,3,"Cerner Multum, Inc. ""UK Summary of Product Characteristics."" O 0",https://ddinter.scbdd.com/ddinter/interact/1101263/,2026-09-09T18:41:43+00:00
1101307,1,"Thompson PA, Mosley CA ""Tacrolimus-phenytoin interaction."" Ann Pharmacother 30 (1996): 544",https://ddinter.scbdd.com/ddinter/interact/1101307/,2026-09-09T19:19:12+00:00
1101307,2,"Patel SJ, Kuten SA, Musick WL, Gaber AO, Monsour HP, Knight RJ ""Combination drug products for HIV - a word of caution for the transplant clinician."" Am J Transplant (2016):",https://ddinter.scbdd.com/ddinter/interact/1101307/,2026-09-09T19:19:12+00:00
1101307,3,"El-Asmar J, Gonzalez R, Bookout R, Mishra A, Kharfan-Dabaja MA ""Clotrimazole troches induce supratherapeutic blood levels of sirolimus and tacrolimus in an allogeneic hematopoietic cell-transplant recipient resulting in acute kidney injury."" Hematol Oncol Stem Cell Ther (2015):",https://ddinter.scbdd.com/ddinter/interact/1101307/,2026-09-09T19:19:12+00:00
1101329,1,"""Product Information. Brilinta (ticagrelor)."" Astra-Zeneca Pharmaceuticals, Wilmington, DE.",https://ddinter.scbdd.com/ddinter/interact/1101329/,2026-09-09T18:41:44+00:00
1101329,2,"Teng R, Mitchell P, Butler K ""Effect of rifampicin on the pharmacokinetics and pharmacodynamics of ticagrelor in healthy subjects."" Eur J Clin Pharmacol 69 (2013): 877-83",https://ddinter.scbdd.com/ddinter/interact/1101329/,2026-09-09T18:41:44+00:00
1101329,3,"Patel S, Robinson R, Burk M ""Hypertensive crisis associated with St. John's Wort."" Am J Med 112 (2002): 507-8",https://ddinter.scbdd.com/ddinter/interact/1101329/,2026-09-09T18:41:44+00:00
1101370,1,"""Product Information. Belsomra (suvorexant)."" Merck & Company Inc, Whitehouse Station, NJ.",https://ddinter.scbdd.com/ddinter/interact/1101370/,2026-09-09T19:19:27+00:00
1101370,2,"Divoll M, Greenblatt DJ, Lacasse Y, Shader RI ""Benzodiazepine overdosage: plasma concentrations and clinical outcome."" Psychopharmacology (Berl) 73 (1981): 381-3",https://ddinter.scbdd.com/ddinter/interact/1101370/,2026-09-09T19:19:27+00:00
1101370,3,"Grabowski BS, Cady WJ, Young WW, Emery JF ""Effects of acute alcohol administration on propranolol absorption."" Int J Clin Pharmacol Ther Toxicol 18 (1980): 317-9",https://ddinter.scbdd.com/ddinter/interact/1101370/,2026-09-09T19:19:27+00:00
1106051,1,"Castro VM, Clements CC, Murphy SN, et al. ""QT interval and antidepressant use: a cross sectional study of electronic health records."" BMJ 346 (2013): f288",https://ddinter.scbdd.com/ddinter/interact/1106051/,2026-09-09T18:41:43+00:00
1106051,2,"""Product Information. Lexapro (escitalopram)."" Forest Pharmaceuticals, St. Louis, MO.",https://ddinter.scbdd.com/ddinter/interact/1106051/,2026-09-09T18:41:43+00:00
1106051,3,"Agencia Española de Medicamentos y Productos Sanitarios Healthcare ""Centro de información online de medicamentos de la AEMPS - CIMA. Available from: URL: https://cima.aemps.es/cima/publico/home.html."" ([2018]):",https://ddinter.scbdd.com/ddinter/interact/1106051/,2026-09-09T18:41:43+00:00
1106071,1,"Sala M, Vicentini A, Brambilla P, et al. ""QT interval prolongation related to psychoactive drug treatment: a comparison of monotherapy versus polytherapy."" Ann Gen Psychiatry 4 (2005): 1",https://ddinter.scbdd.com/ddinter/interact/1106071/,2026-09-09T19:19:34+00:00
1106071,2,"Cerner Multum, Inc. ""Australian Product Information."" O 0",https://ddinter.scbdd.com/ddinter/interact/1106071/,2026-09-09T19:19:34+00:00
1106071,3,"Cerner Multum, Inc. ""UK Summary of Product Characteristics."" O 0",https://ddinter.scbdd.com/ddinter/interact/1106071/,2026-09-09T19:19:34+00:00
1106072,1,"Glassman AH, Bigger JT Jr ""Antipsychotic drugs: prolonged QTc interval, torsade de pointes, and sudden death."" Am J Psychiatry 158 (2001): 1774-82",https://ddinter.scbdd.com/ddinter/interact/1106072/,2026-09-09T19:19:37+00:00
1106072,2,"EMA. European Medicines Agency. European Union ""EMA - List of medicines under additional monitoring. Available from: URL: http://www.ema.europa.eu/ema/index.jsp?curl=pages/regulation/document_listing/document_listing_000366.jsp&mid=WC0b01ac058067c852"" ([2013 - ]):",https://ddinter.scbdd.com/ddinter/interact/1106072/,2026-09-09T19:19:37+00:00
1106072,3,"Canadian Pharmacists Association ""e-CPS. Available from: URL: http://www.pharmacists.ca/function/Subscriptions/ecps.cfm?link=eCPS_quikLink.""",https://ddinter.scbdd.com/ddinter/interact/1106072/,2026-09-09T19:19:37+00:00
1106084,1,"""Product Information. Seroquel (quetiapine)."" Zeneca Pharmaceuticals, Wilmington, DE.",https://ddinter.scbdd.com/ddinter/interact/1106084/,2026-09-09T19:19:32+00:00
1106084,2,"""Product Information. Rexulti (brexpiprazole)."" Otsuka American Pharmaceuticals Inc, Rockville, MD.",https://ddinter.scbdd.com/ddinter/interact/1106084/,2026-09-09T19:19:32+00:00
1106084,3,"""Product Information. Clozaril (clozapine)."" Novartis Pharmaceuticals, East Hanover, NJ.",https://ddinter.scbdd.com/ddinter/interact/1106084/,2026-09-09T19:19:32+00:00
1106175,1,"""Product Information. Seroquel (quetiapine)."" Zeneca Pharmaceuticals, Wilmington, DE.",https://ddinter.scbdd.com/ddinter/interact/1106175/,2026-09-09T19:19:36+00:00
1106175,2,"""Product Information. Rexulti (brexpiprazole)."" Otsuka American Pharmaceuticals Inc, Rockville, MD.",https://ddinter.scbdd.com/ddinter/interact/1106175/,2026-09-09T19:19:36+00:00
1106175,3,"""Product Information. Clozaril (clozapine)."" Novartis Pharmaceuticals, East Hanover, NJ.",https://ddinter.scbdd.com/ddinter/interact/1106175/,2026-09-09T19:19:36+00:00
1106185,1,"""Quetiapine for schizophrenia."" Med Lett Drugs Ther 39 (1997): 117-8",https://ddinter.scbdd.com/ddinter/interact/1106185,2026-09-09T18:42:14+00:00
1106185,2,"""Product Information. Seroquel (quetiapine)."" Zeneca Pharmaceuticals, Wilmington, DE.",https://ddinter.scbdd.com/ddinter/interact/1106185,2026-09-09T18:42:14+00:00
1106185,3,"Wong YWJ, Yeh C, Thyrum PT ""The effects of concomitant phenytoin administration on the steady-state pharmacokinetics of quetiapine."" J Clin Psychopharmacol 21 (2001): 89-93",https://ddinter.scbdd.com/ddinter/interact/1106185,2026-09-09T18:42:14+00:00
1106216,1,"""Product Information. Prograf (tacrolimus)."" Fujisawa, Deerfield, IL.",https://ddinter.scbdd.com/ddinter/interact/1106216/,2026-09-09T19:19:30+00:00
1106216,2,"""Product Information. Rapamune (sirolimus)"" Wyeth-Ayerst Laboratories, Philadelphia, PA.",https://ddinter.scbdd.com/ddinter/interact/1106216/,2026-09-09T19:19:30+00:00
1106216,3,"Warrington SJ, Ankier SI, Turner P ""Evaluation of possible interactions between ethanol and trazodone or amitriptyline."" Neuropsychobiology 15 (1986): 31-7",https://ddinter.scbdd.com/ddinter/interact/1106216/,2026-09-09T19:19:30+00:00
1106267,1,"Glassman AH, Bigger JT Jr ""Antipsychotic drugs: prolonged QTc interval, torsade de pointes, and sudden death."" Am J Psychiatry 158 (2001): 1774-82",https://ddinter.scbdd.com/ddinter/interact/1106267/,2026-09-09T19:19:39+00:00
1106267,2,"EMA. European Medicines Agency. European Union ""EMA - List of medicines under additional monitoring. Available from: URL: http://www.ema.europa.eu/ema/index.jsp?curl=pages/regulation/document_listing/document_listing_000366.jsp&mid=WC0b01ac058067c852"" ([2013 - ]):",https://ddinter.scbdd.com/ddinter/interact/1106267/,2026-09-09T19:19:39+00:00
1106267,3,"Canadian Pharmacists Association ""e-CPS. Available from: URL: http://www.pharmacists.ca/function/Subscriptions/ecps.cfm?link=eCPS_quikLink.""",https://ddinter.scbdd.com/ddinter/interact/1106267/,2026-09-09T19:19:39+00:00
1106825,1,"Murphy BF, Whitworth JA, Kincaid-Smith P ""Renal insufficiency with combinations of angiotensin converting enzyme inhibitors and diuretics."" Br Med J 288 (1984): 844-5",https://ddinter.scbdd.com/ddinter/interact/1106825/,2026-09-09T19:19:44+00:00
1106825,2,"Sudoh T, Fujimura A, Shiga T, et al. ""Influence of lisinopril on urinary electrolytes excretion after furosemide in healthy subjects."" J Clin Pharmacol 33 (1993): 640-3",https://ddinter.scbdd.com/ddinter/interact/1106825/,2026-09-09T19:19:44+00:00
1106825,3,"""Product Information. Lexxel (enalapril-felodipine)."" Astra Pharmaceuticals, Wayne, PA.",https://ddinter.scbdd.com/ddinter/interact/1106825/,2026-09-09T19:19:44+00:00
1106833,1,"""Product Information. Micardis (telmisartan)."" Boehringer-Ingelheim, Ridgefield, CT.",https://ddinter.scbdd.com/ddinter/interact/1106833/,2026-09-09T19:19:42+00:00
1106833,2,"""Product Information. Diovan (valsartan)."" Novartis Pharmaceuticals, East Hanover, NJ.",https://ddinter.scbdd.com/ddinter/interact/1106833/,2026-09-09T19:19:42+00:00
1106833,3,"""Product Information. Avapro (irbesartan)."" Bristol-Myers Squibb, Princeton, NJ.",https://ddinter.scbdd.com/ddinter/interact/1106833/,2026-09-09T19:19:42+00:00
1106898,1,"Perazella MA ""Drug-induced hyperkalemia: old culprits and new offenders."" Am J Med 109 (2000): 307-14",https://ddinter.scbdd.com/ddinter/interact/1106898/,2026-09-09T19:19:50+00:00
1106898,2,"Cerner Multum, Inc. ""UK Summary of Product Characteristics."" O 0",https://ddinter.scbdd.com/ddinter/interact/1106898/,2026-09-09T19:19:50+00:00
1106898,3,"Hooks MA ""Tacrolimus, a new immunosuppressant--a review of the literature."" Ann Pharmacother 28 (1994): 501-11",https://ddinter.scbdd.com/ddinter/interact/1106898/,2026-09-09T19:19:50+00:00
1108765,1,"Cerner Multum, Inc. ""UK Summary of Product Characteristics."" O 0",https://ddinter.scbdd.com/ddinter/interact/1108765/,2026-09-09T18:41:46+00:00
1108765,2,"""Product Information. Rifadin (rifampin)."" Hoechst Marion-Roussel Inc, Kansas City, MO.",https://ddinter.scbdd.com/ddinter/interact/1108765/,2026-09-09T18:41:46+00:00
1108765,3,"Warrington SJ, Ankier SI, Turner P ""Evaluation of possible interactions between ethanol and trazodone or amitriptyline."" Neuropsychobiology 15 (1986): 31-7",https://ddinter.scbdd.com/ddinter/interact/1108765/,2026-09-09T18:41:46+00:00
1108845,1,"Canadian Pharmacists Association ""e-CPS. Available from: URL: http://www.pharmacists.ca/function/Subscriptions/ecps.cfm?link=eCPS_quikLink.""",https://ddinter.scbdd.com/ddinter/interact/1108845/,2026-09-09T18:41:46+00:00
1108845,2,"Cerner Multum, Inc. ""Australian Product Information."" O 0",https://ddinter.scbdd.com/ddinter/interact/1108845/,2026-09-09T18:41:46+00:00
1108845,3,"Cerner Multum, Inc. ""UK Summary of Product Characteristics."" O 0",https://ddinter.scbdd.com/ddinter/interact/1108845/,2026-09-09T18:41:46+00:00
1108863,1,"Everett DW, Chando TJ, Didonato GC, Singhvi SM, Pan HY, Weinstein SH ""Biotransformation of pravastatin sodium in humans."" Drug Metab Dispos 19 (1991): 740-8",https://ddinter.scbdd.com/ddinter/interact/1108863/,2026-09-09T19:19:46+00:00
1108863,2,"Kyrklund C, Backman JT, Kivisto KT, Neuvonen M, Laitila J, Neuvonen PJ ""Rifampin greatly reduces plasma simvastatin and simvastatin acid concentrations."" Clin Pharmacol Ther 68 (2000): 592-7",https://ddinter.scbdd.com/ddinter/interact/1108863/,2026-09-09T19:19:46+00:00
1108863,3,"Bogman K, Peyer AK, Torok M, Kusters E, Drewe J ""HMG-CoA reductase inhibitors and P-glycoprotein modulation."" Br J Pharmacol 132 (2001): 1183-92",https://ddinter.scbdd.com/ddinter/interact/1108863/,2026-09-09T19:19:46+00:00
1108872,1,"Iwasaki K, Matsuda H, Nagase K, Shiraga T, Tokuma Y, Uchida K ""Effects of twenty-three drugs on the metabolism of FK506 by human liver microsomes."" Res Commun Chem Pathol Pharmacol 82 (1993): 209-16",https://ddinter.scbdd.com/ddinter/interact/1108872/,2026-09-09T19:19:51+00:00
1108872,2,"Bhaloo S, Prasad GV ""Severe reduction in tacrolimus levels with rifampin despite multiple cytochrome P450 inhibitors: a case report."" Transplant Proc 35 (2003): 2449-51",https://ddinter.scbdd.com/ddinter/interact/1108872/,2026-09-09T19:19:51+00:00
1108872,3,"Furlan V, Perello L, Jacquemin E, Debray D, Taburet AM ""Interactions between FK506 and rifampin or erythromycin in pediatric liver recipients."" Transplantation 59 (1995): 1217-8",https://ddinter.scbdd.com/ddinter/interact/1108872/,2026-09-09T19:19:51+00:00
1108883,1,"""Product Information. Brilinta (ticagrelor)."" Astra-Zeneca Pharmaceuticals, Wilmington, DE.",https://ddinter.scbdd.com/ddinter/interact/1108883/,2026-09-09T18:41:46+00:00
1108883,2,"Teng R, Mitchell P, Butler K ""Effect of rifampicin on the pharmacokinetics and pharmacodynamics of ticagrelor in healthy subjects."" Eur J Clin Pharmacol 69 (2013): 877-83",https://ddinter.scbdd.com/ddinter/interact/1108883/,2026-09-09T18:41:46+00:00
1108883,3,"Patel S, Robinson R, Burk M ""Hypertensive crisis associated with St. John's Wort."" Am J Med 112 (2002): 507-8",https://ddinter.scbdd.com/ddinter/interact/1108883/,2026-09-09T18:41:46+00:00
1109399,1,"Bannister SJ, Houser VP, Hulse JD, Kisicki JC, Rasmussen JG ""Evaluation of the potential for interactions of paroxetine with diazepam, cimetidine, warfarin, and digoxin."" Acta Psychiatr Scand Suppl 350 (1989): 102-6",https://ddinter.scbdd.com/ddinter/interact/1109399/,2026-09-09T18:41:46+00:00
1109399,2,"Skop BP, Brown TM ""Potential vascular and bleeding complications of treatment with selective serotonin reuptake inhibitors."" Psychosomatics 37 (1996): 12-6",https://ddinter.scbdd.com/ddinter/interact/1109399/,2026-09-09T18:41:46+00:00
1109399,3,"Settle EC ""Antidepressant drugs: disturbing and potentially dangerous adverse effects."" J Clin Psychiatry 59 Suppl 16 (1998): 25-30",https://ddinter.scbdd.com/ddinter/interact/1109399/,2026-09-09T18:41:46+00:00
1109409,1,"Cerner Multum, Inc. ""Australian Product Information."" O 0",https://ddinter.scbdd.com/ddinter/interact/1109409/,2026-09-09T18:41:46+00:00
1109409,2,"Cerner Multum, Inc. ""UK Summary of Product Characteristics."" O 0",https://ddinter.scbdd.com/ddinter/interact/1109409/,2026-09-09T18:41:46+00:00
1109409,3,"""Product Information. Xarelto (rivaroxaban)."" Bayer Inc, Toronto, IA.",https://ddinter.scbdd.com/ddinter/interact/1109409/,2026-09-09T18:41:46+00:00
1109410,1,"Bannister SJ, Houser VP, Hulse JD, Kisicki JC, Rasmussen JG ""Evaluation of the potential for interactions of paroxetine with diazepam, cimetidine, warfarin, and digoxin."" Acta Psychiatr Scand Suppl 350 (1989): 102-6",https://ddinter.scbdd.com/ddinter/interact/1109410/,2026-09-09T18:41:46+00:00
1109410,2,"Skop BP, Brown TM ""Potential vascular and bleeding complications of treatment with selective serotonin reuptake inhibitors."" Psychosomatics 37 (1996): 12-6",https://ddinter.scbdd.com/ddinter/interact/1109410/,2026-09-09T18:41:46+00:00
1109410,3,"Settle EC ""Antidepressant drugs: disturbing and potentially dangerous adverse effects."" J Clin Psychiatry 59 Suppl 16 (1998): 25-30",https://ddinter.scbdd.com/ddinter/interact/1109410/,2026-09-09T18:41:46+00:00
1109429,1,"""Product Information. Xarelto (rivaroxaban)."" Bayer Inc, Toronto, IA.",https://ddinter.scbdd.com/ddinter/interact/1109429/,2026-09-09T18:42:02+00:00
1109479,1,"""Product Information. Xarelto (rivaroxaban)."" Bayer Inc, Toronto, IA.",https://ddinter.scbdd.com/ddinter/interact/1109479/,2026-09-09T18:41:48+00:00
1109479,2,"Hooks MA ""Tacrolimus, a new immunosuppressant--a review of the literature."" Ann Pharmacother 28 (1994): 501-11",https://ddinter.scbdd.com/ddinter/interact/1109479/,2026-09-09T18:41:48+00:00
1109479,3,"""Product Information. Prograf (tacrolimus)."" Fujisawa, Deerfield, IL.",https://ddinter.scbdd.com/ddinter/interact/1109479/,2026-09-09T18:41:48+00:00
1109486,1,"""Product Information. Xarelto (rivaroxaban)."" Bayer Inc, Toronto, IA.",https://ddinter.scbdd.com/ddinter/interact/1109486/,2026-09-09T18:41:47+00:00
1109505,1,"Bannister SJ, Houser VP, Hulse JD, Kisicki JC, Rasmussen JG ""Evaluation of the potential for interactions of paroxetine with diazepam, cimetidine, warfarin, and digoxin."" Acta Psychiatr Scand Suppl 350 (1989): 102-6",https://ddinter.scbdd.com/ddinter/interact/1109505/,2026-09-09T18:41:47+00:00
1109505,2,"Skop BP, Brown TM ""Potential vascular and bleeding complications of treatment with selective serotonin reuptake inhibitors."" Psychosomatics 37 (1996): 12-6",https://ddinter.scbdd.com/ddinter/interact/1109505/,2026-09-09T18:41:47+00:00
1109505,3,"Settle EC ""Antidepressant drugs: disturbing and potentially dangerous adverse effects."" J Clin Psychiatry 59 Suppl 16 (1998): 25-30",https://ddinter.scbdd.com/ddinter/interact/1109505/,2026-09-09T18:41:47+00:00
1110287,1,"""Product Information. Crestor (rosuvastatin)."" AstraZeneca Pharma Inc, Mississauga, ON.",https://ddinter.scbdd.com/ddinter/interact/1110287/,2026-09-09T19:19:56+00:00
1110317,1,"EMEA. European Medicines Agency ""EPARs. European Union Public Assessment Reports. Available from: URL: http://www.ema.europa.eu/ema/index.jsp?curl=pages/includes/medicines/medicines_landingpage.jsp&mid.""",https://ddinter.scbdd.com/ddinter/interact/1110317/,2026-09-09T19:19:48+00:00
1110317,2,"Pharmaceutical Society of Australia ""APPGuide online. Australian prescription products guide online. Available from: URL: http://www.appco.com.au/appguide/default.asp."" ([2006]):",https://ddinter.scbdd.com/ddinter/interact/1110317/,2026-09-09T19:19:48+00:00
1110317,3,"Carrion C, Espinosa E, Herrero A, Garcia B ""Possible vincristine-isoniazid interaction."" Ann Pharmacother 29 (1995): 201",https://ddinter.scbdd.com/ddinter/interact/1110317/,2026-09-09T19:19:48+00:00
1113456,1,"Watkins JL, Atkinson BJ, Pagliaro LC ""Rhabdomyolysis in a prostate cancer patient taking ketoconazole and simvastatin: case report and review of the literature."" Ann Pharmacother 45 (2011): e9",https://ddinter.scbdd.com/ddinter/interact/1113456/,2026-09-09T19:19:53+00:00
1113456,2,"Lomaestro BM, Piatek MA ""Update on drug interactions with azole antifungal agents."" Ann Pharmacother 32 (1998): 915-28",https://ddinter.scbdd.com/ddinter/interact/1113456/,2026-09-09T19:19:53+00:00
1113456,3,"Gilad R, Lampl Y ""Rhabdomyolysis induced by simvastatin and ketoconazole treatment."" Clin Neuropharmacol 22 (1999): 295-7",https://ddinter.scbdd.com/ddinter/interact/1113456/,2026-09-09T19:19:53+00:00
1113493,1,"""Product Information. Prograf (tacrolimus)."" Fujisawa, Deerfield, IL.",https://ddinter.scbdd.com/ddinter/interact/1113493/,2026-09-09T19:19:41+00:00
1113493,2,"Kotanko P, Kirisits W, Skrabal F ""Rhabdomyolysis and acute renal graft impairment in a patient treated with simvastatin, tacrolimus, and fusidic Acid."" Nephron 90 (2002): 234-5",https://ddinter.scbdd.com/ddinter/interact/1113493/,2026-09-09T19:19:41+00:00
1113493,3,"Barshes NR, Goodpastor SE, Goss JA ""Sirolimus-atorvastatin drug interaction in the pancreatic islet transplant recipient."" Transplantation 76 (2003): 1649-50",https://ddinter.scbdd.com/ddinter/interact/1113493/,2026-09-09T19:19:41+00:00
1113504,1,"""Product Information. Brilinta (ticagrelor)."" Astra-Zeneca Pharmaceuticals, Wilmington, DE.",https://ddinter.scbdd.com/ddinter/interact/1113504/,2026-09-09T18:41:48+00:00
1113504,2,"Cerner Multum, Inc. ""UK Summary of Product Characteristics."" O 0",https://ddinter.scbdd.com/ddinter/interact/1113504/,2026-09-09T18:41:48+00:00
1113504,3,"Richter WO, Jacob BG, Schwandt P ""Interaction between fibre and lovastatin."" Lancet 338 (1991): 706",https://ddinter.scbdd.com/ddinter/interact/1113504/,2026-09-09T18:41:48+00:00
1115497,1,"Castro VM, Clements CC, Murphy SN, et al. ""QT interval and antidepressant use: a cross sectional study of electronic health records."" BMJ 346 (2013): f288",https://ddinter.scbdd.com/ddinter/interact/1115497/,2026-09-09T18:41:48+00:00
1115497,2,"""Product Information. Lexapro (escitalopram)."" Forest Pharmaceuticals, St. Louis, MO.",https://ddinter.scbdd.com/ddinter/interact/1115497/,2026-09-09T18:41:48+00:00
1115497,3,"Agencia Española de Medicamentos y Productos Sanitarios Healthcare ""Centro de información online de medicamentos de la AEMPS - CIMA. Available from: URL: https://cima.aemps.es/cima/publico/home.html."" ([2018]):",https://ddinter.scbdd.com/ddinter/interact/1115497/,2026-09-09T18:41:48+00:00
1115520,1,"""Product Information. VFEND (voriconazole)."" Pfizer U.S. Pharmaceuticals, New York, NY.",https://ddinter.scbdd.com/ddinter/interact/1115520/,2026-09-09T19:19:55+00:00
1115520,2,"Katari SR, Magnone M, Shapiro R, et al ""Clinical features of acute reversible tacrolimus (FK 506) nephrotoxicity in kidney transplant recipients."" Clin Transplant 11 (1997): 237-42",https://ddinter.scbdd.com/ddinter/interact/1115520/,2026-09-09T19:19:55+00:00
1115520,3,"Assan R, Fredj G, Larger E, Feutren G, Bismuth H ""FK 506/fluconazole interaction enhances FK 506 nephrotoxicity."" Diabete Metab 20 (1994): 49-52",https://ddinter.scbdd.com/ddinter/interact/1115520/,2026-09-09T19:19:55+00:00
1115544,1,"Jori A, Carrara MC ""On the mechanism of the hyperglycaemic effect of chlorpromazine."" J Pharm Pharmacol 18 (1966): 623-4",https://ddinter.scbdd.com/ddinter/interact/1115544,2026-09-09T18:42:14+00:00
1115544,2,"""Product Information. Dymelor (acetohexamide)"" Lilly, Eli and Company, Indianapolis, IN.",https://ddinter.scbdd.com/ddinter/interact/1115544,2026-09-09T18:42:14+00:00
1115544,3,"""Product Information. Thorazine (chlorpromazine)."" SmithKline Beecham, Philadelphia, PA.",https://ddinter.scbdd.com/ddinter/interact/1115544,2026-09-09T18:42:14+00:00
1115651,1,"Cerner Multum, Inc. ""UK Summary of Product Characteristics."" O 0",https://ddinter.scbdd.com/ddinter/interact/1115651/,2026-09-09T18:41:48+00:00
1115651,2,"""Product Information. Brilinta (ticagrelor)."" Astra-Zeneca Pharmaceuticals, Wilmington, DE.",https://ddinter.scbdd.com/ddinter/interact/1115651/,2026-09-09T18:41:48+00:00
1115691,1,"EMA. European Medicines Agency. European Union ""EMA - List of medicines under additional monitoring. Available from: URL: http://www.ema.europa.eu/ema/index.jsp?curl=pages/regulation/document_listing/document_listing_000366.jsp&mid=WC0b01ac058067c852"" ([2013 - ]):",https://ddinter.scbdd.com/ddinter/interact/1115691/,2026-09-09T19:20:03+00:00
1115691,2,"Witchel HJ, Hancox JC, Nutt DJ ""Psychotropic drugs, cardiac arrhythmia, and sudden death."" J Clin Psychopharmacol 23 (2003): 58-77",https://ddinter.scbdd.com/ddinter/interact/1115691/,2026-09-09T19:20:03+00:00
1115691,3,"Iannini PB ""Cardiotoxicity of macrolides, ketolides and fluoroquinolones that prolong the QTc interval."" Expert Opin Drug Saf 1 (2002): 121-8",https://ddinter.scbdd.com/ddinter/interact/1115691/,2026-09-09T19:20:03+00:00
1118681,1,"Bannister SJ, Houser VP, Hulse JD, Kisicki JC, Rasmussen JG ""Evaluation of the potential for interactions of paroxetine with diazepam, cimetidine, warfarin, and digoxin."" Acta Psychiatr Scand Suppl 350 (1989): 102-6",https://ddinter.scbdd.com/ddinter/interact/1118681/,2026-09-09T18:41:48+00:00
1118681,2,"Skop BP, Brown TM ""Potential vascular and bleeding complications of treatment with selective serotonin reuptake inhibitors."" Psychosomatics 37 (1996): 12-6",https://ddinter.scbdd.com/ddinter/interact/1118681/,2026-09-09T18:41:48+00:00
1118681,3,"Settle EC ""Antidepressant drugs: disturbing and potentially dangerous adverse effects."" J Clin Psychiatry 59 Suppl 16 (1998): 25-30",https://ddinter.scbdd.com/ddinter/interact/1118681/,2026-09-09T18:41:48+00:00
1118695,1,"Cerner Multum, Inc. ""UK Summary of Product Characteristics."" O 0",https://ddinter.scbdd.com/ddinter/interact/1118695/,2026-09-09T18:41:49+00:00
1118695,2,"""Product Information. Brilinta (ticagrelor)."" Astra-Zeneca Pharmaceuticals, Wilmington, DE.",https://ddinter.scbdd.com/ddinter/interact/1118695/,2026-09-09T18:41:49+00:00
1118696,1,"Bannister SJ, Houser VP, Hulse JD, Kisicki JC, Rasmussen JG ""Evaluation of the potential for interactions of paroxetine with diazepam, cimetidine, warfarin, and digoxin."" Acta Psychiatr Scand Suppl 350 (1989): 102-6",https://ddinter.scbdd.com/ddinter/interact/1118696/,2026-09-09T18:41:49+00:00
1118696,2,"Skop BP, Brown TM ""Potential vascular and bleeding complications of treatment with selective serotonin reuptake inhibitors."" Psychosomatics 37 (1996): 12-6",https://ddinter.scbdd.com/ddinter/interact/1118696/,2026-09-09T18:41:49+00:00
1118696,3,"Settle EC ""Antidepressant drugs: disturbing and potentially dangerous adverse effects."" J Clin Psychiatry 59 Suppl 16 (1998): 25-30",https://ddinter.scbdd.com/ddinter/interact/1118696/,2026-09-09T18:41:49+00:00
1118713,1,"Cerner Multum, Inc. ""UK Summary of Product Characteristics."" O 0",https://ddinter.scbdd.com/ddinter/interact/1118713/,2026-09-09T18:41:50+00:00
1118713,2,"""Product Information. Brilinta (ticagrelor)."" Astra-Zeneca Pharmaceuticals, Wilmington, DE.",https://ddinter.scbdd.com/ddinter/interact/1118713/,2026-09-09T18:41:50+00:00
1118773,1,"Bannister SJ, Houser VP, Hulse JD, Kisicki JC, Rasmussen JG ""Evaluation of the potential for interactions of paroxetine with diazepam, cimetidine, warfarin, and digoxin."" Acta Psychiatr Scand Suppl 350 (1989): 102-6",https://ddinter.scbdd.com/ddinter/interact/1118773/,2026-09-09T18:41:50+00:00
1118773,2,"Skop BP, Brown TM ""Potential vascular and bleeding complications of treatment with selective serotonin reuptake inhibitors."" Psychosomatics 37 (1996): 12-6",https://ddinter.scbdd.com/ddinter/interact/1118773/,2026-09-09T18:41:50+00:00
1118773,3,"Settle EC ""Antidepressant drugs: disturbing and potentially dangerous adverse effects."" J Clin Psychiatry 59 Suppl 16 (1998): 25-30",https://ddinter.scbdd.com/ddinter/interact/1118773/,2026-09-09T18:41:50+00:00
1123066,1,"Insel TR, Roy BF, Cohen RM, Murphy DL ""Possible development of the serotonin syndrome in man."" Am J Psychiatry 139 (1982): 954-5",https://ddinter.scbdd.com/ddinter/interact/1123066/,2026-09-09T18:41:50+00:00
1123066,2,"Smith DL, Wenegrat BG ""A case report of serotonin syndrome associated with combined nefazodone and fluoxetine."" J Clin Psychiatry 61 (2000): 146",https://ddinter.scbdd.com/ddinter/interact/1123066/,2026-09-09T18:41:50+00:00
1123066,3,"Gilman AG, Rall TW, Nies AS, Taylor P, eds. ""Goodman and Gilman's the Pharmacological Basis of Therapeutics. 8th ed."" New York, NY: Pergamon Press Inc. (1990):",https://ddinter.scbdd.com/ddinter/interact/1123066/,2026-09-09T18:41:50+00:00
1123083,1,"""Product Information. Effexor (venlafaxine)."" Wyeth-Ayerst Laboratories, Philadelphia, PA.",https://ddinter.scbdd.com/ddinter/interact/1123083/,2026-09-09T19:19:58+00:00
1123083,2,"Cerner Multum, Inc. ""Australian Product Information."" O 0",https://ddinter.scbdd.com/ddinter/interact/1123083/,2026-09-09T19:19:58+00:00
1123083,3,"Cerner Multum, Inc. ""UK Summary of Product Characteristics."" O 0",https://ddinter.scbdd.com/ddinter/interact/1123083/,2026-09-09T19:19:58+00:00
1123097,1,"""Product Information. Savella (milnacipran)."" Forest Pharmaceuticals, St. Louis, MO.",https://ddinter.scbdd.com/ddinter/interact/1123097/,2026-09-09T19:20:01+00:00
1123097,2,"Jackson C, Carson W, Markowitz J, Mintzer J ""SIADH associated with fluoxetine and sertraline therapy."" Am J Psychiatry 152 (1995): 809-10",https://ddinter.scbdd.com/ddinter/interact/1123097/,2026-09-09T19:20:01+00:00
1123097,3,"Robinson D, Brooks J, Mahler E, Sheikh JI ""SIADH--compulsive drinking or SSRI influence?"" Ann Pharmacother 30 (1996): 885",https://ddinter.scbdd.com/ddinter/interact/1123097/,2026-09-09T19:20:01+00:00
1123115,1,"""Product Information. Prozac (fluoxetine)."" Dista Products Company, Indianapolis, IN.",https://ddinter.scbdd.com/ddinter/interact/1123115/,2026-09-09T19:20:00+00:00
1123115,2,"""Product Information. Paxil (paroxetine)."" GlaxoSmithKline, Research Triangle Park, NC.",https://ddinter.scbdd.com/ddinter/interact/1123115/,2026-09-09T19:20:00+00:00
1123115,3,"Pai VB, Kelly MW ""Bruising associated with the use of fluoxetine."" Ann Pharmacother 30 (1996): 786-8",https://ddinter.scbdd.com/ddinter/interact/1123115/,2026-09-09T19:20:00+00:00
1126563,1,"Castro VM, Clements CC, Murphy SN, et al. ""QT interval and antidepressant use: a cross sectional study of electronic health records."" BMJ 346 (2013): f288",https://ddinter.scbdd.com/ddinter/interact/1126563/,2026-09-09T18:41:51+00:00
1126563,2,"""Product Information. Lexapro (escitalopram)."" Forest Pharmaceuticals, St. Louis, MO.",https://ddinter.scbdd.com/ddinter/interact/1126563/,2026-09-09T18:41:51+00:00
1126563,3,"Agencia Española de Medicamentos y Productos Sanitarios Healthcare ""Centro de información online de medicamentos de la AEMPS - CIMA. Available from: URL: https://cima.aemps.es/cima/publico/home.html."" ([2018]):",https://ddinter.scbdd.com/ddinter/interact/1126563/,2026-09-09T18:41:51+00:00
1126577,1,"""Product Information. Savella (milnacipran)."" Forest Pharmaceuticals, St. Louis, MO.",https://ddinter.scbdd.com/ddinter/interact/1126577/,2026-09-09T18:41:51+00:00
1126577,2,"Jackson C, Carson W, Markowitz J, Mintzer J ""SIADH associated with fluoxetine and sertraline therapy."" Am J Psychiatry 152 (1995): 809-10",https://ddinter.scbdd.com/ddinter/interact/1126577/,2026-09-09T18:41:51+00:00
1126577,3,"Robinson D, Brooks J, Mahler E, Sheikh JI ""SIADH--compulsive drinking or SSRI influence?"" Ann Pharmacother 30 (1996): 885",https://ddinter.scbdd.com/ddinter/interact/1126577/,2026-09-09T18:41:51+00:00
1126597,1,"""Product Information. Prozac (fluoxetine)."" Dista Products Company, Indianapolis, IN.",https://ddinter.scbdd.com/ddinter/interact/1126597/,2026-09-09T18:41:51+00:00
1126597,2,"""Product Information. Paxil (paroxetine)."" GlaxoSmithKline, Research Triangle Park, NC.",https://ddinter.scbdd.com/ddinter/interact/1126597/,2026-09-09T18:41:51+00:00
1126597,3,"Pai VB, Kelly MW ""Bruising associated with the use of fluoxetine."" Ann Pharmacother 30 (1996): 786-8",https://ddinter.scbdd.com/ddinter/interact/1126597/,2026-09-09T18:41:51+00:00
